seed,split_method,variant,sequence_hash,sequence_length,experiment_profiles,valid_positions,absolute_error_sum,mae
42,grouped,CNN + Bi-LSTM,038ba5ea2414,177,2,200,33.5941858291626,0.167970929145813
42,grouped,CNN + Bi-LSTM,04396fb86ca3,177,2,200,37.078208923339844,0.18539104461669922
42,grouped,CNN + Bi-LSTM,0460275d933c,177,2,200,36.5223388671875,0.1826116943359375
42,grouped,CNN + Bi-LSTM,0856aa9fe059,177,1,100,18.922775268554688,0.18922775268554687
42,grouped,CNN + Bi-LSTM,0876f2ed2e05,177,1,100,23.307146072387695,0.23307146072387697
42,grouped,CNN + Bi-LSTM,0aeb79f0e26d,177,2,200,46.03141403198242,0.2301570701599121
42,grouped,CNN + Bi-LSTM,0e1a1d6242c4,170,2,206,56.21465492248535,0.27288667438099684
42,grouped,CNN + Bi-LSTM,0fe17dbd51e1,177,2,200,45.88835525512695,0.22944177627563478
42,grouped,CNN + Bi-LSTM,11ab3bac551f,177,2,200,38.83724594116211,0.19418622970581054
42,grouped,CNN + Bi-LSTM,11ca36d1390c,177,1,100,16.734220504760742,0.1673422050476074
42,grouped,CNN + Bi-LSTM,1252f2b6c2fd,177,2,200,36.29657745361328,0.1814828872680664
42,grouped,CNN + Bi-LSTM,126043caf177,177,2,200,34.76025199890137,0.17380125999450682
42,grouped,CNN + Bi-LSTM,14d0ee71eb16,177,2,200,42.10929870605469,0.21054649353027344
42,grouped,CNN + Bi-LSTM,173d7c383542,177,1,100,29.50087547302246,0.2950087547302246
42,grouped,CNN + Bi-LSTM,1bbd9d595bb3,177,2,200,42.9066047668457,0.2145330238342285
42,grouped,CNN + Bi-LSTM,1ce49a7a944b,177,2,200,38.083879470825195,0.19041939735412597
42,grouped,CNN + Bi-LSTM,20651db0eb9e,115,10,690,126.65832901000977,0.18356279566668082
42,grouped,CNN + Bi-LSTM,20c8bac7e671,177,2,200,39.287590980529785,0.19643795490264893
42,grouped,CNN + Bi-LSTM,2571bdb75e88,177,2,200,48.16589546203613,0.24082947731018067
42,grouped,CNN + Bi-LSTM,26859f0d3bd0,177,1,100,24.028564453125,0.24028564453125
42,grouped,CNN + Bi-LSTM,26bab970c8d9,177,2,200,43.16363716125488,0.2158181858062744
42,grouped,CNN + Bi-LSTM,27e5b80e391c,177,2,200,37.60310935974121,0.18801554679870605
42,grouped,CNN + Bi-LSTM,294cc1503b06,177,2,200,47.55905723571777,0.23779528617858886
42,grouped,CNN + Bi-LSTM,295136924321,177,1,100,20.24188232421875,0.2024188232421875
42,grouped,CNN + Bi-LSTM,2e06b23eb94a,177,1,100,25.989116668701172,0.25989116668701173
42,grouped,CNN + Bi-LSTM,300177e4ff12,177,2,200,37.949628829956055,0.18974814414978028
42,grouped,CNN + Bi-LSTM,3426d40eb72e,115,10,690,130.18023300170898,0.18866700435030287
42,grouped,CNN + Bi-LSTM,36c3abf9076c,177,2,200,40.74449920654297,0.20372249603271483
42,grouped,CNN + Bi-LSTM,38fdd8a2fc75,177,2,200,39.16451835632324,0.1958225917816162
42,grouped,CNN + Bi-LSTM,396b2159ef2b,115,10,690,130.01738166809082,0.1884309879247693
42,grouped,CNN + Bi-LSTM,39a91d5ff5a3,177,2,200,40.92438316345215,0.20462191581726075
42,grouped,CNN + Bi-LSTM,3a018097004f,115,10,690,123.28220081329346,0.17866985625114995
42,grouped,CNN + Bi-LSTM,3d928724e70c,177,1,100,24.468250274658203,0.24468250274658204
42,grouped,CNN + Bi-LSTM,4383b7a56a55,177,2,200,44.728851318359375,0.22364425659179688
42,grouped,CNN + Bi-LSTM,463e196c09b4,177,1,100,23.43057632446289,0.2343057632446289
42,grouped,CNN + Bi-LSTM,473f8a76ad35,177,2,200,35.192195892333984,0.17596097946166991
42,grouped,CNN + Bi-LSTM,476eb0ce29e0,177,2,200,39.5402889251709,0.19770144462585448
42,grouped,CNN + Bi-LSTM,47829174d241,177,1,100,26.06539535522461,0.2606539535522461
42,grouped,CNN + Bi-LSTM,4eb42f96ee6e,177,2,200,39.598594665527344,0.1979929733276367
42,grouped,CNN + Bi-LSTM,4ee6a9b94804,177,1,100,31.287565231323242,0.31287565231323244
42,grouped,CNN + Bi-LSTM,52780939dc8f,177,2,200,42.414215087890625,0.21207107543945314
42,grouped,CNN + Bi-LSTM,5306b4aa06a1,177,2,200,42.668357849121094,0.21334178924560546
42,grouped,CNN + Bi-LSTM,53071cbd27d5,177,2,200,38.697574615478516,0.19348787307739257
42,grouped,CNN + Bi-LSTM,5812e9e408a8,206,2,278,53.8868522644043,0.19383759807339676
42,grouped,CNN + Bi-LSTM,59f346f6e4a2,177,2,200,56.179630279541016,0.2808981513977051
42,grouped,CNN + Bi-LSTM,59f78fe3e6e1,177,2,200,28.820791244506836,0.1441039562225342
42,grouped,CNN + Bi-LSTM,5f589c58a1e5,177,2,200,32.06289291381836,0.1603144645690918
42,grouped,CNN + Bi-LSTM,617fd6231fcb,177,2,200,42.56586456298828,0.2128293228149414
42,grouped,CNN + Bi-LSTM,646fb169e05b,177,2,200,40.48141670227051,0.20240708351135253
42,grouped,CNN + Bi-LSTM,67dc26cb8d70,206,2,278,52.07504653930664,0.18732031129246993
42,grouped,CNN + Bi-LSTM,6c32a9b963e5,177,1,100,24.106266021728516,0.24106266021728515
42,grouped,CNN + Bi-LSTM,6c58175512b8,177,2,200,38.479440689086914,0.19239720344543457
42,grouped,CNN + Bi-LSTM,6e0e8fab5c50,177,2,200,35.799983978271484,0.1789999198913574
42,grouped,CNN + Bi-LSTM,71c97e911498,177,2,200,49.89550971984863,0.24947754859924318
42,grouped,CNN + Bi-LSTM,74c63b493906,177,2,200,53.3957576751709,0.2669787883758545
42,grouped,CNN + Bi-LSTM,757d5dca85e4,177,1,100,26.681997299194336,0.2668199729919434
42,grouped,CNN + Bi-LSTM,773c899b5042,170,2,206,45.84798049926758,0.22256301213236687
42,grouped,CNN + Bi-LSTM,777cb59044bb,177,2,200,39.83586883544922,0.1991793441772461
42,grouped,CNN + Bi-LSTM,7d41f1742976,177,2,200,45.989728927612305,0.22994864463806153
42,grouped,CNN + Bi-LSTM,81c0061b083c,177,2,200,37.61149501800537,0.18805747509002685
42,grouped,CNN + Bi-LSTM,844ced207001,177,2,200,42.18647003173828,0.2109323501586914
42,grouped,CNN + Bi-LSTM,8719373052f3,177,2,200,27.410091400146484,0.13705045700073243
42,grouped,CNN + Bi-LSTM,88cd62ad83dc,177,2,200,39.0158576965332,0.195079288482666
42,grouped,CNN + Bi-LSTM,8b939209fe5d,177,2,200,41.73329162597656,0.20866645812988283
42,grouped,CNN + Bi-LSTM,8c154c877c3c,177,2,200,37.980262756347656,0.18990131378173827
42,grouped,CNN + Bi-LSTM,8ceed4d7508e,177,2,200,40.68080520629883,0.20340402603149413
42,grouped,CNN + Bi-LSTM,8ddabc63b536,177,2,200,45.03536796569824,0.2251768398284912
42,grouped,CNN + Bi-LSTM,8f437278f962,170,2,206,51.38085174560547,0.24942161041556052
42,grouped,CNN + Bi-LSTM,90e9a691d5ab,177,2,200,43.70202827453613,0.21851014137268066
42,grouped,CNN + Bi-LSTM,9133ff577583,177,2,200,47.467233657836914,0.23733616828918458
42,grouped,CNN + Bi-LSTM,96a56233705b,177,2,200,40.53850555419922,0.20269252777099608
42,grouped,CNN + Bi-LSTM,97fb190455b5,177,2,200,36.526352882385254,0.18263176441192627
42,grouped,CNN + Bi-LSTM,986097e7f927,177,1,100,15.797088623046875,0.15797088623046876
42,grouped,CNN + Bi-LSTM,98d2c5c9812d,177,1,100,17.369333267211914,0.17369333267211914
42,grouped,CNN + Bi-LSTM,9a462a03096b,177,1,100,20.939228057861328,0.20939228057861328
42,grouped,CNN + Bi-LSTM,9a8223d89a30,177,2,200,26.903836250305176,0.13451918125152587
42,grouped,CNN + Bi-LSTM,9c602f0a779c,177,2,200,37.32699012756348,0.18663495063781738
42,grouped,CNN + Bi-LSTM,a05b3fd7b53c,177,1,100,13.156806945800781,0.1315680694580078
42,grouped,CNN + Bi-LSTM,a1337b1524ae,177,1,100,14.909286499023438,0.14909286499023439
42,grouped,CNN + Bi-LSTM,a1fefb14b835,170,2,206,43.21012306213379,0.20975787894239703
42,grouped,CNN + Bi-LSTM,a424ac1d4a52,177,1,100,16.464506149291992,0.1646450614929199
42,grouped,CNN + Bi-LSTM,a61c2c544514,177,1,100,40.19820785522461,0.4019820785522461
42,grouped,CNN + Bi-LSTM,a8244009c59c,177,1,100,27.593496322631836,0.2759349632263184
42,grouped,CNN + Bi-LSTM,a9215f96e01e,177,1,100,20.522855758666992,0.2052285575866699
42,grouped,CNN + Bi-LSTM,a9af1572df82,177,2,200,41.942644119262695,0.20971322059631348
42,grouped,CNN + Bi-LSTM,ad202f79ddd5,177,2,200,38.627827644348145,0.19313913822174072
42,grouped,CNN + Bi-LSTM,ae32d5576d78,177,1,100,34.73507308959961,0.3473507308959961
42,grouped,CNN + Bi-LSTM,aeccc50aed27,177,2,200,42.44713020324707,0.21223565101623534
42,grouped,CNN + Bi-LSTM,aee69d6b4f4a,177,1,100,14.666522979736328,0.1466652297973633
42,grouped,CNN + Bi-LSTM,b0ba773e0fa3,177,1,100,24.2918701171875,0.242918701171875
42,grouped,CNN + Bi-LSTM,b0e44cb3f894,177,1,100,31.876840591430664,0.31876840591430666
42,grouped,CNN + Bi-LSTM,b2eb8cb8079c,177,2,200,46.793243408203125,0.2339662170410156
42,grouped,CNN + Bi-LSTM,b3d21bff91d0,170,2,206,54.67989540100098,0.2654363854417523
42,grouped,CNN + Bi-LSTM,b49321bfc357,177,1,100,21.501052856445312,0.21501052856445313
42,grouped,CNN + Bi-LSTM,bb3f9866fb78,177,2,200,50.89985466003418,0.2544992733001709
42,grouped,CNN + Bi-LSTM,bba029af6113,177,2,200,49.39337921142578,0.2469668960571289
42,grouped,CNN + Bi-LSTM,bbe387968753,177,2,200,38.13965034484863,0.19069825172424315
42,grouped,CNN + Bi-LSTM,bc44953f2471,177,1,100,14.937845230102539,0.1493784523010254
42,grouped,CNN + Bi-LSTM,bd9780254502,177,2,200,36.252058029174805,0.18126029014587403
42,grouped,CNN + Bi-LSTM,bfd6750fafea,177,2,200,35.76806831359863,0.17884034156799317
42,grouped,CNN + Bi-LSTM,c0083aac8de1,177,2,200,44.16093635559082,0.2208046817779541
42,grouped,CNN + Bi-LSTM,c149705a3820,177,2,200,47.81753921508789,0.23908769607543945
42,grouped,CNN + Bi-LSTM,c24c24188d10,177,2,200,39.26845741271973,0.19634228706359863
42,grouped,CNN + Bi-LSTM,c48267a1ea4e,177,1,100,33.7907829284668,0.33790782928466795
42,grouped,CNN + Bi-LSTM,c6158741f146,155,6,654,130.58613395690918,0.199672987701696
42,grouped,CNN + Bi-LSTM,c76e16fffe20,170,2,206,52.788347244262695,0.2562541128362267
42,grouped,CNN + Bi-LSTM,c7be7e12235d,177,1,100,21.497638702392578,0.21497638702392577
42,grouped,CNN + Bi-LSTM,c8077d6953f2,177,1,100,18.920700073242188,0.1892070007324219
42,grouped,CNN + Bi-LSTM,ca2055b0bc50,177,2,200,37.982181549072266,0.18991090774536132
42,grouped,CNN + Bi-LSTM,cb17f19615df,177,2,200,39.96865463256836,0.19984327316284178
42,grouped,CNN + Bi-LSTM,cc992c74d2d3,177,2,200,38.61135673522949,0.19305678367614745
42,grouped,CNN + Bi-LSTM,cdf3759c289f,177,2,200,46.31351661682129,0.23156758308410644
42,grouped,CNN + Bi-LSTM,ce0ec321e728,177,1,100,17.301937103271484,0.17301937103271484
42,grouped,CNN + Bi-LSTM,ce68772984e3,177,2,200,41.090911865234375,0.20545455932617188
42,grouped,CNN + Bi-LSTM,cee1ae18f9ba,177,2,200,46.81687545776367,0.23408437728881837
42,grouped,CNN + Bi-LSTM,d22c898564c6,170,1,103,29.66448211669922,0.28800468074465263
42,grouped,CNN + Bi-LSTM,d24dec8676d7,177,2,200,32.9728307723999,0.1648641538619995
42,grouped,CNN + Bi-LSTM,d2ecfbcf2f2d,177,2,200,42.43772315979004,0.2121886157989502
42,grouped,CNN + Bi-LSTM,d3d3e6010940,177,2,200,35.272613525390625,0.1763630676269531
42,grouped,CNN + Bi-LSTM,d4d4798aece8,177,2,200,50.43165969848633,0.25215829849243165
42,grouped,CNN + Bi-LSTM,d4ebee2dcd9f,177,1,100,20.30556869506836,0.2030556869506836
42,grouped,CNN + Bi-LSTM,da0787b57a03,177,2,200,48.24733352661133,0.24123666763305665
42,grouped,CNN + Bi-LSTM,db587e94a819,177,2,200,46.70225143432617,0.23351125717163085
42,grouped,CNN + Bi-LSTM,db984589a911,177,1,100,21.428668975830078,0.21428668975830079
42,grouped,CNN + Bi-LSTM,ddaba4d0f57a,177,2,200,48.804983139038086,0.24402491569519044
42,grouped,CNN + Bi-LSTM,de1e3ea11172,177,2,200,43.64081001281738,0.2182040500640869
42,grouped,CNN + Bi-LSTM,deffe4e62910,177,2,200,43.57438278198242,0.21787191390991212
42,grouped,CNN + Bi-LSTM,e19c09081c0a,177,2,200,26.68335723876953,0.13341678619384767
42,grouped,CNN + Bi-LSTM,e230deb9d425,177,1,100,32.15885925292969,0.3215885925292969
42,grouped,CNN + Bi-LSTM,e5ad8d83e6a3,177,2,200,36.79839038848877,0.18399195194244386
42,grouped,CNN + Bi-LSTM,e5ae560b03ef,177,2,200,51.53549003601074,0.2576774501800537
42,grouped,CNN + Bi-LSTM,e5f912daeacc,170,2,206,72.37661743164062,0.3513428030662166
42,grouped,CNN + Bi-LSTM,e622741dbbc3,177,1,100,18.44635009765625,0.1844635009765625
42,grouped,CNN + Bi-LSTM,e85cfdd0faff,177,2,200,39.115028381347656,0.19557514190673828
42,grouped,CNN + Bi-LSTM,ea828aee2706,170,2,206,35.34687614440918,0.17158677740004455
42,grouped,CNN + Bi-LSTM,edce1b5caf37,177,2,200,44.22159385681152,0.22110796928405763
42,grouped,CNN + Bi-LSTM,f324bf040057,177,2,200,48.49186134338379,0.24245930671691895
42,grouped,CNN + Bi-LSTM,f50d6c9f3699,177,2,200,45.770668029785156,0.22885334014892578
42,grouped,CNN + Bi-LSTM,f5afa279102a,177,1,100,29.388648986816406,0.29388648986816407
42,grouped,CNN + Bi-LSTM,f6dcc64a0bda,170,2,206,57.88889503479004,0.2810140535669419
42,grouped,CNN + Bi-LSTM,f7328a417154,177,2,200,44.887765884399414,0.22443882942199708
42,grouped,CNN + Bi-LSTM,f7b83ed80d32,115,10,690,118.95468521118164,0.1723980945089589
42,grouped,CNN + Bi-LSTM,f7c52794e638,177,2,200,39.99594306945801,0.19997971534729003
42,grouped,CNN + Bi-LSTM,f84d2adefa38,177,2,200,43.84986686706543,0.21924933433532715
42,grouped,CNN + Bi-LSTM,f9beb86f8b6f,177,2,200,42.85049247741699,0.21425246238708495
42,grouped,CNN + Bi-LSTM,fc2671e5a4cb,177,2,200,41.1345100402832,0.205672550201416
42,grouped,CNN + Bi-LSTM,fc341f6c2d28,177,1,100,19.515897750854492,0.1951589775085449
42,grouped,CNN + Bi-LSTM,fc5adcf7eb40,177,2,200,31.14106273651123,0.15570531368255616
42,grouped,CNN + Bi-LSTM,fc82d6f0fbc8,177,1,100,18.40309715270996,0.1840309715270996
42,grouped,CNN + Bi-LSTM,fceac0fe851a,177,2,200,38.13865280151367,0.19069326400756836
42,grouped,CNN + LSTM + Transformer,038ba5ea2414,177,2,200,35.42233371734619,0.17711166858673097
42,grouped,CNN + LSTM + Transformer,04396fb86ca3,177,2,200,37.06468200683594,0.18532341003417968
42,grouped,CNN + LSTM + Transformer,0460275d933c,177,2,200,37.190452575683594,0.18595226287841796
42,grouped,CNN + LSTM + Transformer,0856aa9fe059,177,1,100,21.895938873291016,0.21895938873291015
42,grouped,CNN + LSTM + Transformer,0876f2ed2e05,177,1,100,23.63327980041504,0.23633279800415039
42,grouped,CNN + LSTM + Transformer,0aeb79f0e26d,177,2,200,47.59370040893555,0.23796850204467773
42,grouped,CNN + LSTM + Transformer,0e1a1d6242c4,170,2,206,53.75715446472168,0.26095706050835765
42,grouped,CNN + LSTM + Transformer,0fe17dbd51e1,177,2,200,46.44134712219238,0.23220673561096192
42,grouped,CNN + LSTM + Transformer,11ab3bac551f,177,2,200,42.91227149963379,0.21456135749816896
42,grouped,CNN + LSTM + Transformer,11ca36d1390c,177,1,100,16.82094955444336,0.1682094955444336
42,grouped,CNN + LSTM + Transformer,1252f2b6c2fd,177,2,200,39.65453338623047,0.19827266693115234
42,grouped,CNN + LSTM + Transformer,126043caf177,177,2,200,36.53883361816406,0.1826941680908203
42,grouped,CNN + LSTM + Transformer,14d0ee71eb16,177,2,200,42.02216720581055,0.21011083602905273
42,grouped,CNN + LSTM + Transformer,173d7c383542,177,1,100,28.13290023803711,0.2813290023803711
42,grouped,CNN + LSTM + Transformer,1bbd9d595bb3,177,2,200,44.12235641479492,0.2206117820739746
42,grouped,CNN + LSTM + Transformer,1ce49a7a944b,177,2,200,42.60204315185547,0.21301021575927734
42,grouped,CNN + LSTM + Transformer,20651db0eb9e,115,10,690,138.03864574432373,0.20005600832510687
42,grouped,CNN + LSTM + Transformer,20c8bac7e671,177,2,200,43.618303298950195,0.21809151649475098
42,grouped,CNN + LSTM + Transformer,2571bdb75e88,177,2,200,48.394805908203125,0.24197402954101563
42,grouped,CNN + LSTM + Transformer,26859f0d3bd0,177,1,100,25.134098052978516,0.25134098052978515
42,grouped,CNN + LSTM + Transformer,26bab970c8d9,177,2,200,48.71909713745117,0.24359548568725586
42,grouped,CNN + LSTM + Transformer,27e5b80e391c,177,2,200,40.896305084228516,0.2044815254211426
42,grouped,CNN + LSTM + Transformer,294cc1503b06,177,2,200,45.61762046813965,0.22808810234069823
42,grouped,CNN + LSTM + Transformer,295136924321,177,1,100,21.931852340698242,0.21931852340698244
42,grouped,CNN + LSTM + Transformer,2e06b23eb94a,177,1,100,26.393482208251953,0.2639348220825195
42,grouped,CNN + LSTM + Transformer,300177e4ff12,177,2,200,35.65569591522217,0.17827847957611084
42,grouped,CNN + LSTM + Transformer,3426d40eb72e,115,10,690,148.4764633178711,0.21518328017082766
42,grouped,CNN + LSTM + Transformer,36c3abf9076c,177,2,200,43.75679016113281,0.21878395080566407
42,grouped,CNN + LSTM + Transformer,38fdd8a2fc75,177,2,200,42.2336540222168,0.211168270111084
42,grouped,CNN + LSTM + Transformer,396b2159ef2b,115,10,690,141.97744178771973,0.20576440838799961
42,grouped,CNN + LSTM + Transformer,39a91d5ff5a3,177,2,200,43.78948211669922,0.2189474105834961
42,grouped,CNN + LSTM + Transformer,3a018097004f,115,10,690,131.29815101623535,0.19028717538584833
42,grouped,CNN + LSTM + Transformer,3d928724e70c,177,1,100,26.933603286743164,0.26933603286743163
42,grouped,CNN + LSTM + Transformer,4383b7a56a55,177,2,200,50.63517379760742,0.2531758689880371
42,grouped,CNN + LSTM + Transformer,463e196c09b4,177,1,100,24.905982971191406,0.24905982971191407
42,grouped,CNN + LSTM + Transformer,473f8a76ad35,177,2,200,34.69186305999756,0.1734593152999878
42,grouped,CNN + LSTM + Transformer,476eb0ce29e0,177,2,200,41.598751068115234,0.20799375534057618
42,grouped,CNN + LSTM + Transformer,47829174d241,177,1,100,26.16811752319336,0.26168117523193357
42,grouped,CNN + LSTM + Transformer,4eb42f96ee6e,177,2,200,40.60644721984863,0.20303223609924317
42,grouped,CNN + LSTM + Transformer,4ee6a9b94804,177,1,100,31.855262756347656,0.3185526275634766
42,grouped,CNN + LSTM + Transformer,52780939dc8f,177,2,200,48.000465393066406,0.24000232696533202
42,grouped,CNN + LSTM + Transformer,5306b4aa06a1,177,2,200,43.696571350097656,0.21848285675048829
42,grouped,CNN + LSTM + Transformer,53071cbd27d5,177,2,200,43.45199775695801,0.21725998878479003
42,grouped,CNN + LSTM + Transformer,5812e9e408a8,206,2,278,61.046613693237305,0.21959213558718454
42,grouped,CNN + LSTM + Transformer,59f346f6e4a2,177,2,200,58.64810752868652,0.2932405376434326
42,grouped,CNN + LSTM + Transformer,59f78fe3e6e1,177,2,200,31.648645401000977,0.15824322700500487
42,grouped,CNN + LSTM + Transformer,5f589c58a1e5,177,2,200,34.77968692779541,0.17389843463897706
42,grouped,CNN + LSTM + Transformer,617fd6231fcb,177,2,200,46.29869842529297,0.23149349212646483
42,grouped,CNN + LSTM + Transformer,646fb169e05b,177,2,200,40.54811477661133,0.20274057388305664
42,grouped,CNN + LSTM + Transformer,67dc26cb8d70,206,2,278,57.49493408203125,0.20681630964759443
42,grouped,CNN + LSTM + Transformer,6c32a9b963e5,177,1,100,25.329315185546875,0.25329315185546875
42,grouped,CNN + LSTM + Transformer,6c58175512b8,177,2,200,41.37348937988281,0.20686744689941405
42,grouped,CNN + LSTM + Transformer,6e0e8fab5c50,177,2,200,39.587921142578125,0.19793960571289063
42,grouped,CNN + LSTM + Transformer,71c97e911498,177,2,200,52.40209197998047,0.26201045989990235
42,grouped,CNN + LSTM + Transformer,74c63b493906,177,2,200,56.8594856262207,0.28429742813110354
42,grouped,CNN + LSTM + Transformer,757d5dca85e4,177,1,100,27.096233367919922,0.2709623336791992
42,grouped,CNN + LSTM + Transformer,773c899b5042,170,2,206,44.8411922454834,0.21767569051205532
42,grouped,CNN + LSTM + Transformer,777cb59044bb,177,2,200,41.172664642333984,0.20586332321166992
42,grouped,CNN + LSTM + Transformer,7d41f1742976,177,2,200,46.63724899291992,0.2331862449645996
42,grouped,CNN + LSTM + Transformer,81c0061b083c,177,2,200,39.15235996246338,0.1957617998123169
42,grouped,CNN + LSTM + Transformer,844ced207001,177,2,200,41.3209753036499,0.20660487651824952
42,grouped,CNN + LSTM + Transformer,8719373052f3,177,2,200,29.60621166229248,0.1480310583114624
42,grouped,CNN + LSTM + Transformer,88cd62ad83dc,177,2,200,39.300201416015625,0.19650100708007812
42,grouped,CNN + LSTM + Transformer,8b939209fe5d,177,2,200,43.694610595703125,0.21847305297851563
42,grouped,CNN + LSTM + Transformer,8c154c877c3c,177,2,200,39.02744102478027,0.19513720512390137
42,grouped,CNN + LSTM + Transformer,8ceed4d7508e,177,2,200,46.73210906982422,0.2336605453491211
42,grouped,CNN + LSTM + Transformer,8ddabc63b536,177,2,200,46.84933662414551,0.23424668312072755
42,grouped,CNN + LSTM + Transformer,8f437278f962,170,2,206,48.850141525268555,0.23713660934596387
42,grouped,CNN + LSTM + Transformer,90e9a691d5ab,177,2,200,43.676944732666016,0.2183847236633301
42,grouped,CNN + LSTM + Transformer,9133ff577583,177,2,200,48.98004341125488,0.2449002170562744
42,grouped,CNN + LSTM + Transformer,96a56233705b,177,2,200,46.73720741271973,0.23368603706359864
42,grouped,CNN + LSTM + Transformer,97fb190455b5,177,2,200,37.32957458496094,0.1866478729248047
42,grouped,CNN + LSTM + Transformer,986097e7f927,177,1,100,16.27794647216797,0.1627794647216797
42,grouped,CNN + LSTM + Transformer,98d2c5c9812d,177,1,100,21.088367462158203,0.21088367462158203
42,grouped,CNN + LSTM + Transformer,9a462a03096b,177,1,100,23.366851806640625,0.23366851806640626
42,grouped,CNN + LSTM + Transformer,9a8223d89a30,177,2,200,29.153329849243164,0.14576664924621582
42,grouped,CNN + LSTM + Transformer,9c602f0a779c,177,2,200,41.886592864990234,0.20943296432495118
42,grouped,CNN + LSTM + Transformer,a05b3fd7b53c,177,1,100,14.097115516662598,0.14097115516662598
42,grouped,CNN + LSTM + Transformer,a1337b1524ae,177,1,100,15.135881423950195,0.15135881423950195
42,grouped,CNN + LSTM + Transformer,a1fefb14b835,170,2,206,44.9531135559082,0.21821899784421459
42,grouped,CNN + LSTM + Transformer,a424ac1d4a52,177,1,100,15.969043731689453,0.15969043731689453
42,grouped,CNN + LSTM + Transformer,a61c2c544514,177,1,100,40.29742431640625,0.4029742431640625
42,grouped,CNN + LSTM + Transformer,a8244009c59c,177,1,100,28.999488830566406,0.28999488830566406
42,grouped,CNN + LSTM + Transformer,a9215f96e01e,177,1,100,20.835697174072266,0.20835697174072265
42,grouped,CNN + LSTM + Transformer,a9af1572df82,177,2,200,43.57803726196289,0.21789018630981447
42,grouped,CNN + LSTM + Transformer,ad202f79ddd5,177,2,200,38.55121898651123,0.19275609493255616
42,grouped,CNN + LSTM + Transformer,ae32d5576d78,177,1,100,33.53490447998047,0.3353490447998047
42,grouped,CNN + LSTM + Transformer,aeccc50aed27,177,2,200,43.26555061340332,0.2163277530670166
42,grouped,CNN + LSTM + Transformer,aee69d6b4f4a,177,1,100,19.48798370361328,0.19487983703613282
42,grouped,CNN + LSTM + Transformer,b0ba773e0fa3,177,1,100,24.389530181884766,0.24389530181884767
42,grouped,CNN + LSTM + Transformer,b0e44cb3f894,177,1,100,31.250865936279297,0.312508659362793
42,grouped,CNN + LSTM + Transformer,b2eb8cb8079c,177,2,200,46.66138458251953,0.23330692291259766
42,grouped,CNN + LSTM + Transformer,b3d21bff91d0,170,2,206,52.70085144042969,0.25582937592441596
42,grouped,CNN + LSTM + Transformer,b49321bfc357,177,1,100,22.185823440551758,0.22185823440551758
42,grouped,CNN + LSTM + Transformer,bb3f9866fb78,177,2,200,51.1820182800293,0.2559100914001465
42,grouped,CNN + LSTM + Transformer,bba029af6113,177,2,200,50.79294967651367,0.2539647483825684
42,grouped,CNN + LSTM + Transformer,bbe387968753,177,2,200,39.34211730957031,0.19671058654785156
42,grouped,CNN + LSTM + Transformer,bc44953f2471,177,1,100,14.763486862182617,0.14763486862182618
42,grouped,CNN + LSTM + Transformer,bd9780254502,177,2,200,41.062049865722656,0.20531024932861328
42,grouped,CNN + LSTM + Transformer,bfd6750fafea,177,2,200,41.055694580078125,0.2052784729003906
42,grouped,CNN + LSTM + Transformer,c0083aac8de1,177,2,200,47.53228950500488,0.2376614475250244
42,grouped,CNN + LSTM + Transformer,c149705a3820,177,2,200,49.3685245513916,0.246842622756958
42,grouped,CNN + LSTM + Transformer,c24c24188d10,177,2,200,42.483171463012695,0.2124158573150635
42,grouped,CNN + LSTM + Transformer,c48267a1ea4e,177,1,100,33.613136291503906,0.3361313629150391
42,grouped,CNN + LSTM + Transformer,c6158741f146,155,6,654,135.00150680541992,0.20642432233244637
42,grouped,CNN + LSTM + Transformer,c76e16fffe20,170,2,206,52.03687858581543,0.25260620672725936
42,grouped,CNN + LSTM + Transformer,c7be7e12235d,177,1,100,20.618242263793945,0.20618242263793946
42,grouped,CNN + LSTM + Transformer,c8077d6953f2,177,1,100,20.786834716796875,0.20786834716796876
42,grouped,CNN + LSTM + Transformer,ca2055b0bc50,177,2,200,39.490450859069824,0.19745225429534913
42,grouped,CNN + LSTM + Transformer,cb17f19615df,177,2,200,42.29474449157715,0.21147372245788573
42,grouped,CNN + LSTM + Transformer,cc992c74d2d3,177,2,200,42.58746528625488,0.21293732643127442
42,grouped,CNN + LSTM + Transformer,cdf3759c289f,177,2,200,46.02445983886719,0.23012229919433594
42,grouped,CNN + LSTM + Transformer,ce0ec321e728,177,1,100,15.83218765258789,0.1583218765258789
42,grouped,CNN + LSTM + Transformer,ce68772984e3,177,2,200,44.60238456726074,0.22301192283630372
42,grouped,CNN + LSTM + Transformer,cee1ae18f9ba,177,2,200,48.605438232421875,0.24302719116210938
42,grouped,CNN + LSTM + Transformer,d22c898564c6,170,1,103,29.6103515625,0.2874791413834951
42,grouped,CNN + LSTM + Transformer,d24dec8676d7,177,2,200,38.12910270690918,0.1906455135345459
42,grouped,CNN + LSTM + Transformer,d2ecfbcf2f2d,177,2,200,42.38111114501953,0.21190555572509764
42,grouped,CNN + LSTM + Transformer,d3d3e6010940,177,2,200,36.50429439544678,0.1825214719772339
42,grouped,CNN + LSTM + Transformer,d4d4798aece8,177,2,200,49.17367172241211,0.24586835861206055
42,grouped,CNN + LSTM + Transformer,d4ebee2dcd9f,177,1,100,21.651559829711914,0.21651559829711914
42,grouped,CNN + LSTM + Transformer,da0787b57a03,177,2,200,51.80183029174805,0.25900915145874026
42,grouped,CNN + LSTM + Transformer,db587e94a819,177,2,200,49.26932907104492,0.2463466453552246
42,grouped,CNN + LSTM + Transformer,db984589a911,177,1,100,22.262941360473633,0.22262941360473631
42,grouped,CNN + LSTM + Transformer,ddaba4d0f57a,177,2,200,49.68887710571289,0.24844438552856446
42,grouped,CNN + LSTM + Transformer,de1e3ea11172,177,2,200,43.62555122375488,0.2181277561187744
42,grouped,CNN + LSTM + Transformer,deffe4e62910,177,2,200,43.986080169677734,0.21993040084838866
42,grouped,CNN + LSTM + Transformer,e19c09081c0a,177,2,200,29.100475311279297,0.14550237655639647
42,grouped,CNN + LSTM + Transformer,e230deb9d425,177,1,100,32.84210205078125,0.3284210205078125
42,grouped,CNN + LSTM + Transformer,e5ad8d83e6a3,177,2,200,34.30588626861572,0.1715294313430786
42,grouped,CNN + LSTM + Transformer,e5ae560b03ef,177,2,200,47.05525207519531,0.23527626037597657
42,grouped,CNN + LSTM + Transformer,e5f912daeacc,170,2,206,73.29002380371094,0.35577681458112104
42,grouped,CNN + LSTM + Transformer,e622741dbbc3,177,1,100,17.622467041015625,0.17622467041015624
42,grouped,CNN + LSTM + Transformer,e85cfdd0faff,177,2,200,43.531972885131836,0.21765986442565918
42,grouped,CNN + LSTM + Transformer,ea828aee2706,170,2,206,36.9853515625,0.17954054156553398
42,grouped,CNN + LSTM + Transformer,edce1b5caf37,177,2,200,44.957284927368164,0.22478642463684081
42,grouped,CNN + LSTM + Transformer,f324bf040057,177,2,200,50.03336715698242,0.2501668357849121
42,grouped,CNN + LSTM + Transformer,f50d6c9f3699,177,2,200,45.72771072387695,0.22863855361938476
42,grouped,CNN + LSTM + Transformer,f5afa279102a,177,1,100,29.526901245117188,0.2952690124511719
42,grouped,CNN + LSTM + Transformer,f6dcc64a0bda,170,2,206,59.59868240356445,0.2893139922503129
42,grouped,CNN + LSTM + Transformer,f7328a417154,177,2,200,44.29886054992676,0.22149430274963378
42,grouped,CNN + LSTM + Transformer,f7b83ed80d32,115,10,690,122.76858711242676,0.17792548856873444
42,grouped,CNN + LSTM + Transformer,f7c52794e638,177,2,200,39.778465270996094,0.19889232635498047
42,grouped,CNN + LSTM + Transformer,f84d2adefa38,177,2,200,45.84354209899902,0.22921771049499512
42,grouped,CNN + LSTM + Transformer,f9beb86f8b6f,177,2,200,44.4278507232666,0.22213925361633302
42,grouped,CNN + LSTM + Transformer,fc2671e5a4cb,177,2,200,43.118666648864746,0.21559333324432373
42,grouped,CNN + LSTM + Transformer,fc341f6c2d28,177,1,100,19.673145294189453,0.19673145294189454
42,grouped,CNN + LSTM + Transformer,fc5adcf7eb40,177,2,200,30.989455223083496,0.15494727611541748
42,grouped,CNN + LSTM + Transformer,fc82d6f0fbc8,177,1,100,22.936248779296875,0.22936248779296875
42,grouped,CNN + LSTM + Transformer,fceac0fe851a,177,2,200,39.42385482788086,0.1971192741394043
42,grouped,CNN Only,038ba5ea2414,177,2,200,36.47207260131836,0.1823603630065918
42,grouped,CNN Only,04396fb86ca3,177,2,200,36.38796520233154,0.1819398260116577
42,grouped,CNN Only,0460275d933c,177,2,200,37.88242721557617,0.18941213607788085
42,grouped,CNN Only,0856aa9fe059,177,1,100,19.3759822845459,0.19375982284545898
42,grouped,CNN Only,0876f2ed2e05,177,1,100,25.63286781311035,0.2563286781311035
42,grouped,CNN Only,0aeb79f0e26d,177,2,200,48.481435775756836,0.24240717887878419
42,grouped,CNN Only,0e1a1d6242c4,170,2,206,53.5597038269043,0.25999856226652573
42,grouped,CNN Only,0fe17dbd51e1,177,2,200,46.488956451416016,0.23244478225708007
42,grouped,CNN Only,11ab3bac551f,177,2,200,41.140838623046875,0.20570419311523438
42,grouped,CNN Only,11ca36d1390c,177,1,100,17.879690170288086,0.17879690170288087
42,grouped,CNN Only,1252f2b6c2fd,177,2,200,36.870506286621094,0.18435253143310548
42,grouped,CNN Only,126043caf177,177,2,200,34.41134834289551,0.17205674171447755
42,grouped,CNN Only,14d0ee71eb16,177,2,200,43.34587860107422,0.21672939300537108
42,grouped,CNN Only,173d7c383542,177,1,100,28.281673431396484,0.28281673431396487
42,grouped,CNN Only,1bbd9d595bb3,177,2,200,44.64568328857422,0.22322841644287109
42,grouped,CNN Only,1ce49a7a944b,177,2,200,40.20815467834473,0.20104077339172363
42,grouped,CNN Only,20651db0eb9e,115,10,690,147.76713371276855,0.21415526625038922
42,grouped,CNN Only,20c8bac7e671,177,2,200,42.128726959228516,0.21064363479614256
42,grouped,CNN Only,2571bdb75e88,177,2,200,47.19789695739746,0.2359894847869873
42,grouped,CNN Only,26859f0d3bd0,177,1,100,23.33069610595703,0.2333069610595703
42,grouped,CNN Only,26bab970c8d9,177,2,200,45.60263252258301,0.22801316261291504
42,grouped,CNN Only,27e5b80e391c,177,2,200,43.33920097351074,0.21669600486755372
42,grouped,CNN Only,294cc1503b06,177,2,200,46.991071701049805,0.234955358505249
42,grouped,CNN Only,295136924321,177,1,100,21.267662048339844,0.21267662048339844
42,grouped,CNN Only,2e06b23eb94a,177,1,100,26.846073150634766,0.26846073150634764
42,grouped,CNN Only,300177e4ff12,177,2,200,35.95880699157715,0.17979403495788573
42,grouped,CNN Only,3426d40eb72e,115,10,690,155.1411018371582,0.2248421765755916
42,grouped,CNN Only,36c3abf9076c,177,2,200,41.844377517700195,0.20922188758850097
42,grouped,CNN Only,38fdd8a2fc75,177,2,200,41.68192672729492,0.2084096336364746
42,grouped,CNN Only,396b2159ef2b,115,10,690,126.6185941696167,0.18350520894147349
42,grouped,CNN Only,39a91d5ff5a3,177,2,200,43.317522048950195,0.21658761024475098
42,grouped,CNN Only,3a018097004f,115,10,690,129.6840763092041,0.18794793668000595
42,grouped,CNN Only,3d928724e70c,177,1,100,27.16576385498047,0.2716576385498047
42,grouped,CNN Only,4383b7a56a55,177,2,200,48.198604583740234,0.24099302291870117
42,grouped,CNN Only,463e196c09b4,177,1,100,23.999889373779297,0.23999889373779296
42,grouped,CNN Only,473f8a76ad35,177,2,200,34.176849365234375,0.17088424682617187
42,grouped,CNN Only,476eb0ce29e0,177,2,200,43.12932014465332,0.2156466007232666
42,grouped,CNN Only,47829174d241,177,1,100,27.402238845825195,0.27402238845825194
42,grouped,CNN Only,4eb42f96ee6e,177,2,200,39.2770881652832,0.196385440826416
42,grouped,CNN Only,4ee6a9b94804,177,1,100,31.763168334960938,0.3176316833496094
42,grouped,CNN Only,52780939dc8f,177,2,200,51.166751861572266,0.25583375930786134
42,grouped,CNN Only,5306b4aa06a1,177,2,200,41.58798599243164,0.2079399299621582
42,grouped,CNN Only,53071cbd27d5,177,2,200,40.53521919250488,0.20267609596252442
42,grouped,CNN Only,5812e9e408a8,206,2,278,59.95358848571777,0.21566039023639486
42,grouped,CNN Only,59f346f6e4a2,177,2,200,60.01300048828125,0.30006500244140627
42,grouped,CNN Only,59f78fe3e6e1,177,2,200,34.823896408081055,0.17411948204040528
42,grouped,CNN Only,5f589c58a1e5,177,2,200,36.047468185424805,0.180237340927124
42,grouped,CNN Only,617fd6231fcb,177,2,200,45.00672149658203,0.22503360748291015
42,grouped,CNN Only,646fb169e05b,177,2,200,42.362857818603516,0.21181428909301758
42,grouped,CNN Only,67dc26cb8d70,206,2,278,55.18056869506836,0.19849125429880704
42,grouped,CNN Only,6c32a9b963e5,177,1,100,25.74395751953125,0.2574395751953125
42,grouped,CNN Only,6c58175512b8,177,2,200,40.38647651672363,0.20193238258361818
42,grouped,CNN Only,6e0e8fab5c50,177,2,200,44.217966079711914,0.22108983039855956
42,grouped,CNN Only,71c97e911498,177,2,200,50.5994930267334,0.252997465133667
42,grouped,CNN Only,74c63b493906,177,2,200,53.14694595336914,0.2657347297668457
42,grouped,CNN Only,757d5dca85e4,177,1,100,28.020835876464844,0.28020835876464845
42,grouped,CNN Only,773c899b5042,170,2,206,45.11994171142578,0.21902884325934846
42,grouped,CNN Only,777cb59044bb,177,2,200,42.16082000732422,0.2108041000366211
42,grouped,CNN Only,7d41f1742976,177,2,200,48.27424240112305,0.24137121200561523
42,grouped,CNN Only,81c0061b083c,177,2,200,39.55524253845215,0.19777621269226076
42,grouped,CNN Only,844ced207001,177,2,200,41.123517990112305,0.20561758995056154
42,grouped,CNN Only,8719373052f3,177,2,200,32.858819007873535,0.16429409503936768
42,grouped,CNN Only,88cd62ad83dc,177,2,200,38.67337703704834,0.1933668851852417
42,grouped,CNN Only,8b939209fe5d,177,2,200,44.658363342285156,0.22329181671142578
42,grouped,CNN Only,8c154c877c3c,177,2,200,39.29023551940918,0.1964511775970459
42,grouped,CNN Only,8ceed4d7508e,177,2,200,44.12774848937988,0.2206387424468994
42,grouped,CNN Only,8ddabc63b536,177,2,200,47.84450340270996,0.2392225170135498
42,grouped,CNN Only,8f437278f962,170,2,206,49.55997276306152,0.24058239205369672
42,grouped,CNN Only,90e9a691d5ab,177,2,200,42.35382652282715,0.21176913261413574
42,grouped,CNN Only,9133ff577583,177,2,200,50.84820365905762,0.2542410182952881
42,grouped,CNN Only,96a56233705b,177,2,200,41.1097526550293,0.20554876327514648
42,grouped,CNN Only,97fb190455b5,177,2,200,37.11979103088379,0.18559895515441893
42,grouped,CNN Only,986097e7f927,177,1,100,16.003177642822266,0.16003177642822267
42,grouped,CNN Only,98d2c5c9812d,177,1,100,18.72733497619629,0.1872733497619629
42,grouped,CNN Only,9a462a03096b,177,1,100,20.86050796508789,0.2086050796508789
42,grouped,CNN Only,9a8223d89a30,177,2,200,33.97504806518555,0.16987524032592774
42,grouped,CNN Only,9c602f0a779c,177,2,200,40.98801040649414,0.2049400520324707
42,grouped,CNN Only,a05b3fd7b53c,177,1,100,14.509571075439453,0.14509571075439454
42,grouped,CNN Only,a1337b1524ae,177,1,100,13.84842300415039,0.1384842300415039
42,grouped,CNN Only,a1fefb14b835,170,2,206,45.91752243041992,0.22290059432242681
42,grouped,CNN Only,a424ac1d4a52,177,1,100,16.797531127929688,0.16797531127929688
42,grouped,CNN Only,a61c2c544514,177,1,100,39.70995330810547,0.39709953308105467
42,grouped,CNN Only,a8244009c59c,177,1,100,28.773998260498047,0.28773998260498046
42,grouped,CNN Only,a9215f96e01e,177,1,100,21.054441452026367,0.21054441452026368
42,grouped,CNN Only,a9af1572df82,177,2,200,45.38587951660156,0.2269293975830078
42,grouped,CNN Only,ad202f79ddd5,177,2,200,38.68268394470215,0.19341341972351075
42,grouped,CNN Only,ae32d5576d78,177,1,100,32.23762893676758,0.32237628936767576
42,grouped,CNN Only,aeccc50aed27,177,2,200,43.81399917602539,0.21906999588012696
42,grouped,CNN Only,aee69d6b4f4a,177,1,100,17.613670349121094,0.17613670349121094
42,grouped,CNN Only,b0ba773e0fa3,177,1,100,24.117298126220703,0.24117298126220704
42,grouped,CNN Only,b0e44cb3f894,177,1,100,31.92499351501465,0.3192499351501465
42,grouped,CNN Only,b2eb8cb8079c,177,2,200,46.58867263793945,0.23294336318969727
42,grouped,CNN Only,b3d21bff91d0,170,2,206,49.615684509277344,0.2408528374236764
42,grouped,CNN Only,b49321bfc357,177,1,100,23.475101470947266,0.23475101470947266
42,grouped,CNN Only,bb3f9866fb78,177,2,200,50.61371040344238,0.2530685520172119
42,grouped,CNN Only,bba029af6113,177,2,200,51.403493881225586,0.2570174694061279
42,grouped,CNN Only,bbe387968753,177,2,200,41.208377838134766,0.20604188919067382
42,grouped,CNN Only,bc44953f2471,177,1,100,15.596061706542969,0.15596061706542969
42,grouped,CNN Only,bd9780254502,177,2,200,43.4791316986084,0.217395658493042
42,grouped,CNN Only,bfd6750fafea,177,2,200,43.64357376098633,0.21821786880493163
42,grouped,CNN Only,c0083aac8de1,177,2,200,44.77064323425293,0.22385321617126464
42,grouped,CNN Only,c149705a3820,177,2,200,50.704423904418945,0.25352211952209475
42,grouped,CNN Only,c24c24188d10,177,2,200,41.729719161987305,0.20864859580993653
42,grouped,CNN Only,c48267a1ea4e,177,1,100,31.824819564819336,0.31824819564819334
42,grouped,CNN Only,c6158741f146,155,6,654,139.27432441711426,0.21295768259497594
42,grouped,CNN Only,c76e16fffe20,170,2,206,53.2441291809082,0.2584666465092631
42,grouped,CNN Only,c7be7e12235d,177,1,100,22.919221878051758,0.22919221878051757
42,grouped,CNN Only,c8077d6953f2,177,1,100,19.516576766967773,0.19516576766967775
42,grouped,CNN Only,ca2055b0bc50,177,2,200,40.859663009643555,0.20429831504821777
42,grouped,CNN Only,cb17f19615df,177,2,200,41.34057426452637,0.20670287132263185
42,grouped,CNN Only,cc992c74d2d3,177,2,200,39.15080261230469,0.19575401306152343
42,grouped,CNN Only,cdf3759c289f,177,2,200,45.63681983947754,0.2281840991973877
42,grouped,CNN Only,ce0ec321e728,177,1,100,17.064647674560547,0.17064647674560546
42,grouped,CNN Only,ce68772984e3,177,2,200,43.89344787597656,0.2194672393798828
42,grouped,CNN Only,cee1ae18f9ba,177,2,200,49.44532775878906,0.24722663879394532
42,grouped,CNN Only,d22c898564c6,170,1,103,28.827228546142578,0.2798760053023551
42,grouped,CNN Only,d24dec8676d7,177,2,200,35.216426849365234,0.17608213424682617
42,grouped,CNN Only,d2ecfbcf2f2d,177,2,200,42.870025634765625,0.21435012817382812
42,grouped,CNN Only,d3d3e6010940,177,2,200,38.51233100891113,0.19256165504455566
42,grouped,CNN Only,d4d4798aece8,177,2,200,51.30226135253906,0.2565113067626953
42,grouped,CNN Only,d4ebee2dcd9f,177,1,100,21.083284378051758,0.2108328437805176
42,grouped,CNN Only,da0787b57a03,177,2,200,49.75516891479492,0.2487758445739746
42,grouped,CNN Only,db587e94a819,177,2,200,48.88424873352051,0.24442124366760254
42,grouped,CNN Only,db984589a911,177,1,100,19.335954666137695,0.19335954666137695
42,grouped,CNN Only,ddaba4d0f57a,177,2,200,50.01542854309082,0.2500771427154541
42,grouped,CNN Only,de1e3ea11172,177,2,200,41.64823246002197,0.20824116230010986
42,grouped,CNN Only,deffe4e62910,177,2,200,44.092552185058594,0.22046276092529296
42,grouped,CNN Only,e19c09081c0a,177,2,200,31.929479598999023,0.1596473979949951
42,grouped,CNN Only,e230deb9d425,177,1,100,33.227745056152344,0.3322774505615234
42,grouped,CNN Only,e5ad8d83e6a3,177,2,200,35.858160972595215,0.17929080486297608
42,grouped,CNN Only,e5ae560b03ef,177,2,200,44.89009475708008,0.2244504737854004
42,grouped,CNN Only,e5f912daeacc,170,2,206,72.00052261352539,0.3495171000656572
42,grouped,CNN Only,e622741dbbc3,177,1,100,17.418617248535156,0.17418617248535156
42,grouped,CNN Only,e85cfdd0faff,177,2,200,40.96821594238281,0.20484107971191406
42,grouped,CNN Only,ea828aee2706,170,2,206,38.6559944152832,0.1876504583266175
42,grouped,CNN Only,edce1b5caf37,177,2,200,41.69989776611328,0.2084994888305664
42,grouped,CNN Only,f324bf040057,177,2,200,48.310991287231445,0.24155495643615724
42,grouped,CNN Only,f50d6c9f3699,177,2,200,46.05947494506836,0.23029737472534179
42,grouped,CNN Only,f5afa279102a,177,1,100,29.072633743286133,0.2907263374328613
42,grouped,CNN Only,f6dcc64a0bda,170,2,206,58.87070655822754,0.28578012892343463
42,grouped,CNN Only,f7328a417154,177,2,200,44.69027900695801,0.22345139503479003
42,grouped,CNN Only,f7b83ed80d32,115,10,690,124.84345817565918,0.18093254808066547
42,grouped,CNN Only,f7c52794e638,177,2,200,39.590721130371094,0.19795360565185546
42,grouped,CNN Only,f84d2adefa38,177,2,200,48.57743263244629,0.24288716316223144
42,grouped,CNN Only,f9beb86f8b6f,177,2,200,45.845598220825195,0.22922799110412598
42,grouped,CNN Only,fc2671e5a4cb,177,2,200,44.660240173339844,0.22330120086669922
42,grouped,CNN Only,fc341f6c2d28,177,1,100,20.344802856445312,0.20344802856445313
42,grouped,CNN Only,fc5adcf7eb40,177,2,200,31.795398712158203,0.158976993560791
42,grouped,CNN Only,fc82d6f0fbc8,177,1,100,21.49894905090332,0.2149894905090332
42,grouped,CNN Only,fceac0fe851a,177,2,200,43.878257751464844,0.21939128875732422
42,grouped,Full Model (+ViennaRNA 7d),038ba5ea2414,177,2,200,37.65556716918945,0.18827783584594726
42,grouped,Full Model (+ViennaRNA 7d),04396fb86ca3,177,2,200,33.4770622253418,0.16738531112670899
42,grouped,Full Model (+ViennaRNA 7d),0460275d933c,177,2,200,35.19449043273926,0.17597245216369628
42,grouped,Full Model (+ViennaRNA 7d),0856aa9fe059,177,1,100,12.299598693847656,0.12299598693847656
42,grouped,Full Model (+ViennaRNA 7d),0876f2ed2e05,177,1,100,21.272279739379883,0.21272279739379882
42,grouped,Full Model (+ViennaRNA 7d),0aeb79f0e26d,177,2,200,43.52576923370361,0.21762884616851808
42,grouped,Full Model (+ViennaRNA 7d),0e1a1d6242c4,170,2,206,51.988393783569336,0.25237084360955986
42,grouped,Full Model (+ViennaRNA 7d),0fe17dbd51e1,177,2,200,40.763071060180664,0.20381535530090333
42,grouped,Full Model (+ViennaRNA 7d),11ab3bac551f,177,2,200,27.888010025024414,0.13944005012512206
42,grouped,Full Model (+ViennaRNA 7d),11ca36d1390c,177,1,100,16.101621627807617,0.16101621627807616
42,grouped,Full Model (+ViennaRNA 7d),1252f2b6c2fd,177,2,200,29.009647369384766,0.14504823684692383
42,grouped,Full Model (+ViennaRNA 7d),126043caf177,177,2,200,32.624698638916016,0.16312349319458008
42,grouped,Full Model (+ViennaRNA 7d),14d0ee71eb16,177,2,200,39.110647201538086,0.19555323600769042
42,grouped,Full Model (+ViennaRNA 7d),173d7c383542,177,1,100,28.620445251464844,0.28620445251464843
42,grouped,Full Model (+ViennaRNA 7d),1bbd9d595bb3,177,2,200,39.37310981750488,0.1968655490875244
42,grouped,Full Model (+ViennaRNA 7d),1ce49a7a944b,177,2,200,26.866244316101074,0.13433122158050537
42,grouped,Full Model (+ViennaRNA 7d),20651db0eb9e,115,10,690,123.62841701507568,0.17917161886242852
42,grouped,Full Model (+ViennaRNA 7d),20c8bac7e671,177,2,200,23.648492336273193,0.11824246168136597
42,grouped,Full Model (+ViennaRNA 7d),2571bdb75e88,177,2,200,40.43596935272217,0.20217984676361084
42,grouped,Full Model (+ViennaRNA 7d),26859f0d3bd0,177,1,100,11.078348159790039,0.11078348159790039
42,grouped,Full Model (+ViennaRNA 7d),26bab970c8d9,177,2,200,33.99334526062012,0.16996672630310058
42,grouped,Full Model (+ViennaRNA 7d),27e5b80e391c,177,2,200,45.41792297363281,0.22708961486816406
42,grouped,Full Model (+ViennaRNA 7d),294cc1503b06,177,2,200,39.87004375457764,0.1993502187728882
42,grouped,Full Model (+ViennaRNA 7d),295136924321,177,1,100,14.68259048461914,0.1468259048461914
42,grouped,Full Model (+ViennaRNA 7d),2e06b23eb94a,177,1,100,22.717132568359375,0.22717132568359374
42,grouped,Full Model (+ViennaRNA 7d),300177e4ff12,177,2,200,24.262697219848633,0.12131348609924317
42,grouped,Full Model (+ViennaRNA 7d),3426d40eb72e,115,10,690,118.09404277801514,0.17115078663480454
42,grouped,Full Model (+ViennaRNA 7d),36c3abf9076c,177,2,200,25.723596572875977,0.1286179828643799
42,grouped,Full Model (+ViennaRNA 7d),38fdd8a2fc75,177,2,200,29.62898826599121,0.14814494132995606
42,grouped,Full Model (+ViennaRNA 7d),396b2159ef2b,115,10,690,106.204336643219,0.15391932846843331
42,grouped,Full Model (+ViennaRNA 7d),39a91d5ff5a3,177,2,200,28.902878284454346,0.14451439142227174
42,grouped,Full Model (+ViennaRNA 7d),3a018097004f,115,10,690,103.50487804412842,0.15000706962917162
42,grouped,Full Model (+ViennaRNA 7d),3d928724e70c,177,1,100,20.551963806152344,0.20551963806152343
42,grouped,Full Model (+ViennaRNA 7d),4383b7a56a55,177,2,200,37.22182846069336,0.18610914230346678
42,grouped,Full Model (+ViennaRNA 7d),463e196c09b4,177,1,100,11.097984313964844,0.11097984313964844
42,grouped,Full Model (+ViennaRNA 7d),473f8a76ad35,177,2,200,36.06108093261719,0.18030540466308595
42,grouped,Full Model (+ViennaRNA 7d),476eb0ce29e0,177,2,200,44.547218322753906,0.22273609161376953
42,grouped,Full Model (+ViennaRNA 7d),47829174d241,177,1,100,28.209163665771484,0.28209163665771486
42,grouped,Full Model (+ViennaRNA 7d),4eb42f96ee6e,177,2,200,30.386947631835938,0.15193473815917968
42,grouped,Full Model (+ViennaRNA 7d),4ee6a9b94804,177,1,100,31.488489151000977,0.31488489151000976
42,grouped,Full Model (+ViennaRNA 7d),52780939dc8f,177,2,200,44.08308982849121,0.22041544914245606
42,grouped,Full Model (+ViennaRNA 7d),5306b4aa06a1,177,2,200,36.95863437652588,0.1847931718826294
42,grouped,Full Model (+ViennaRNA 7d),53071cbd27d5,177,2,200,32.255788803100586,0.16127894401550294
42,grouped,Full Model (+ViennaRNA 7d),5812e9e408a8,206,2,278,43.50966453552246,0.15650958466015275
42,grouped,Full Model (+ViennaRNA 7d),59f346f6e4a2,177,2,200,52.16100883483887,0.2608050441741943
42,grouped,Full Model (+ViennaRNA 7d),59f78fe3e6e1,177,2,200,38.629974365234375,0.19314987182617188
42,grouped,Full Model (+ViennaRNA 7d),5f589c58a1e5,177,2,200,31.983906745910645,0.15991953372955323
42,grouped,Full Model (+ViennaRNA 7d),617fd6231fcb,177,2,200,32.96475791931152,0.1648237895965576
42,grouped,Full Model (+ViennaRNA 7d),646fb169e05b,177,2,200,33.65656757354736,0.16828283786773682
42,grouped,Full Model (+ViennaRNA 7d),67dc26cb8d70,206,2,278,40.6739559173584,0.14630919394733236
42,grouped,Full Model (+ViennaRNA 7d),6c32a9b963e5,177,1,100,26.59033203125,0.2659033203125
42,grouped,Full Model (+ViennaRNA 7d),6c58175512b8,177,2,200,27.28044891357422,0.1364022445678711
42,grouped,Full Model (+ViennaRNA 7d),6e0e8fab5c50,177,2,200,40.15629959106445,0.20078149795532227
42,grouped,Full Model (+ViennaRNA 7d),71c97e911498,177,2,200,39.200857162475586,0.19600428581237794
42,grouped,Full Model (+ViennaRNA 7d),74c63b493906,177,2,200,37.52194786071777,0.18760973930358887
42,grouped,Full Model (+ViennaRNA 7d),757d5dca85e4,177,1,100,25.72168731689453,0.2572168731689453
42,grouped,Full Model (+ViennaRNA 7d),773c899b5042,170,2,206,36.55510139465332,0.17745194851773458
42,grouped,Full Model (+ViennaRNA 7d),777cb59044bb,177,2,200,39.55247211456299,0.19776236057281493
42,grouped,Full Model (+ViennaRNA 7d),7d41f1742976,177,2,200,50.76592254638672,0.2538296127319336
42,grouped,Full Model (+ViennaRNA 7d),81c0061b083c,177,2,200,40.80960273742676,0.2040480136871338
42,grouped,Full Model (+ViennaRNA 7d),844ced207001,177,2,200,44.95500183105469,0.22477500915527343
42,grouped,Full Model (+ViennaRNA 7d),8719373052f3,177,2,200,36.22596549987793,0.18112982749938966
42,grouped,Full Model (+ViennaRNA 7d),88cd62ad83dc,177,2,200,30.515058517456055,0.15257529258728028
42,grouped,Full Model (+ViennaRNA 7d),8b939209fe5d,177,2,200,42.28007888793945,0.21140039443969727
42,grouped,Full Model (+ViennaRNA 7d),8c154c877c3c,177,2,200,39.55822563171387,0.19779112815856933
42,grouped,Full Model (+ViennaRNA 7d),8ceed4d7508e,177,2,200,30.71018886566162,0.1535509443283081
42,grouped,Full Model (+ViennaRNA 7d),8ddabc63b536,177,2,200,53.18087387084961,0.26590436935424805
42,grouped,Full Model (+ViennaRNA 7d),8f437278f962,170,2,206,51.60970878601074,0.25053256692238224
42,grouped,Full Model (+ViennaRNA 7d),90e9a691d5ab,177,2,200,36.50422668457031,0.18252113342285156
42,grouped,Full Model (+ViennaRNA 7d),9133ff577583,177,2,200,54.1165885925293,0.2705829429626465
42,grouped,Full Model (+ViennaRNA 7d),96a56233705b,177,2,200,30.149900436401367,0.15074950218200683
42,grouped,Full Model (+ViennaRNA 7d),97fb190455b5,177,2,200,44.784908294677734,0.22392454147338867
42,grouped,Full Model (+ViennaRNA 7d),986097e7f927,177,1,100,20.156970977783203,0.20156970977783203
42,grouped,Full Model (+ViennaRNA 7d),98d2c5c9812d,177,1,100,10.039175033569336,0.10039175033569336
42,grouped,Full Model (+ViennaRNA 7d),9a462a03096b,177,1,100,13.2632474899292,0.132632474899292
42,grouped,Full Model (+ViennaRNA 7d),9a8223d89a30,177,2,200,30.326904296875,0.151634521484375
42,grouped,Full Model (+ViennaRNA 7d),9c602f0a779c,177,2,200,26.62153434753418,0.1331076717376709
42,grouped,Full Model (+ViennaRNA 7d),a05b3fd7b53c,177,1,100,15.623374938964844,0.15623374938964843
42,grouped,Full Model (+ViennaRNA 7d),a1337b1524ae,177,1,100,12.956851959228516,0.12956851959228516
42,grouped,Full Model (+ViennaRNA 7d),a1fefb14b835,170,2,206,45.44688606262207,0.2206159517603013
42,grouped,Full Model (+ViennaRNA 7d),a424ac1d4a52,177,1,100,19.348979949951172,0.19348979949951173
42,grouped,Full Model (+ViennaRNA 7d),a61c2c544514,177,1,100,41.09992599487305,0.4109992599487305
42,grouped,Full Model (+ViennaRNA 7d),a8244009c59c,177,1,100,28.47224235534668,0.2847224235534668
42,grouped,Full Model (+ViennaRNA 7d),a9215f96e01e,177,1,100,21.0887451171875,0.210887451171875
42,grouped,Full Model (+ViennaRNA 7d),a9af1572df82,177,2,200,45.375539779663086,0.22687769889831544
42,grouped,Full Model (+ViennaRNA 7d),ad202f79ddd5,177,2,200,33.63306140899658,0.16816530704498292
42,grouped,Full Model (+ViennaRNA 7d),ae32d5576d78,177,1,100,37.11447525024414,0.3711447525024414
42,grouped,Full Model (+ViennaRNA 7d),aeccc50aed27,177,2,200,40.53814506530762,0.2026907253265381
42,grouped,Full Model (+ViennaRNA 7d),aee69d6b4f4a,177,1,100,9.123709678649902,0.09123709678649902
42,grouped,Full Model (+ViennaRNA 7d),b0ba773e0fa3,177,1,100,20.742958068847656,0.20742958068847656
42,grouped,Full Model (+ViennaRNA 7d),b0e44cb3f894,177,1,100,34.02971267700195,0.34029712677001955
42,grouped,Full Model (+ViennaRNA 7d),b2eb8cb8079c,177,2,200,47.336252212524414,0.23668126106262208
42,grouped,Full Model (+ViennaRNA 7d),b3d21bff91d0,170,2,206,42.48846435546875,0.20625468133722694
42,grouped,Full Model (+ViennaRNA 7d),b49321bfc357,177,1,100,16.269161224365234,0.16269161224365233
42,grouped,Full Model (+ViennaRNA 7d),bb3f9866fb78,177,2,200,41.42569828033447,0.20712849140167236
42,grouped,Full Model (+ViennaRNA 7d),bba029af6113,177,2,200,40.409152030944824,0.2020457601547241
42,grouped,Full Model (+ViennaRNA 7d),bbe387968753,177,2,200,40.41497039794922,0.2020748519897461
42,grouped,Full Model (+ViennaRNA 7d),bc44953f2471,177,1,100,11.678434371948242,0.11678434371948242
42,grouped,Full Model (+ViennaRNA 7d),bd9780254502,177,2,200,30.731255531311035,0.15365627765655518
42,grouped,Full Model (+ViennaRNA 7d),bfd6750fafea,177,2,200,36.9144344329834,0.184572172164917
42,grouped,Full Model (+ViennaRNA 7d),c0083aac8de1,177,2,200,33.76589870452881,0.16882949352264404
42,grouped,Full Model (+ViennaRNA 7d),c149705a3820,177,2,200,54.94110107421875,0.27470550537109373
42,grouped,Full Model (+ViennaRNA 7d),c24c24188d10,177,2,200,26.967254638671875,0.13483627319335936
42,grouped,Full Model (+ViennaRNA 7d),c48267a1ea4e,177,1,100,21.9733829498291,0.219733829498291
42,grouped,Full Model (+ViennaRNA 7d),c6158741f146,155,6,654,92.94100093841553,0.14211162222999316
42,grouped,Full Model (+ViennaRNA 7d),c76e16fffe20,170,2,206,56.1130313873291,0.2723933562491704
42,grouped,Full Model (+ViennaRNA 7d),c7be7e12235d,177,1,100,20.57771110534668,0.2057771110534668
42,grouped,Full Model (+ViennaRNA 7d),c8077d6953f2,177,1,100,11.118139266967773,0.11118139266967773
42,grouped,Full Model (+ViennaRNA 7d),ca2055b0bc50,177,2,200,35.10612201690674,0.1755306100845337
42,grouped,Full Model (+ViennaRNA 7d),cb17f19615df,177,2,200,34.59491157531738,0.17297455787658692
42,grouped,Full Model (+ViennaRNA 7d),cc992c74d2d3,177,2,200,32.41986656188965,0.16209933280944824
42,grouped,Full Model (+ViennaRNA 7d),cdf3759c289f,177,2,200,47.36016654968262,0.2368008327484131
42,grouped,Full Model (+ViennaRNA 7d),ce0ec321e728,177,1,100,19.52342987060547,0.1952342987060547
42,grouped,Full Model (+ViennaRNA 7d),ce68772984e3,177,2,200,42.010812759399414,0.21005406379699706
42,grouped,Full Model (+ViennaRNA 7d),cee1ae18f9ba,177,2,200,51.529727935791016,0.25764863967895507
42,grouped,Full Model (+ViennaRNA 7d),d22c898564c6,170,1,103,35.6380729675293,0.34600070842261454
42,grouped,Full Model (+ViennaRNA 7d),d24dec8676d7,177,2,200,26.599074363708496,0.13299537181854248
42,grouped,Full Model (+ViennaRNA 7d),d2ecfbcf2f2d,177,2,200,39.02339267730713,0.19511696338653564
42,grouped,Full Model (+ViennaRNA 7d),d3d3e6010940,177,2,200,38.718626976013184,0.1935931348800659
42,grouped,Full Model (+ViennaRNA 7d),d4d4798aece8,177,2,200,58.16682815551758,0.2908341407775879
42,grouped,Full Model (+ViennaRNA 7d),d4ebee2dcd9f,177,1,100,14.479562759399414,0.14479562759399414
42,grouped,Full Model (+ViennaRNA 7d),da0787b57a03,177,2,200,38.324838638305664,0.19162419319152832
42,grouped,Full Model (+ViennaRNA 7d),db587e94a819,177,2,200,40.01346397399902,0.20006731986999512
42,grouped,Full Model (+ViennaRNA 7d),db984589a911,177,1,100,12.416841506958008,0.12416841506958008
42,grouped,Full Model (+ViennaRNA 7d),ddaba4d0f57a,177,2,200,45.836721420288086,0.22918360710144042
42,grouped,Full Model (+ViennaRNA 7d),de1e3ea11172,177,2,200,33.1572151184082,0.165786075592041
42,grouped,Full Model (+ViennaRNA 7d),deffe4e62910,177,2,200,35.51857948303223,0.17759289741516113
42,grouped,Full Model (+ViennaRNA 7d),e19c09081c0a,177,2,200,33.30891418457031,0.16654457092285158
42,grouped,Full Model (+ViennaRNA 7d),e230deb9d425,177,1,100,33.043636322021484,0.33043636322021486
42,grouped,Full Model (+ViennaRNA 7d),e5ad8d83e6a3,177,2,200,36.190707206726074,0.18095353603363037
42,grouped,Full Model (+ViennaRNA 7d),e5ae560b03ef,177,2,200,42.677927017211914,0.21338963508605957
42,grouped,Full Model (+ViennaRNA 7d),e5f912daeacc,170,2,206,68.76705932617188,0.33382067634064017
42,grouped,Full Model (+ViennaRNA 7d),e622741dbbc3,177,1,100,16.004470825195312,0.16004470825195313
42,grouped,Full Model (+ViennaRNA 7d),e85cfdd0faff,177,2,200,28.658940315246582,0.14329470157623292
42,grouped,Full Model (+ViennaRNA 7d),ea828aee2706,170,2,206,33.923532485961914,0.16467734216486365
42,grouped,Full Model (+ViennaRNA 7d),edce1b5caf37,177,2,200,44.0848388671875,0.2204241943359375
42,grouped,Full Model (+ViennaRNA 7d),f324bf040057,177,2,200,35.91285514831543,0.17956427574157716
42,grouped,Full Model (+ViennaRNA 7d),f50d6c9f3699,177,2,200,38.59969234466553,0.19299846172332763
42,grouped,Full Model (+ViennaRNA 7d),f5afa279102a,177,1,100,22.843629837036133,0.22843629837036133
42,grouped,Full Model (+ViennaRNA 7d),f6dcc64a0bda,170,2,206,59.67342758178711,0.28967683292129665
42,grouped,Full Model (+ViennaRNA 7d),f7328a417154,177,2,200,34.78175926208496,0.1739087963104248
42,grouped,Full Model (+ViennaRNA 7d),f7b83ed80d32,115,10,690,122.25401592254639,0.17717973322108171
42,grouped,Full Model (+ViennaRNA 7d),f7c52794e638,177,2,200,34.685218811035156,0.17342609405517578
42,grouped,Full Model (+ViennaRNA 7d),f84d2adefa38,177,2,200,43.17972373962402,0.2158986186981201
42,grouped,Full Model (+ViennaRNA 7d),f9beb86f8b6f,177,2,200,39.890682220458984,0.19945341110229492
42,grouped,Full Model (+ViennaRNA 7d),fc2671e5a4cb,177,2,200,37.01833724975586,0.1850916862487793
42,grouped,Full Model (+ViennaRNA 7d),fc341f6c2d28,177,1,100,18.512765884399414,0.18512765884399415
42,grouped,Full Model (+ViennaRNA 7d),fc5adcf7eb40,177,2,200,30.77743434906006,0.15388717174530028
42,grouped,Full Model (+ViennaRNA 7d),fc82d6f0fbc8,177,1,100,12.378730773925781,0.12378730773925781
42,grouped,Full Model (+ViennaRNA 7d),fceac0fe851a,177,2,200,43.72360420227051,0.21861802101135253
42,random,CNN + Bi-LSTM,00fee221fed8,177,1,100,23.93721580505371,0.2393721580505371
42,random,CNN + Bi-LSTM,0158b883f6df,177,1,100,29.360023498535156,0.29360023498535154
42,random,CNN + Bi-LSTM,0272ab36bc3b,115,2,138,21.083741188049316,0.1527807332467342
42,random,CNN + Bi-LSTM,035e9e6cf34c,115,1,69,12.547395706176758,0.18184631458227185
42,random,CNN + Bi-LSTM,038ba5ea2414,177,1,100,12.769168853759766,0.12769168853759766
42,random,CNN + Bi-LSTM,03f96eb1828c,115,2,138,20.956360816955566,0.15185768707938815
42,random,CNN + Bi-LSTM,04396fb86ca3,177,1,100,15.123705863952637,0.15123705863952636
42,random,CNN + Bi-LSTM,04e856bc5974,170,1,103,29.477201461791992,0.28618642195914556
42,random,CNN + Bi-LSTM,05b715834673,177,1,100,15.959585189819336,0.15959585189819336
42,random,CNN + Bi-LSTM,067e3c1c1ea8,177,1,100,12.921161651611328,0.1292116165161133
42,random,CNN + Bi-LSTM,098b4f749abe,177,1,100,16.60004997253418,0.1660004997253418
42,random,CNN + Bi-LSTM,0aeb79f0e26d,177,1,100,26.113948822021484,0.2611394882202148
42,random,CNN + Bi-LSTM,0b8057b073ff,177,1,100,20.834529876708984,0.20834529876708985
42,random,CNN + Bi-LSTM,0baa46212ed2,177,1,100,20.12002944946289,0.2012002944946289
42,random,CNN + Bi-LSTM,0c71368ee153,177,1,100,25.614547729492188,0.2561454772949219
42,random,CNN + Bi-LSTM,0cd68d709c4d,170,1,103,25.77788543701172,0.25027073239817205
42,random,CNN + Bi-LSTM,0ce9a702972c,177,1,100,23.951690673828125,0.23951690673828124
42,random,CNN + Bi-LSTM,0d2566db2f11,177,1,100,18.901182174682617,0.18901182174682618
42,random,CNN + Bi-LSTM,0dccb529bf3c,177,1,100,15.229217529296875,0.15229217529296876
42,random,CNN + Bi-LSTM,0f22f7cd7fe8,177,1,100,19.27664566040039,0.1927664566040039
42,random,CNN + Bi-LSTM,104adbda2c8b,170,1,103,24.0765438079834,0.2337528525046932
42,random,CNN + Bi-LSTM,109795b6e4e4,177,1,100,25.00492286682129,0.2500492286682129
42,random,CNN + Bi-LSTM,11b65b437b51,177,1,100,25.817081451416016,0.25817081451416013
42,random,CNN + Bi-LSTM,1252f2b6c2fd,177,1,100,17.445100784301758,0.1744510078430176
42,random,CNN + Bi-LSTM,126043caf177,177,1,100,14.258733749389648,0.1425873374938965
42,random,CNN + Bi-LSTM,12da41f42e30,177,1,100,15.661543846130371,0.1566154384613037
42,random,CNN + Bi-LSTM,1327c61b1836,177,1,100,14.918115615844727,0.14918115615844726
42,random,CNN + Bi-LSTM,1563827e90c7,177,2,200,39.02275848388672,0.1951137924194336
42,random,CNN + Bi-LSTM,1c10b1cb9417,177,1,100,18.667675018310547,0.18667675018310548
42,random,CNN + Bi-LSTM,1caad1794c76,177,1,100,26.392375946044922,0.2639237594604492
42,random,CNN + Bi-LSTM,1e478acc86c8,177,1,100,16.85360336303711,0.1685360336303711
42,random,CNN + Bi-LSTM,20651db0eb9e,115,2,138,27.83322048187256,0.20169000349183014
42,random,CNN + Bi-LSTM,20c8bac7e671,177,1,100,14.900718688964844,0.14900718688964842
42,random,CNN + Bi-LSTM,21cc11c6367d,177,1,100,36.40620040893555,0.36406200408935546
42,random,CNN + Bi-LSTM,232992701729,177,1,100,25.47054100036621,0.2547054100036621
42,random,CNN + Bi-LSTM,244bb7bac299,177,1,100,18.987810134887695,0.18987810134887695
42,random,CNN + Bi-LSTM,24dcf6d98330,177,2,200,43.10090446472168,0.2155045223236084
42,random,CNN + Bi-LSTM,2571bdb75e88,177,1,100,17.537771224975586,0.17537771224975585
42,random,CNN + Bi-LSTM,259c2a8ad0ce,177,1,100,20.526885986328125,0.20526885986328125
42,random,CNN + Bi-LSTM,25f2170b08a7,177,1,100,26.49567222595215,0.2649567222595215
42,random,CNN + Bi-LSTM,26bd1dc7890f,177,2,200,45.725425720214844,0.22862712860107423
42,random,CNN + Bi-LSTM,26ffb691d725,177,1,100,16.35332489013672,0.1635332489013672
42,random,CNN + Bi-LSTM,2918b4232e00,177,1,100,17.91794204711914,0.1791794204711914
42,random,CNN + Bi-LSTM,295136924321,177,1,100,20.002044677734375,0.20002044677734376
42,random,CNN + Bi-LSTM,2a6243f5396b,177,1,100,15.132474899291992,0.15132474899291992
42,random,CNN + Bi-LSTM,2d11a75bca33,177,1,100,16.30630874633789,0.16306308746337891
42,random,CNN + Bi-LSTM,2e06b23eb94a,177,1,100,26.622066497802734,0.2662206649780273
42,random,CNN + Bi-LSTM,2e162686c177,177,1,100,29.508548736572266,0.29508548736572265
42,random,CNN + Bi-LSTM,2e2adbd831cb,177,1,100,17.122909545898438,0.17122909545898438
42,random,CNN + Bi-LSTM,2eaa7ec685da,177,1,100,25.954160690307617,0.25954160690307615
42,random,CNN + Bi-LSTM,3022c6c6a9f2,170,1,103,20.067302703857422,0.19482818159084875
42,random,CNN + Bi-LSTM,32a8faec67ef,177,1,100,35.72789001464844,0.3572789001464844
42,random,CNN + Bi-LSTM,32e3df454dac,177,1,100,18.11011505126953,0.18110115051269532
42,random,CNN + Bi-LSTM,3426d40eb72e,115,1,69,9.695111274719238,0.140508859053902
42,random,CNN + Bi-LSTM,34721178b1ba,177,1,100,22.87887191772461,0.22878871917724608
42,random,CNN + Bi-LSTM,349b45f98177,177,1,100,26.41388511657715,0.26413885116577146
42,random,CNN + Bi-LSTM,35e73935ed42,177,1,100,20.875715255737305,0.20875715255737304
42,random,CNN + Bi-LSTM,37736c9a44a1,177,1,100,33.251441955566406,0.3325144195556641
42,random,CNN + Bi-LSTM,396b2159ef2b,115,1,69,10.652544021606445,0.1543846959653108
42,random,CNN + Bi-LSTM,39949df91891,177,1,100,20.592226028442383,0.20592226028442384
42,random,CNN + Bi-LSTM,39a91d5ff5a3,177,1,100,23.558364868164062,0.2355836486816406
42,random,CNN + Bi-LSTM,3a018097004f,115,3,207,34.94482135772705,0.16881556211462342
42,random,CNN + Bi-LSTM,3c18ad99d536,177,2,200,48.23050498962402,0.24115252494812012
42,random,CNN + Bi-LSTM,3c5b3be71dfe,177,1,100,17.332138061523438,0.1733213806152344
42,random,CNN + Bi-LSTM,3c98a2bba159,177,1,100,22.370466232299805,0.22370466232299804
42,random,CNN + Bi-LSTM,3d0b1b56c1c0,177,1,100,21.523571014404297,0.21523571014404297
42,random,CNN + Bi-LSTM,3dd6dac4e410,177,1,100,22.32052230834961,0.2232052230834961
42,random,CNN + Bi-LSTM,3fc9caae73df,177,1,100,23.188133239746094,0.23188133239746095
42,random,CNN + Bi-LSTM,3fe892fcf2b9,177,1,100,15.727361679077148,0.15727361679077148
42,random,CNN + Bi-LSTM,415c13c97ac6,177,1,100,14.554671287536621,0.14554671287536622
42,random,CNN + Bi-LSTM,425ef6f4891e,115,1,69,16.326051712036133,0.23660944510197293
42,random,CNN + Bi-LSTM,427bdd0c32ac,177,1,100,27.55326271057129,0.2755326271057129
42,random,CNN + Bi-LSTM,42a3f5e8de12,177,1,100,20.431421279907227,0.20431421279907228
42,random,CNN + Bi-LSTM,463e196c09b4,177,1,100,22.805957794189453,0.22805957794189452
42,random,CNN + Bi-LSTM,4813fd5041a5,177,1,100,16.43030548095703,0.1643030548095703
42,random,CNN + Bi-LSTM,49b205ce3a62,177,1,100,30.435190200805664,0.3043519020080566
42,random,CNN + Bi-LSTM,4d383d99f659,177,1,100,23.89935302734375,0.2389935302734375
42,random,CNN + Bi-LSTM,4f86b8e88de6,177,1,100,26.715869903564453,0.26715869903564454
42,random,CNN + Bi-LSTM,508615ad1cdf,177,1,100,22.338321685791016,0.22338321685791016
42,random,CNN + Bi-LSTM,512b65a46f0f,177,1,100,19.59622573852539,0.1959622573852539
42,random,CNN + Bi-LSTM,516f03eda3bd,177,1,100,19.470413208007812,0.1947041320800781
42,random,CNN + Bi-LSTM,518e4c7d35a1,177,1,100,23.450698852539062,0.23450698852539062
42,random,CNN + Bi-LSTM,52780939dc8f,177,1,100,20.01419448852539,0.20014194488525391
42,random,CNN + Bi-LSTM,52881c2d896b,177,1,100,32.34898376464844,0.32348983764648437
42,random,CNN + Bi-LSTM,53071cbd27d5,177,2,200,36.531070709228516,0.18265535354614257
42,random,CNN + Bi-LSTM,56340500f232,177,1,100,16.187931060791016,0.16187931060791017
42,random,CNN + Bi-LSTM,564e6f1cbc2b,177,1,100,15.525557518005371,0.1552555751800537
42,random,CNN + Bi-LSTM,58f542c633cb,177,1,100,26.757488250732422,0.2675748825073242
42,random,CNN + Bi-LSTM,5c4f225944a8,177,1,100,25.519424438476562,0.2551942443847656
42,random,CNN + Bi-LSTM,5dbcea02f6d9,177,1,100,11.665043830871582,0.11665043830871583
42,random,CNN + Bi-LSTM,5ed1eb69f210,177,1,100,17.34625816345215,0.1734625816345215
42,random,CNN + Bi-LSTM,5f589c58a1e5,177,1,100,12.388311386108398,0.12388311386108398
42,random,CNN + Bi-LSTM,5f756d269f07,177,1,100,21.865253448486328,0.21865253448486327
42,random,CNN + Bi-LSTM,6012e5ae3747,177,1,100,26.371768951416016,0.26371768951416014
42,random,CNN + Bi-LSTM,6565438fe942,177,1,100,23.623992919921875,0.23623992919921874
42,random,CNN + Bi-LSTM,67f68a7217b3,177,1,100,21.34044647216797,0.21340446472167968
42,random,CNN + Bi-LSTM,681f424d2a28,177,1,100,19.256568908691406,0.19256568908691407
42,random,CNN + Bi-LSTM,68a81f7a0851,177,1,100,21.979597091674805,0.21979597091674805
42,random,CNN + Bi-LSTM,6a5de1f07fc4,177,1,100,22.318077087402344,0.22318077087402344
42,random,CNN + Bi-LSTM,7063154436f8,177,1,100,16.975139617919922,0.1697513961791992
42,random,CNN + Bi-LSTM,708a27cf017b,177,1,100,17.860233306884766,0.17860233306884765
42,random,CNN + Bi-LSTM,70d670a45fbf,177,1,100,17.016494750976562,0.17016494750976563
42,random,CNN + Bi-LSTM,70eae8b92d44,177,1,100,19.373056411743164,0.19373056411743164
42,random,CNN + Bi-LSTM,7376cd436835,177,1,100,33.0201416015625,0.330201416015625
42,random,CNN + Bi-LSTM,74c63b493906,177,1,100,28.645225524902344,0.28645225524902346
42,random,CNN + Bi-LSTM,74f652fca824,177,1,100,16.03462791442871,0.16034627914428712
42,random,CNN + Bi-LSTM,76ca4d897448,177,1,100,20.529617309570312,0.20529617309570314
42,random,CNN + Bi-LSTM,76d2f7267390,155,1,109,26.164011001586914,0.24003679817969645
42,random,CNN + Bi-LSTM,773c899b5042,170,1,103,23.23698616027832,0.22560180738134292
42,random,CNN + Bi-LSTM,7adf7399d2d2,177,1,100,17.909927368164062,0.17909927368164064
42,random,CNN + Bi-LSTM,7b3e71bbe05f,177,1,100,23.050350189208984,0.23050350189208985
42,random,CNN + Bi-LSTM,7dba70a356c4,177,1,100,22.404930114746094,0.22404930114746094
42,random,CNN + Bi-LSTM,7e55d0c9079f,177,1,100,13.552228927612305,0.13552228927612306
42,random,CNN + Bi-LSTM,7ee53e5fb990,177,1,100,22.288433074951172,0.22288433074951172
42,random,CNN + Bi-LSTM,7efd6906a270,177,1,100,15.52085018157959,0.1552085018157959
42,random,CNN + Bi-LSTM,7f501ee72dc6,177,1,100,25.1415958404541,0.251415958404541
42,random,CNN + Bi-LSTM,7f86603ecc91,177,1,100,36.885738372802734,0.36885738372802734
42,random,CNN + Bi-LSTM,803a17a5c1c8,177,1,100,14.280405044555664,0.14280405044555664
42,random,CNN + Bi-LSTM,80631598f86f,177,1,100,24.930858612060547,0.24930858612060547
42,random,CNN + Bi-LSTM,814435e2f515,177,1,100,23.878440856933594,0.23878440856933594
42,random,CNN + Bi-LSTM,8270669437e3,170,1,103,18.0936336517334,0.17566634613333396
42,random,CNN + Bi-LSTM,840b8ecaba46,206,1,139,22.9074764251709,0.16480198867029425
42,random,CNN + Bi-LSTM,841aea722c35,177,1,100,20.08428192138672,0.20084281921386718
42,random,CNN + Bi-LSTM,850bec76e220,177,1,100,18.552562713623047,0.18552562713623047
42,random,CNN + Bi-LSTM,86cc9f022072,177,1,100,26.516794204711914,0.26516794204711913
42,random,CNN + Bi-LSTM,8719373052f3,177,2,200,26.127394676208496,0.1306369733810425
42,random,CNN + Bi-LSTM,878b49baf0e0,177,1,100,22.346302032470703,0.22346302032470702
42,random,CNN + Bi-LSTM,88a494b0bfa1,177,1,100,29.591033935546875,0.29591033935546873
42,random,CNN + Bi-LSTM,88a6e9e3dabc,177,1,100,24.357728958129883,0.24357728958129882
42,random,CNN + Bi-LSTM,8951cda616ab,177,1,100,17.57560920715332,0.1757560920715332
42,random,CNN + Bi-LSTM,895ad6b5ec1f,177,1,100,20.659305572509766,0.20659305572509765
42,random,CNN + Bi-LSTM,89ef4bb9bed0,177,1,100,16.65689468383789,0.16656894683837892
42,random,CNN + Bi-LSTM,8a0f1c5b0d76,177,1,100,23.47055435180664,0.2347055435180664
42,random,CNN + Bi-LSTM,8c64548738ce,177,1,100,18.568538665771484,0.18568538665771483
42,random,CNN + Bi-LSTM,8ce40de9df68,177,1,100,17.61611557006836,0.17616115570068358
42,random,CNN + Bi-LSTM,8da9117f426e,177,1,100,22.432662963867188,0.22432662963867187
42,random,CNN + Bi-LSTM,8db04c1ead85,177,1,100,15.315689086914062,0.15315689086914064
42,random,CNN + Bi-LSTM,8e9af482b5e4,177,2,200,51.19563102722168,0.2559781551361084
42,random,CNN + Bi-LSTM,8f2436c25cff,170,1,103,23.073238372802734,0.22401202303691975
42,random,CNN + Bi-LSTM,9133ff577583,177,2,200,47.665212631225586,0.23832606315612792
42,random,CNN + Bi-LSTM,91943b642389,177,1,100,22.060062408447266,0.22060062408447265
42,random,CNN + Bi-LSTM,91c2b04c11a1,177,1,100,18.87174415588379,0.18871744155883788
42,random,CNN + Bi-LSTM,9210f821f5c4,177,1,100,19.151596069335938,0.19151596069335938
42,random,CNN + Bi-LSTM,93d5bd2942d1,177,1,100,16.869583129882812,0.16869583129882812
42,random,CNN + Bi-LSTM,953c67f4fdae,177,1,100,16.535099029541016,0.16535099029541014
42,random,CNN + Bi-LSTM,972ed350fb2b,177,2,200,57.176727294921875,0.28588363647460935
42,random,CNN + Bi-LSTM,977d8b31b015,177,1,100,19.648235321044922,0.1964823532104492
42,random,CNN + Bi-LSTM,9a6a4f63f2be,177,1,100,14.824333190917969,0.14824333190917968
42,random,CNN + Bi-LSTM,9b3e47596609,177,1,100,30.583606719970703,0.305836067199707
42,random,CNN + Bi-LSTM,9b74b0082440,177,1,100,27.49509620666504,0.2749509620666504
42,random,CNN + Bi-LSTM,9bc7e2a7f83a,115,1,69,10.409173965454102,0.15085759370223337
42,random,CNN + Bi-LSTM,9c05cb47f7ab,170,1,103,34.9071044921875,0.3389039271086165
42,random,CNN + Bi-LSTM,9c1cccf13174,177,1,100,19.276073455810547,0.19276073455810547
42,random,CNN + Bi-LSTM,9c602f0a779c,177,1,100,15.21546459197998,0.1521546459197998
42,random,CNN + Bi-LSTM,9d84950b6fe1,177,1,100,15.589714050292969,0.1558971405029297
42,random,CNN + Bi-LSTM,9ea798b5d78f,177,1,100,19.5250186920166,0.19525018692016602
42,random,CNN + Bi-LSTM,a0382b293f90,177,1,100,20.04928207397461,0.20049282073974609
42,random,CNN + Bi-LSTM,a05b3fd7b53c,177,1,100,13.153709411621094,0.13153709411621095
42,random,CNN + Bi-LSTM,a0b0ef4e1f35,177,1,100,19.16214942932129,0.1916214942932129
42,random,CNN + Bi-LSTM,a105b526b8dc,177,1,100,18.834070205688477,0.18834070205688477
42,random,CNN + Bi-LSTM,a1aa4597e707,177,1,100,18.295557022094727,0.18295557022094727
42,random,CNN + Bi-LSTM,a76ed852de05,177,1,100,23.43922996520996,0.23439229965209962
42,random,CNN + Bi-LSTM,a8b5848beae8,177,1,100,17.89948081970215,0.1789948081970215
42,random,CNN + Bi-LSTM,a9215f96e01e,177,1,100,20.106918334960938,0.20106918334960938
42,random,CNN + Bi-LSTM,a9af1572df82,177,1,100,22.012340545654297,0.22012340545654296
42,random,CNN + Bi-LSTM,aa5fc320008b,177,1,100,23.298015594482422,0.2329801559448242
42,random,CNN + Bi-LSTM,aaa4e6cb9d39,177,1,100,34.52451705932617,0.3452451705932617
42,random,CNN + Bi-LSTM,ab5aa0dd07cf,177,2,200,42.91312599182129,0.21456562995910644
42,random,CNN + Bi-LSTM,abca94fe363f,177,1,100,15.239431381225586,0.15239431381225585
42,random,CNN + Bi-LSTM,abe0c14c2ecf,177,2,200,40.41805648803711,0.20209028244018554
42,random,CNN + Bi-LSTM,acb203de84ce,177,1,100,16.69405174255371,0.16694051742553712
42,random,CNN + Bi-LSTM,ad202f79ddd5,177,1,100,15.83515739440918,0.1583515739440918
42,random,CNN + Bi-LSTM,b0e922ba9b2e,177,1,100,18.03632354736328,0.1803632354736328
42,random,CNN + Bi-LSTM,b1a245043377,177,1,100,18.130630493164062,0.18130630493164063
42,random,CNN + Bi-LSTM,b2eb8cb8079c,177,1,100,19.287763595581055,0.19287763595581053
42,random,CNN + Bi-LSTM,b3b4a16c3cb0,177,1,100,17.09394073486328,0.1709394073486328
42,random,CNN + Bi-LSTM,b40680909f93,177,1,100,26.03306770324707,0.2603306770324707
42,random,CNN + Bi-LSTM,b4d1af67dee5,115,1,69,8.80971908569336,0.1276770881984545
42,random,CNN + Bi-LSTM,b63eff82a632,177,2,200,41.859859466552734,0.20929929733276367
42,random,CNN + Bi-LSTM,b9948beb1124,177,1,100,17.860851287841797,0.17860851287841797
42,random,CNN + Bi-LSTM,baf80d1b57cf,177,1,100,17.917776107788086,0.17917776107788086
42,random,CNN + Bi-LSTM,bb1634d420cd,177,1,100,25.548717498779297,0.25548717498779294
42,random,CNN + Bi-LSTM,bbdc7839dfbf,177,1,100,14.213064193725586,0.14213064193725586
42,random,CNN + Bi-LSTM,bd9c43ea1b3a,177,1,100,19.163589477539062,0.19163589477539061
42,random,CNN + Bi-LSTM,bf52fe408d2d,170,1,103,22.299598693847656,0.21650095819269569
42,random,CNN + Bi-LSTM,c1fd5a0ff12d,177,1,100,28.013992309570312,0.2801399230957031
42,random,CNN + Bi-LSTM,c3353748c46d,177,1,100,20.432971954345703,0.20432971954345702
42,random,CNN + Bi-LSTM,c33c47c5a06c,177,1,100,20.177518844604492,0.20177518844604492
42,random,CNN + Bi-LSTM,c4455c321186,177,2,200,45.132699966430664,0.2256634998321533
42,random,CNN + Bi-LSTM,c516516687ad,206,1,139,24.173030853271484,0.17390669678612578
42,random,CNN + Bi-LSTM,c5895a72a4a9,177,2,200,45.164692878723145,0.22582346439361572
42,random,CNN + Bi-LSTM,c63697fb7d10,115,1,69,16.887176513671875,0.24474168860394022
42,random,CNN + Bi-LSTM,c6633820d894,177,1,100,16.011159896850586,0.16011159896850585
42,random,CNN + Bi-LSTM,c715f410c8c0,177,1,100,16.97637176513672,0.1697637176513672
42,random,CNN + Bi-LSTM,c744e55a6ab4,177,1,100,19.961910247802734,0.19961910247802733
42,random,CNN + Bi-LSTM,c75b2d358afd,170,2,206,53.15078163146973,0.258013503065387
42,random,CNN + Bi-LSTM,c76e16fffe20,170,1,103,25.904237747192383,0.25149745385623673
42,random,CNN + Bi-LSTM,c79905006a4e,177,1,100,24.951223373413086,0.24951223373413087
42,random,CNN + Bi-LSTM,c79d1823a62a,177,1,100,25.391366958618164,0.25391366958618167
42,random,CNN + Bi-LSTM,c83f1922ed54,177,1,100,27.355195999145508,0.2735519599914551
42,random,CNN + Bi-LSTM,c99d71fb29d4,177,1,100,33.31116485595703,0.3331116485595703
42,random,CNN + Bi-LSTM,ca383056ed8a,177,1,100,22.291685104370117,0.22291685104370118
42,random,CNN + Bi-LSTM,cb99d337fc6e,177,1,100,24.35873031616211,0.24358730316162108
42,random,CNN + Bi-LSTM,cc2fc3be96b8,177,1,100,33.669437408447266,0.33669437408447267
42,random,CNN + Bi-LSTM,cc85c5cf1b74,177,1,100,23.647109985351562,0.23647109985351564
42,random,CNN + Bi-LSTM,cd9ee27de81f,177,1,100,12.28394603729248,0.1228394603729248
42,random,CNN + Bi-LSTM,cecf79bb98e1,177,1,100,25.46353530883789,0.2546353530883789
42,random,CNN + Bi-LSTM,d367e2ed92d7,177,1,100,19.79947280883789,0.1979947280883789
42,random,CNN + Bi-LSTM,d42bedc1fb67,177,1,100,18.115468978881836,0.18115468978881835
42,random,CNN + Bi-LSTM,d58ec7db8d18,170,1,103,31.91993522644043,0.3099022837518488
42,random,CNN + Bi-LSTM,d67f008fd24c,177,1,100,23.79700469970703,0.2379700469970703
42,random,CNN + Bi-LSTM,d9c5eca9fc2f,177,1,100,23.314037322998047,0.23314037322998046
42,random,CNN + Bi-LSTM,db1e6650c405,177,1,100,25.89725112915039,0.2589725112915039
42,random,CNN + Bi-LSTM,db587e94a819,177,1,100,18.5325870513916,0.18532587051391602
42,random,CNN + Bi-LSTM,dcc8ddf8ddfc,177,1,100,21.706085205078125,0.21706085205078124
42,random,CNN + Bi-LSTM,dd7adbbe317f,177,1,100,16.596946716308594,0.16596946716308594
42,random,CNN + Bi-LSTM,ddc7771b98ea,177,1,100,19.23932647705078,0.1923932647705078
42,random,CNN + Bi-LSTM,de3f2002b07f,177,1,100,19.61480140686035,0.19614801406860352
42,random,CNN + Bi-LSTM,dec733aee617,177,1,100,37.641937255859375,0.37641937255859376
42,random,CNN + Bi-LSTM,e08f218078fb,177,1,100,15.616504669189453,0.15616504669189454
42,random,CNN + Bi-LSTM,e10345b1bc49,170,1,103,19.75719451904297,0.19181742251498027
42,random,CNN + Bi-LSTM,e17505dfad4f,177,1,100,17.774044036865234,0.17774044036865233
42,random,CNN + Bi-LSTM,e19c09081c0a,177,1,100,17.120952606201172,0.17120952606201173
42,random,CNN + Bi-LSTM,e29e108be40a,170,1,103,22.853729248046875,0.221880866485892
42,random,CNN + Bi-LSTM,e4bb053d29df,177,1,100,23.295923233032227,0.23295923233032226
42,random,CNN + Bi-LSTM,e5ad8d83e6a3,177,1,100,14.952343940734863,0.14952343940734864
42,random,CNN + Bi-LSTM,e7092f49ad50,177,1,100,27.205286026000977,0.27205286026000974
42,random,CNN + Bi-LSTM,e761f3bbe459,177,1,100,29.242937088012695,0.29242937088012694
42,random,CNN + Bi-LSTM,e763248cd849,177,1,100,20.65302848815918,0.2065302848815918
42,random,CNN + Bi-LSTM,e85dbbc1e389,177,1,100,17.76132583618164,0.1776132583618164
42,random,CNN + Bi-LSTM,ea81b8aea9e8,177,1,100,14.815783500671387,0.14815783500671387
42,random,CNN + Bi-LSTM,eaa924622a92,177,1,100,27.95049285888672,0.27950492858886716
42,random,CNN + Bi-LSTM,eb86cc06ac7d,177,1,100,15.980515480041504,0.15980515480041504
42,random,CNN + Bi-LSTM,f2b4b32037e3,177,1,100,26.567123413085938,0.26567123413085936
42,random,CNN + Bi-LSTM,f2ff2459e5b7,177,1,100,24.927322387695312,0.24927322387695314
42,random,CNN + Bi-LSTM,f50d6c9f3699,177,1,100,22.785987854003906,0.22785987854003906
42,random,CNN + Bi-LSTM,f6dcc64a0bda,170,1,103,25.903209686279297,0.25148747268232324
42,random,CNN + Bi-LSTM,f7b83ed80d32,115,1,69,12.108037948608398,0.17547881084939707
42,random,CNN + Bi-LSTM,f810d42e0bd8,177,1,100,16.805273056030273,0.16805273056030273
42,random,CNN + Bi-LSTM,f9ec3cae1256,177,1,100,16.77435302734375,0.1677435302734375
42,random,CNN + Bi-LSTM,fa2161af97a3,170,1,103,29.02117156982422,0.2817589472798468
42,random,CNN + Bi-LSTM,fa508fe5212e,177,1,100,23.947498321533203,0.23947498321533203
42,random,CNN + Bi-LSTM,fb48c5f7a889,177,1,100,18.29029083251953,0.18290290832519532
42,random,CNN + Bi-LSTM,fc29f761a1fd,177,1,100,22.78605079650879,0.2278605079650879
42,random,CNN + Bi-LSTM,fca1e93770fe,177,1,100,18.557313919067383,0.18557313919067384
42,random,CNN + Bi-LSTM,fceac0fe851a,177,1,100,24.634658813476562,0.24634658813476562
42,random,CNN + Bi-LSTM,fe0b5fe3429f,115,2,138,28.976573944091797,0.20997517350791156
42,random,CNN + Bi-LSTM,fe2c32fa6924,177,1,100,19.767786026000977,0.19767786026000977
42,random,CNN + Bi-LSTM,ff2096346fd8,177,1,100,15.70556926727295,0.15705569267272948
42,random,CNN + Bi-LSTM,ff650a3a9500,177,1,100,26.07360076904297,0.2607360076904297
42,random,CNN + Bi-LSTM,ffa300791bea,177,1,100,20.622575759887695,0.20622575759887696
42,random,CNN + Bi-LSTM,ffeb117251f6,177,1,100,22.350099563598633,0.22350099563598633
42,random,CNN + LSTM + Transformer,00fee221fed8,177,1,100,23.953296661376953,0.23953296661376952
42,random,CNN + LSTM + Transformer,0158b883f6df,177,1,100,29.8836669921875,0.298836669921875
42,random,CNN + LSTM + Transformer,0272ab36bc3b,115,2,138,24.566448211669922,0.1780177406642748
42,random,CNN + LSTM + Transformer,035e9e6cf34c,115,1,69,15.260843276977539,0.22117164169532666
42,random,CNN + LSTM + Transformer,038ba5ea2414,177,1,100,12.754289627075195,0.12754289627075197
42,random,CNN + LSTM + Transformer,03f96eb1828c,115,2,138,21.982030868530273,0.15929007875746576
42,random,CNN + LSTM + Transformer,04396fb86ca3,177,1,100,14.280964851379395,0.14280964851379394
42,random,CNN + LSTM + Transformer,04e856bc5974,170,1,103,29.759037017822266,0.28892268949342004
42,random,CNN + LSTM + Transformer,05b715834673,177,1,100,19.882251739501953,0.19882251739501952
42,random,CNN + LSTM + Transformer,067e3c1c1ea8,177,1,100,12.105405807495117,0.12105405807495118
42,random,CNN + LSTM + Transformer,098b4f749abe,177,1,100,20.833736419677734,0.20833736419677734
42,random,CNN + LSTM + Transformer,0aeb79f0e26d,177,1,100,28.79526138305664,0.2879526138305664
42,random,CNN + LSTM + Transformer,0b8057b073ff,177,1,100,20.38222885131836,0.2038222885131836
42,random,CNN + LSTM + Transformer,0baa46212ed2,177,1,100,20.85405921936035,0.20854059219360352
42,random,CNN + LSTM + Transformer,0c71368ee153,177,1,100,26.138736724853516,0.2613873672485352
42,random,CNN + LSTM + Transformer,0cd68d709c4d,170,1,103,26.421056747436523,0.25651511405278177
42,random,CNN + LSTM + Transformer,0ce9a702972c,177,1,100,23.609779357910156,0.23609779357910157
42,random,CNN + LSTM + Transformer,0d2566db2f11,177,1,100,18.910743713378906,0.18910743713378905
42,random,CNN + LSTM + Transformer,0dccb529bf3c,177,1,100,14.595871925354004,0.14595871925354004
42,random,CNN + LSTM + Transformer,0f22f7cd7fe8,177,1,100,21.741302490234375,0.21741302490234374
42,random,CNN + LSTM + Transformer,104adbda2c8b,170,1,103,23.933822631835938,0.23236721001782465
42,random,CNN + LSTM + Transformer,109795b6e4e4,177,1,100,28.280467987060547,0.2828046798706055
42,random,CNN + LSTM + Transformer,11b65b437b51,177,1,100,24.610565185546875,0.24610565185546876
42,random,CNN + LSTM + Transformer,1252f2b6c2fd,177,1,100,20.992347717285156,0.20992347717285156
42,random,CNN + LSTM + Transformer,126043caf177,177,1,100,13.902359008789062,0.13902359008789061
42,random,CNN + LSTM + Transformer,12da41f42e30,177,1,100,19.77169418334961,0.19771694183349608
42,random,CNN + LSTM + Transformer,1327c61b1836,177,1,100,19.286643981933594,0.19286643981933593
42,random,CNN + LSTM + Transformer,1563827e90c7,177,2,200,38.92169380187988,0.1946084690093994
42,random,CNN + LSTM + Transformer,1c10b1cb9417,177,1,100,22.8287410736084,0.228287410736084
42,random,CNN + LSTM + Transformer,1caad1794c76,177,1,100,26.21894073486328,0.26218940734863283
42,random,CNN + LSTM + Transformer,1e478acc86c8,177,1,100,17.93509864807129,0.1793509864807129
42,random,CNN + LSTM + Transformer,20651db0eb9e,115,2,138,29.143938064575195,0.21118795698967532
42,random,CNN + LSTM + Transformer,20c8bac7e671,177,1,100,17.92202377319336,0.1792202377319336
42,random,CNN + LSTM + Transformer,21cc11c6367d,177,1,100,36.613365173339844,0.36613365173339846
42,random,CNN + LSTM + Transformer,232992701729,177,1,100,25.763324737548828,0.25763324737548826
42,random,CNN + LSTM + Transformer,244bb7bac299,177,1,100,19.790164947509766,0.19790164947509767
42,random,CNN + LSTM + Transformer,24dcf6d98330,177,2,200,40.12787055969238,0.2006393527984619
42,random,CNN + LSTM + Transformer,2571bdb75e88,177,1,100,17.442258834838867,0.17442258834838867
42,random,CNN + LSTM + Transformer,259c2a8ad0ce,177,1,100,20.189128875732422,0.2018912887573242
42,random,CNN + LSTM + Transformer,25f2170b08a7,177,1,100,27.68711280822754,0.2768711280822754
42,random,CNN + LSTM + Transformer,26bd1dc7890f,177,2,200,45.60988807678223,0.22804944038391115
42,random,CNN + LSTM + Transformer,26ffb691d725,177,1,100,17.295969009399414,0.17295969009399415
42,random,CNN + LSTM + Transformer,2918b4232e00,177,1,100,18.778793334960938,0.1877879333496094
42,random,CNN + LSTM + Transformer,295136924321,177,1,100,21.76201629638672,0.2176201629638672
42,random,CNN + LSTM + Transformer,2a6243f5396b,177,1,100,19.061540603637695,0.19061540603637694
42,random,CNN + LSTM + Transformer,2d11a75bca33,177,1,100,17.389835357666016,0.17389835357666017
42,random,CNN + LSTM + Transformer,2e06b23eb94a,177,1,100,26.1888427734375,0.261888427734375
42,random,CNN + LSTM + Transformer,2e162686c177,177,1,100,30.652877807617188,0.30652877807617185
42,random,CNN + LSTM + Transformer,2e2adbd831cb,177,1,100,19.612215042114258,0.1961221504211426
42,random,CNN + LSTM + Transformer,2eaa7ec685da,177,1,100,25.984909057617188,0.2598490905761719
42,random,CNN + LSTM + Transformer,3022c6c6a9f2,170,1,103,19.608562469482422,0.19037439290759633
42,random,CNN + LSTM + Transformer,32a8faec67ef,177,1,100,33.75727844238281,0.3375727844238281
42,random,CNN + LSTM + Transformer,32e3df454dac,177,1,100,21.016395568847656,0.21016395568847657
42,random,CNN + LSTM + Transformer,3426d40eb72e,115,1,69,11.839125633239746,0.17158153091651807
42,random,CNN + LSTM + Transformer,34721178b1ba,177,1,100,23.638290405273438,0.23638290405273438
42,random,CNN + LSTM + Transformer,349b45f98177,177,1,100,27.075950622558594,0.2707595062255859
42,random,CNN + LSTM + Transformer,35e73935ed42,177,1,100,21.822921752929688,0.2182292175292969
42,random,CNN + LSTM + Transformer,37736c9a44a1,177,1,100,32.83076858520508,0.3283076858520508
42,random,CNN + LSTM + Transformer,396b2159ef2b,115,1,69,14.94674015045166,0.2166194224703139
42,random,CNN + LSTM + Transformer,39949df91891,177,1,100,19.957353591918945,0.19957353591918944
42,random,CNN + LSTM + Transformer,39a91d5ff5a3,177,1,100,27.72347640991211,0.27723476409912107
42,random,CNN + LSTM + Transformer,3a018097004f,115,3,207,39.24882411956787,0.1896078459882506
42,random,CNN + LSTM + Transformer,3c18ad99d536,177,2,200,47.48196601867676,0.2374098300933838
42,random,CNN + LSTM + Transformer,3c5b3be71dfe,177,1,100,21.399024963378906,0.21399024963378907
42,random,CNN + LSTM + Transformer,3c98a2bba159,177,1,100,23.465900421142578,0.23465900421142577
42,random,CNN + LSTM + Transformer,3d0b1b56c1c0,177,1,100,19.756839752197266,0.19756839752197267
42,random,CNN + LSTM + Transformer,3dd6dac4e410,177,1,100,22.792644500732422,0.22792644500732423
42,random,CNN + LSTM + Transformer,3fc9caae73df,177,1,100,22.905893325805664,0.22905893325805665
42,random,CNN + LSTM + Transformer,3fe892fcf2b9,177,1,100,15.623429298400879,0.1562342929840088
42,random,CNN + LSTM + Transformer,415c13c97ac6,177,1,100,19.416614532470703,0.19416614532470702
42,random,CNN + LSTM + Transformer,425ef6f4891e,115,1,69,18.18275260925293,0.2635181537572888
42,random,CNN + LSTM + Transformer,427bdd0c32ac,177,1,100,27.230642318725586,0.27230642318725584
42,random,CNN + LSTM + Transformer,42a3f5e8de12,177,1,100,21.190105438232422,0.2119010543823242
42,random,CNN + LSTM + Transformer,463e196c09b4,177,1,100,23.84720230102539,0.23847202301025391
42,random,CNN + LSTM + Transformer,4813fd5041a5,177,1,100,18.801380157470703,0.18801380157470704
42,random,CNN + LSTM + Transformer,49b205ce3a62,177,1,100,30.644245147705078,0.3064424514770508
42,random,CNN + LSTM + Transformer,4d383d99f659,177,1,100,23.51485252380371,0.23514852523803711
42,random,CNN + LSTM + Transformer,4f86b8e88de6,177,1,100,27.61443328857422,0.2761443328857422
42,random,CNN + LSTM + Transformer,508615ad1cdf,177,1,100,23.003955841064453,0.23003955841064452
42,random,CNN + LSTM + Transformer,512b65a46f0f,177,1,100,21.765758514404297,0.21765758514404296
42,random,CNN + LSTM + Transformer,516f03eda3bd,177,1,100,20.12236785888672,0.2012236785888672
42,random,CNN + LSTM + Transformer,518e4c7d35a1,177,1,100,22.904376983642578,0.22904376983642577
42,random,CNN + LSTM + Transformer,52780939dc8f,177,1,100,24.255664825439453,0.24255664825439452
42,random,CNN + LSTM + Transformer,52881c2d896b,177,1,100,33.95355224609375,0.3395355224609375
42,random,CNN + LSTM + Transformer,53071cbd27d5,177,2,200,41.94722938537598,0.2097361469268799
42,random,CNN + LSTM + Transformer,56340500f232,177,1,100,20.045738220214844,0.20045738220214843
42,random,CNN + LSTM + Transformer,564e6f1cbc2b,177,1,100,13.61728572845459,0.1361728572845459
42,random,CNN + LSTM + Transformer,58f542c633cb,177,1,100,31.116384506225586,0.31116384506225586
42,random,CNN + LSTM + Transformer,5c4f225944a8,177,1,100,28.03390121459961,0.2803390121459961
42,random,CNN + LSTM + Transformer,5dbcea02f6d9,177,1,100,11.43514347076416,0.1143514347076416
42,random,CNN + LSTM + Transformer,5ed1eb69f210,177,1,100,17.550994873046875,0.17550994873046874
42,random,CNN + LSTM + Transformer,5f589c58a1e5,177,1,100,13.306034088134766,0.13306034088134766
42,random,CNN + LSTM + Transformer,5f756d269f07,177,1,100,21.45186996459961,0.2145186996459961
42,random,CNN + LSTM + Transformer,6012e5ae3747,177,1,100,26.328327178955078,0.2632832717895508
42,random,CNN + LSTM + Transformer,6565438fe942,177,1,100,26.43616485595703,0.26436164855957034
42,random,CNN + LSTM + Transformer,67f68a7217b3,177,1,100,21.685871124267578,0.21685871124267578
42,random,CNN + LSTM + Transformer,681f424d2a28,177,1,100,21.306468963623047,0.21306468963623046
42,random,CNN + LSTM + Transformer,68a81f7a0851,177,1,100,21.10735321044922,0.2110735321044922
42,random,CNN + LSTM + Transformer,6a5de1f07fc4,177,1,100,21.3990478515625,0.213990478515625
42,random,CNN + LSTM + Transformer,7063154436f8,177,1,100,16.31814956665039,0.16318149566650392
42,random,CNN + LSTM + Transformer,708a27cf017b,177,1,100,21.028554916381836,0.21028554916381836
42,random,CNN + LSTM + Transformer,70d670a45fbf,177,1,100,16.4932804107666,0.164932804107666
42,random,CNN + LSTM + Transformer,70eae8b92d44,177,1,100,19.37031364440918,0.1937031364440918
42,random,CNN + LSTM + Transformer,7376cd436835,177,1,100,31.754793167114258,0.3175479316711426
42,random,CNN + LSTM + Transformer,74c63b493906,177,1,100,30.73029136657715,0.3073029136657715
42,random,CNN + LSTM + Transformer,74f652fca824,177,1,100,16.009923934936523,0.16009923934936524
42,random,CNN + LSTM + Transformer,76ca4d897448,177,1,100,20.547422409057617,0.20547422409057617
42,random,CNN + LSTM + Transformer,76d2f7267390,155,1,109,26.414810180664062,0.24233770807948682
42,random,CNN + LSTM + Transformer,773c899b5042,170,1,103,21.805843353271484,0.21170721702205325
42,random,CNN + LSTM + Transformer,7adf7399d2d2,177,1,100,19.862377166748047,0.19862377166748046
42,random,CNN + LSTM + Transformer,7b3e71bbe05f,177,1,100,26.58658218383789,0.2658658218383789
42,random,CNN + LSTM + Transformer,7dba70a356c4,177,1,100,24.407554626464844,0.24407554626464845
42,random,CNN + LSTM + Transformer,7e55d0c9079f,177,1,100,15.29165267944336,0.1529165267944336
42,random,CNN + LSTM + Transformer,7ee53e5fb990,177,1,100,22.086421966552734,0.22086421966552736
42,random,CNN + LSTM + Transformer,7efd6906a270,177,1,100,15.983591079711914,0.15983591079711915
42,random,CNN + LSTM + Transformer,7f501ee72dc6,177,1,100,27.53437614440918,0.2753437614440918
42,random,CNN + LSTM + Transformer,7f86603ecc91,177,1,100,38.101890563964844,0.38101890563964846
42,random,CNN + LSTM + Transformer,803a17a5c1c8,177,1,100,15.075597763061523,0.15075597763061524
42,random,CNN + LSTM + Transformer,80631598f86f,177,1,100,27.733821868896484,0.27733821868896485
42,random,CNN + LSTM + Transformer,814435e2f515,177,1,100,23.83665657043457,0.2383665657043457
42,random,CNN + LSTM + Transformer,8270669437e3,170,1,103,18.47408676147461,0.17936006564538456
42,random,CNN + LSTM + Transformer,840b8ecaba46,206,1,139,27.89722442626953,0.20069945630409736
42,random,CNN + LSTM + Transformer,841aea722c35,177,1,100,24.240806579589844,0.24240806579589844
42,random,CNN + LSTM + Transformer,850bec76e220,177,1,100,18.4061336517334,0.18406133651733397
42,random,CNN + LSTM + Transformer,86cc9f022072,177,1,100,28.312164306640625,0.28312164306640625
42,random,CNN + LSTM + Transformer,8719373052f3,177,2,200,29.435110092163086,0.14717555046081543
42,random,CNN + LSTM + Transformer,878b49baf0e0,177,1,100,24.204666137695312,0.24204666137695313
42,random,CNN + LSTM + Transformer,88a494b0bfa1,177,1,100,27.046550750732422,0.27046550750732423
42,random,CNN + LSTM + Transformer,88a6e9e3dabc,177,1,100,23.91460418701172,0.23914604187011718
42,random,CNN + LSTM + Transformer,8951cda616ab,177,1,100,19.635982513427734,0.19635982513427735
42,random,CNN + LSTM + Transformer,895ad6b5ec1f,177,1,100,21.259979248046875,0.21259979248046876
42,random,CNN + LSTM + Transformer,89ef4bb9bed0,177,1,100,15.629647254943848,0.1562964725494385
42,random,CNN + LSTM + Transformer,8a0f1c5b0d76,177,1,100,24.04312515258789,0.2404312515258789
42,random,CNN + LSTM + Transformer,8c64548738ce,177,1,100,19.716934204101562,0.19716934204101563
42,random,CNN + LSTM + Transformer,8ce40de9df68,177,1,100,17.541889190673828,0.1754188919067383
42,random,CNN + LSTM + Transformer,8da9117f426e,177,1,100,23.716148376464844,0.23716148376464843
42,random,CNN + LSTM + Transformer,8db04c1ead85,177,1,100,15.5162353515625,0.155162353515625
42,random,CNN + LSTM + Transformer,8e9af482b5e4,177,2,200,49.78378868103027,0.24891894340515136
42,random,CNN + LSTM + Transformer,8f2436c25cff,170,1,103,24.38836097717285,0.23678020366187236
42,random,CNN + LSTM + Transformer,9133ff577583,177,2,200,48.66514587402344,0.24332572937011718
42,random,CNN + LSTM + Transformer,91943b642389,177,1,100,26.382457733154297,0.26382457733154296
42,random,CNN + LSTM + Transformer,91c2b04c11a1,177,1,100,22.2890625,0.222890625
42,random,CNN + LSTM + Transformer,9210f821f5c4,177,1,100,19.166696548461914,0.19166696548461915
42,random,CNN + LSTM + Transformer,93d5bd2942d1,177,1,100,16.651996612548828,0.16651996612548828
42,random,CNN + LSTM + Transformer,953c67f4fdae,177,1,100,16.347339630126953,0.16347339630126953
42,random,CNN + LSTM + Transformer,972ed350fb2b,177,2,200,58.659481048583984,0.2932974052429199
42,random,CNN + LSTM + Transformer,977d8b31b015,177,1,100,23.53351402282715,0.23533514022827148
42,random,CNN + LSTM + Transformer,9a6a4f63f2be,177,1,100,14.20541000366211,0.14205410003662108
42,random,CNN + LSTM + Transformer,9b3e47596609,177,1,100,30.723548889160156,0.30723548889160157
42,random,CNN + LSTM + Transformer,9b74b0082440,177,1,100,27.609134674072266,0.27609134674072267
42,random,CNN + LSTM + Transformer,9bc7e2a7f83a,115,1,69,11.818183898925781,0.17127802752066348
42,random,CNN + LSTM + Transformer,9c05cb47f7ab,170,1,103,35.04997253417969,0.3402909954774727
42,random,CNN + LSTM + Transformer,9c1cccf13174,177,1,100,20.590578079223633,0.20590578079223631
42,random,CNN + LSTM + Transformer,9c602f0a779c,177,1,100,18.433629989624023,0.18433629989624023
42,random,CNN + LSTM + Transformer,9d84950b6fe1,177,1,100,15.439970016479492,0.15439970016479493
42,random,CNN + LSTM + Transformer,9ea798b5d78f,177,1,100,21.500194549560547,0.21500194549560547
42,random,CNN + LSTM + Transformer,a0382b293f90,177,1,100,21.355937957763672,0.2135593795776367
42,random,CNN + LSTM + Transformer,a05b3fd7b53c,177,1,100,13.97709846496582,0.1397709846496582
42,random,CNN + LSTM + Transformer,a0b0ef4e1f35,177,1,100,23.02862548828125,0.2302862548828125
42,random,CNN + LSTM + Transformer,a105b526b8dc,177,1,100,19.129060745239258,0.19129060745239257
42,random,CNN + LSTM + Transformer,a1aa4597e707,177,1,100,18.748687744140625,0.18748687744140624
42,random,CNN + LSTM + Transformer,a76ed852de05,177,1,100,23.1661376953125,0.231661376953125
42,random,CNN + LSTM + Transformer,a8b5848beae8,177,1,100,18.418861389160156,0.18418861389160157
42,random,CNN + LSTM + Transformer,a9215f96e01e,177,1,100,21.049795150756836,0.21049795150756836
42,random,CNN + LSTM + Transformer,a9af1572df82,177,1,100,22.42043113708496,0.22420431137084962
42,random,CNN + LSTM + Transformer,aa5fc320008b,177,1,100,26.27815818786621,0.26278158187866213
42,random,CNN + LSTM + Transformer,aaa4e6cb9d39,177,1,100,33.959007263183594,0.33959007263183594
42,random,CNN + LSTM + Transformer,ab5aa0dd07cf,177,2,200,44.97441864013672,0.2248720932006836
42,random,CNN + LSTM + Transformer,abca94fe363f,177,1,100,15.357250213623047,0.15357250213623047
42,random,CNN + LSTM + Transformer,abe0c14c2ecf,177,2,200,48.480342864990234,0.24240171432495117
42,random,CNN + LSTM + Transformer,acb203de84ce,177,1,100,20.066539764404297,0.20066539764404298
42,random,CNN + LSTM + Transformer,ad202f79ddd5,177,1,100,14.978351593017578,0.14978351593017578
42,random,CNN + LSTM + Transformer,b0e922ba9b2e,177,1,100,22.162214279174805,0.22162214279174805
42,random,CNN + LSTM + Transformer,b1a245043377,177,1,100,20.503433227539062,0.2050343322753906
42,random,CNN + LSTM + Transformer,b2eb8cb8079c,177,1,100,20.226959228515625,0.20226959228515626
42,random,CNN + LSTM + Transformer,b3b4a16c3cb0,177,1,100,19.997859954833984,0.19997859954833985
42,random,CNN + LSTM + Transformer,b40680909f93,177,1,100,27.132444381713867,0.27132444381713866
42,random,CNN + LSTM + Transformer,b4d1af67dee5,115,1,69,11.162925720214844,0.16178153217702673
42,random,CNN + LSTM + Transformer,b63eff82a632,177,2,200,45.95021057128906,0.22975105285644531
42,random,CNN + LSTM + Transformer,b9948beb1124,177,1,100,17.001304626464844,0.17001304626464844
42,random,CNN + LSTM + Transformer,baf80d1b57cf,177,1,100,22.091201782226562,0.22091201782226563
42,random,CNN + LSTM + Transformer,bb1634d420cd,177,1,100,25.55019760131836,0.2555019760131836
42,random,CNN + LSTM + Transformer,bbdc7839dfbf,177,1,100,14.739595413208008,0.14739595413208006
42,random,CNN + LSTM + Transformer,bd9c43ea1b3a,177,1,100,19.206336975097656,0.19206336975097657
42,random,CNN + LSTM + Transformer,bf52fe408d2d,170,1,103,21.33780288696289,0.20716313482488244
42,random,CNN + LSTM + Transformer,c1fd5a0ff12d,177,1,100,28.54376983642578,0.2854376983642578
42,random,CNN + LSTM + Transformer,c3353748c46d,177,1,100,19.14710807800293,0.1914710807800293
42,random,CNN + LSTM + Transformer,c33c47c5a06c,177,1,100,23.4815616607666,0.234815616607666
42,random,CNN + LSTM + Transformer,c4455c321186,177,2,200,44.19185829162598,0.22095929145812987
42,random,CNN + LSTM + Transformer,c516516687ad,206,1,139,27.992691040039062,0.20138626647510116
42,random,CNN + LSTM + Transformer,c5895a72a4a9,177,2,200,45.723867416381836,0.22861933708190918
42,random,CNN + LSTM + Transformer,c63697fb7d10,115,1,69,14.90137004852295,0.21596188476120215
42,random,CNN + LSTM + Transformer,c6633820d894,177,1,100,19.446338653564453,0.19446338653564454
42,random,CNN + LSTM + Transformer,c715f410c8c0,177,1,100,17.07114028930664,0.1707114028930664
42,random,CNN + LSTM + Transformer,c744e55a6ab4,177,1,100,20.83110237121582,0.2083110237121582
42,random,CNN + LSTM + Transformer,c75b2d358afd,170,2,206,51.52516555786133,0.25012216290223943
42,random,CNN + LSTM + Transformer,c76e16fffe20,170,1,103,24.374080657958984,0.23664155978600956
42,random,CNN + LSTM + Transformer,c79905006a4e,177,1,100,23.050735473632812,0.23050735473632813
42,random,CNN + LSTM + Transformer,c79d1823a62a,177,1,100,23.44436264038086,0.23444362640380859
42,random,CNN + LSTM + Transformer,c83f1922ed54,177,1,100,29.002344131469727,0.29002344131469726
42,random,CNN + LSTM + Transformer,c99d71fb29d4,177,1,100,32.76019287109375,0.3276019287109375
42,random,CNN + LSTM + Transformer,ca383056ed8a,177,1,100,21.890750885009766,0.21890750885009766
42,random,CNN + LSTM + Transformer,cb99d337fc6e,177,1,100,26.413827896118164,0.26413827896118164
42,random,CNN + LSTM + Transformer,cc2fc3be96b8,177,1,100,33.877166748046875,0.3387716674804688
42,random,CNN + LSTM + Transformer,cc85c5cf1b74,177,1,100,24.160648345947266,0.24160648345947267
42,random,CNN + LSTM + Transformer,cd9ee27de81f,177,1,100,12.44271183013916,0.1244271183013916
42,random,CNN + LSTM + Transformer,cecf79bb98e1,177,1,100,25.560901641845703,0.255609016418457
42,random,CNN + LSTM + Transformer,d367e2ed92d7,177,1,100,19.813114166259766,0.19813114166259765
42,random,CNN + LSTM + Transformer,d42bedc1fb67,177,1,100,19.03472137451172,0.19034721374511718
42,random,CNN + LSTM + Transformer,d58ec7db8d18,170,1,103,32.10687255859375,0.3117172093067354
42,random,CNN + LSTM + Transformer,d67f008fd24c,177,1,100,24.1540584564209,0.241540584564209
42,random,CNN + LSTM + Transformer,d9c5eca9fc2f,177,1,100,24.331539154052734,0.24331539154052734
42,random,CNN + LSTM + Transformer,db1e6650c405,177,1,100,24.961090087890625,0.24961090087890625
42,random,CNN + LSTM + Transformer,db587e94a819,177,1,100,18.09113121032715,0.1809113121032715
42,random,CNN + LSTM + Transformer,dcc8ddf8ddfc,177,1,100,21.937862396240234,0.21937862396240235
42,random,CNN + LSTM + Transformer,dd7adbbe317f,177,1,100,17.253616333007812,0.17253616333007812
42,random,CNN + LSTM + Transformer,ddc7771b98ea,177,1,100,23.339168548583984,0.23339168548583986
42,random,CNN + LSTM + Transformer,de3f2002b07f,177,1,100,21.257469177246094,0.21257469177246094
42,random,CNN + LSTM + Transformer,dec733aee617,177,1,100,38.379886627197266,0.3837988662719727
42,random,CNN + LSTM + Transformer,e08f218078fb,177,1,100,15.707298278808594,0.15707298278808593
42,random,CNN + LSTM + Transformer,e10345b1bc49,170,1,103,19.909427642822266,0.19329541400798317
42,random,CNN + LSTM + Transformer,e17505dfad4f,177,1,100,17.92352294921875,0.1792352294921875
42,random,CNN + LSTM + Transformer,e19c09081c0a,177,1,100,19.29425621032715,0.1929425621032715
42,random,CNN + LSTM + Transformer,e29e108be40a,170,1,103,24.662799835205078,0.23944465859422406
42,random,CNN + LSTM + Transformer,e4bb053d29df,177,1,100,22.9515438079834,0.229515438079834
42,random,CNN + LSTM + Transformer,e5ad8d83e6a3,177,1,100,14.133245468139648,0.1413324546813965
42,random,CNN + LSTM + Transformer,e7092f49ad50,177,1,100,27.984956741333008,0.27984956741333006
42,random,CNN + LSTM + Transformer,e761f3bbe459,177,1,100,28.13813591003418,0.2813813591003418
42,random,CNN + LSTM + Transformer,e763248cd849,177,1,100,24.98564910888672,0.24985649108886718
42,random,CNN + LSTM + Transformer,e85dbbc1e389,177,1,100,22.14495849609375,0.2214495849609375
42,random,CNN + LSTM + Transformer,ea81b8aea9e8,177,1,100,17.562976837158203,0.17562976837158203
42,random,CNN + LSTM + Transformer,eaa924622a92,177,1,100,27.781635284423828,0.2778163528442383
42,random,CNN + LSTM + Transformer,eb86cc06ac7d,177,1,100,20.239721298217773,0.20239721298217772
42,random,CNN + LSTM + Transformer,f2b4b32037e3,177,1,100,28.231689453125,0.28231689453125
42,random,CNN + LSTM + Transformer,f2ff2459e5b7,177,1,100,25.16305160522461,0.25163051605224607
42,random,CNN + LSTM + Transformer,f50d6c9f3699,177,1,100,23.560596466064453,0.23560596466064454
42,random,CNN + LSTM + Transformer,f6dcc64a0bda,170,1,103,28.360721588134766,0.275346811535289
42,random,CNN + LSTM + Transformer,f7b83ed80d32,115,1,69,12.845502853393555,0.18616670802019644
42,random,CNN + LSTM + Transformer,f810d42e0bd8,177,1,100,20.70166015625,0.2070166015625
42,random,CNN + LSTM + Transformer,f9ec3cae1256,177,1,100,17.127914428710938,0.17127914428710939
42,random,CNN + LSTM + Transformer,fa2161af97a3,170,1,103,31.519939422607422,0.3060188293457031
42,random,CNN + LSTM + Transformer,fa508fe5212e,177,1,100,26.97772979736328,0.2697772979736328
42,random,CNN + LSTM + Transformer,fb48c5f7a889,177,1,100,20.87973403930664,0.2087973403930664
42,random,CNN + LSTM + Transformer,fc29f761a1fd,177,1,100,23.592418670654297,0.23592418670654297
42,random,CNN + LSTM + Transformer,fca1e93770fe,177,1,100,21.490625381469727,0.21490625381469727
42,random,CNN + LSTM + Transformer,fceac0fe851a,177,1,100,26.43803596496582,0.2643803596496582
42,random,CNN + LSTM + Transformer,fe0b5fe3429f,115,2,138,29.902594566345215,0.21668546787206677
42,random,CNN + LSTM + Transformer,fe2c32fa6924,177,1,100,20.33172607421875,0.2033172607421875
42,random,CNN + LSTM + Transformer,ff2096346fd8,177,1,100,17.649147033691406,0.17649147033691406
42,random,CNN + LSTM + Transformer,ff650a3a9500,177,1,100,26.918251037597656,0.26918251037597657
42,random,CNN + LSTM + Transformer,ffa300791bea,177,1,100,21.383777618408203,0.21383777618408203
42,random,CNN + LSTM + Transformer,ffeb117251f6,177,1,100,24.624300003051758,0.24624300003051758
42,random,CNN Only,00fee221fed8,177,1,100,23.762483596801758,0.2376248359680176
42,random,CNN Only,0158b883f6df,177,1,100,30.37417221069336,0.3037417221069336
42,random,CNN Only,0272ab36bc3b,115,2,138,23.768996238708496,0.17223910317904706
42,random,CNN Only,035e9e6cf34c,115,1,69,14.128793716430664,0.2047651263250821
42,random,CNN Only,038ba5ea2414,177,1,100,13.511685371398926,0.13511685371398927
42,random,CNN Only,03f96eb1828c,115,2,138,21.378738403320312,0.1549183942269588
42,random,CNN Only,04396fb86ca3,177,1,100,14.667856216430664,0.14667856216430664
42,random,CNN Only,04e856bc5974,170,1,103,29.326351165771484,0.2847218559783639
42,random,CNN Only,05b715834673,177,1,100,19.168399810791016,0.19168399810791015
42,random,CNN Only,067e3c1c1ea8,177,1,100,11.487214088439941,0.11487214088439941
42,random,CNN Only,098b4f749abe,177,1,100,19.05229949951172,0.19052299499511718
42,random,CNN Only,0aeb79f0e26d,177,1,100,28.189430236816406,0.28189430236816404
42,random,CNN Only,0b8057b073ff,177,1,100,21.44227409362793,0.2144227409362793
42,random,CNN Only,0baa46212ed2,177,1,100,21.327404022216797,0.21327404022216798
42,random,CNN Only,0c71368ee153,177,1,100,25.70936393737793,0.25709363937377927
42,random,CNN Only,0cd68d709c4d,170,1,103,27.313018798828125,0.26517493979444784
42,random,CNN Only,0ce9a702972c,177,1,100,23.78242301940918,0.2378242301940918
42,random,CNN Only,0d2566db2f11,177,1,100,18.79322052001953,0.18793220520019532
42,random,CNN Only,0dccb529bf3c,177,1,100,14.299959182739258,0.14299959182739258
42,random,CNN Only,0f22f7cd7fe8,177,1,100,21.630538940429688,0.2163053894042969
42,random,CNN Only,104adbda2c8b,170,1,103,21.996313095092773,0.21355643781643469
42,random,CNN Only,109795b6e4e4,177,1,100,25.81066131591797,0.2581066131591797
42,random,CNN Only,11b65b437b51,177,1,100,23.984176635742188,0.23984176635742188
42,random,CNN Only,1252f2b6c2fd,177,1,100,19.55963897705078,0.1955963897705078
42,random,CNN Only,126043caf177,177,1,100,13.714590072631836,0.13714590072631835
42,random,CNN Only,12da41f42e30,177,1,100,19.78549575805664,0.1978549575805664
42,random,CNN Only,1327c61b1836,177,1,100,18.236223220825195,0.18236223220825196
42,random,CNN Only,1563827e90c7,177,2,200,38.24147033691406,0.19120735168457031
42,random,CNN Only,1c10b1cb9417,177,1,100,23.180221557617188,0.23180221557617187
42,random,CNN Only,1caad1794c76,177,1,100,26.361873626708984,0.26361873626708987
42,random,CNN Only,1e478acc86c8,177,1,100,17.735816955566406,0.17735816955566405
42,random,CNN Only,20651db0eb9e,115,2,138,29.66054916381836,0.21493151567984317
42,random,CNN Only,20c8bac7e671,177,1,100,17.8465576171875,0.178465576171875
42,random,CNN Only,21cc11c6367d,177,1,100,36.31736755371094,0.3631736755371094
42,random,CNN Only,232992701729,177,1,100,25.84438705444336,0.2584438705444336
42,random,CNN Only,244bb7bac299,177,1,100,18.71622085571289,0.1871622085571289
42,random,CNN Only,24dcf6d98330,177,2,200,42.72646522521973,0.21363232612609864
42,random,CNN Only,2571bdb75e88,177,1,100,16.758197784423828,0.16758197784423828
42,random,CNN Only,259c2a8ad0ce,177,1,100,20.616313934326172,0.20616313934326172
42,random,CNN Only,25f2170b08a7,177,1,100,28.23727035522461,0.2823727035522461
42,random,CNN Only,26bd1dc7890f,177,2,200,48.13351249694824,0.24066756248474122
42,random,CNN Only,26ffb691d725,177,1,100,16.766813278198242,0.16766813278198242
42,random,CNN Only,2918b4232e00,177,1,100,19.53418731689453,0.1953418731689453
42,random,CNN Only,295136924321,177,1,100,21.225830078125,0.21225830078125
42,random,CNN Only,2a6243f5396b,177,1,100,18.068832397460938,0.18068832397460938
42,random,CNN Only,2d11a75bca33,177,1,100,16.965415954589844,0.16965415954589844
42,random,CNN Only,2e06b23eb94a,177,1,100,27.110383987426758,0.27110383987426756
42,random,CNN Only,2e162686c177,177,1,100,30.740888595581055,0.30740888595581056
42,random,CNN Only,2e2adbd831cb,177,1,100,19.65334701538086,0.1965334701538086
42,random,CNN Only,2eaa7ec685da,177,1,100,25.46610450744629,0.2546610450744629
42,random,CNN Only,3022c6c6a9f2,170,1,103,18.816125869750977,0.1826808336869027
42,random,CNN Only,32a8faec67ef,177,1,100,33.18085861206055,0.3318085861206055
42,random,CNN Only,32e3df454dac,177,1,100,20.437652587890625,0.20437652587890626
42,random,CNN Only,3426d40eb72e,115,1,69,11.448188781738281,0.16591577944548233
42,random,CNN Only,34721178b1ba,177,1,100,23.51563262939453,0.2351563262939453
42,random,CNN Only,349b45f98177,177,1,100,26.561975479125977,0.26561975479125977
42,random,CNN Only,35e73935ed42,177,1,100,22.026874542236328,0.22026874542236327
42,random,CNN Only,37736c9a44a1,177,1,100,32.37657165527344,0.3237657165527344
42,random,CNN Only,396b2159ef2b,115,1,69,14.600578308105469,0.2116025841754416
42,random,CNN Only,39949df91891,177,1,100,21.161672592163086,0.21161672592163086
42,random,CNN Only,39a91d5ff5a3,177,1,100,27.433284759521484,0.27433284759521487
42,random,CNN Only,3a018097004f,115,3,207,38.567599296569824,0.18631690481434698
42,random,CNN Only,3c18ad99d536,177,2,200,48.70416831970215,0.24352084159851073
42,random,CNN Only,3c5b3be71dfe,177,1,100,20.888715744018555,0.20888715744018554
42,random,CNN Only,3c98a2bba159,177,1,100,24.763229370117188,0.24763229370117187
42,random,CNN Only,3d0b1b56c1c0,177,1,100,19.69524383544922,0.1969524383544922
42,random,CNN Only,3dd6dac4e410,177,1,100,21.93694305419922,0.21936943054199218
42,random,CNN Only,3fc9caae73df,177,1,100,22.269155502319336,0.22269155502319335
42,random,CNN Only,3fe892fcf2b9,177,1,100,15.722173690795898,0.157221736907959
42,random,CNN Only,415c13c97ac6,177,1,100,17.589588165283203,0.17589588165283204
42,random,CNN Only,425ef6f4891e,115,1,69,17.54644775390625,0.25429634425951086
42,random,CNN Only,427bdd0c32ac,177,1,100,26.83865737915039,0.2683865737915039
42,random,CNN Only,42a3f5e8de12,177,1,100,21.854537963867188,0.21854537963867188
42,random,CNN Only,463e196c09b4,177,1,100,23.86624526977539,0.2386624526977539
42,random,CNN Only,4813fd5041a5,177,1,100,18.189050674438477,0.18189050674438476
42,random,CNN Only,49b205ce3a62,177,1,100,30.8865966796875,0.308865966796875
42,random,CNN Only,4d383d99f659,177,1,100,23.584976196289062,0.23584976196289062
42,random,CNN Only,4f86b8e88de6,177,1,100,28.193851470947266,0.2819385147094727
42,random,CNN Only,508615ad1cdf,177,1,100,23.3455810546875,0.233455810546875
42,random,CNN Only,512b65a46f0f,177,1,100,20.867874145507812,0.20867874145507812
42,random,CNN Only,516f03eda3bd,177,1,100,19.60264015197754,0.19602640151977538
42,random,CNN Only,518e4c7d35a1,177,1,100,23.91876220703125,0.2391876220703125
42,random,CNN Only,52780939dc8f,177,1,100,24.95481300354004,0.24954813003540038
42,random,CNN Only,52881c2d896b,177,1,100,34.49131774902344,0.34491317749023437
42,random,CNN Only,53071cbd27d5,177,2,200,41.25297927856445,0.20626489639282228
42,random,CNN Only,56340500f232,177,1,100,19.923063278198242,0.19923063278198241
42,random,CNN Only,564e6f1cbc2b,177,1,100,14.643179893493652,0.14643179893493652
42,random,CNN Only,58f542c633cb,177,1,100,30.501113891601562,0.3050111389160156
42,random,CNN Only,5c4f225944a8,177,1,100,27.144332885742188,0.2714433288574219
42,random,CNN Only,5dbcea02f6d9,177,1,100,11.81412410736084,0.1181412410736084
42,random,CNN Only,5ed1eb69f210,177,1,100,17.263111114501953,0.17263111114501953
42,random,CNN Only,5f589c58a1e5,177,1,100,13.818744659423828,0.1381874465942383
42,random,CNN Only,5f756d269f07,177,1,100,21.846920013427734,0.21846920013427734
42,random,CNN Only,6012e5ae3747,177,1,100,26.178016662597656,0.2617801666259766
42,random,CNN Only,6565438fe942,177,1,100,25.777427673339844,0.2577742767333984
42,random,CNN Only,67f68a7217b3,177,1,100,21.476791381835938,0.21476791381835938
42,random,CNN Only,681f424d2a28,177,1,100,22.296945571899414,0.22296945571899415
42,random,CNN Only,68a81f7a0851,177,1,100,20.756103515625,0.20756103515625
42,random,CNN Only,6a5de1f07fc4,177,1,100,22.343833923339844,0.22343833923339843
42,random,CNN Only,7063154436f8,177,1,100,16.985435485839844,0.16985435485839845
42,random,CNN Only,708a27cf017b,177,1,100,20.289854049682617,0.20289854049682618
42,random,CNN Only,70d670a45fbf,177,1,100,17.516151428222656,0.17516151428222657
42,random,CNN Only,70eae8b92d44,177,1,100,19.2830810546875,0.192830810546875
42,random,CNN Only,7376cd436835,177,1,100,31.269716262817383,0.3126971626281738
42,random,CNN Only,74c63b493906,177,1,100,29.931438446044922,0.2993143844604492
42,random,CNN Only,74f652fca824,177,1,100,16.25090980529785,0.16250909805297853
42,random,CNN Only,76ca4d897448,177,1,100,21.729618072509766,0.21729618072509765
42,random,CNN Only,76d2f7267390,155,1,109,26.879558563232422,0.24660145470855432
42,random,CNN Only,773c899b5042,170,1,103,21.844167709350586,0.2120792981490348
42,random,CNN Only,7adf7399d2d2,177,1,100,18.79741668701172,0.1879741668701172
42,random,CNN Only,7b3e71bbe05f,177,1,100,25.80286407470703,0.2580286407470703
42,random,CNN Only,7dba70a356c4,177,1,100,24.084514617919922,0.24084514617919922
42,random,CNN Only,7e55d0c9079f,177,1,100,15.921041488647461,0.1592104148864746
42,random,CNN Only,7ee53e5fb990,177,1,100,22.32135772705078,0.2232135772705078
42,random,CNN Only,7efd6906a270,177,1,100,16.576641082763672,0.1657664108276367
42,random,CNN Only,7f501ee72dc6,177,1,100,27.879554748535156,0.27879554748535157
42,random,CNN Only,7f86603ecc91,177,1,100,37.717498779296875,0.37717498779296876
42,random,CNN Only,803a17a5c1c8,177,1,100,15.523277282714844,0.15523277282714842
42,random,CNN Only,80631598f86f,177,1,100,26.406436920166016,0.26406436920166015
42,random,CNN Only,814435e2f515,177,1,100,23.766979217529297,0.23766979217529297
42,random,CNN Only,8270669437e3,170,1,103,17.85453224182129,0.17334497322156592
42,random,CNN Only,840b8ecaba46,206,1,139,26.374664306640625,0.18974578637870954
42,random,CNN Only,841aea722c35,177,1,100,22.888957977294922,0.22888957977294921
42,random,CNN Only,850bec76e220,177,1,100,17.362743377685547,0.17362743377685547
42,random,CNN Only,86cc9f022072,177,1,100,27.776336669921875,0.27776336669921875
42,random,CNN Only,8719373052f3,177,2,200,31.98387622833252,0.1599193811416626
42,random,CNN Only,878b49baf0e0,177,1,100,24.321287155151367,0.24321287155151367
42,random,CNN Only,88a494b0bfa1,177,1,100,27.23526382446289,0.2723526382446289
42,random,CNN Only,88a6e9e3dabc,177,1,100,24.361236572265625,0.24361236572265624
42,random,CNN Only,8951cda616ab,177,1,100,18.941612243652344,0.18941612243652345
42,random,CNN Only,895ad6b5ec1f,177,1,100,22.174068450927734,0.22174068450927734
42,random,CNN Only,89ef4bb9bed0,177,1,100,16.990489959716797,0.16990489959716798
42,random,CNN Only,8a0f1c5b0d76,177,1,100,24.481355667114258,0.24481355667114257
42,random,CNN Only,8c64548738ce,177,1,100,19.422405242919922,0.1942240524291992
42,random,CNN Only,8ce40de9df68,177,1,100,17.72518539428711,0.1772518539428711
42,random,CNN Only,8da9117f426e,177,1,100,24.04610824584961,0.2404610824584961
42,random,CNN Only,8db04c1ead85,177,1,100,17.077770233154297,0.17077770233154296
42,random,CNN Only,8e9af482b5e4,177,2,200,50.843475341796875,0.25421737670898437
42,random,CNN Only,8f2436c25cff,170,1,103,25.08779525756836,0.24357082774338212
42,random,CNN Only,9133ff577583,177,2,200,49.867645263671875,0.24933822631835936
42,random,CNN Only,91943b642389,177,1,100,25.59368896484375,0.2559368896484375
42,random,CNN Only,91c2b04c11a1,177,1,100,22.21162223815918,0.2221162223815918
42,random,CNN Only,9210f821f5c4,177,1,100,19.2287540435791,0.19228754043579102
42,random,CNN Only,93d5bd2942d1,177,1,100,17.032154083251953,0.17032154083251952
42,random,CNN Only,953c67f4fdae,177,1,100,16.986486434936523,0.16986486434936524
42,random,CNN Only,972ed350fb2b,177,2,200,58.618690490722656,0.2930934524536133
42,random,CNN Only,977d8b31b015,177,1,100,23.939855575561523,0.23939855575561522
42,random,CNN Only,9a6a4f63f2be,177,1,100,14.999683380126953,0.14999683380126952
42,random,CNN Only,9b3e47596609,177,1,100,28.800891876220703,0.288008918762207
42,random,CNN Only,9b74b0082440,177,1,100,27.403226852416992,0.2740322685241699
42,random,CNN Only,9bc7e2a7f83a,115,1,69,11.391529083251953,0.16509462439495584
42,random,CNN Only,9c05cb47f7ab,170,1,103,34.506813049316406,0.3350176024205476
42,random,CNN Only,9c1cccf13174,177,1,100,21.259449005126953,0.21259449005126954
42,random,CNN Only,9c602f0a779c,177,1,100,18.502643585205078,0.18502643585205078
42,random,CNN Only,9d84950b6fe1,177,1,100,14.501832962036133,0.14501832962036132
42,random,CNN Only,9ea798b5d78f,177,1,100,21.391414642333984,0.21391414642333983
42,random,CNN Only,a0382b293f90,177,1,100,21.320751190185547,0.21320751190185547
42,random,CNN Only,a05b3fd7b53c,177,1,100,14.67292594909668,0.1467292594909668
42,random,CNN Only,a0b0ef4e1f35,177,1,100,22.054046630859375,0.22054046630859375
42,random,CNN Only,a105b526b8dc,177,1,100,20.55320930480957,0.2055320930480957
42,random,CNN Only,a1aa4597e707,177,1,100,19.55455207824707,0.1955455207824707
42,random,CNN Only,a76ed852de05,177,1,100,23.07061767578125,0.2307061767578125
42,random,CNN Only,a8b5848beae8,177,1,100,18.586233139038086,0.18586233139038086
42,random,CNN Only,a9215f96e01e,177,1,100,21.085567474365234,0.21085567474365235
42,random,CNN Only,a9af1572df82,177,1,100,23.0779972076416,0.230779972076416
42,random,CNN Only,aa5fc320008b,177,1,100,24.80404281616211,0.24804042816162108
42,random,CNN Only,aaa4e6cb9d39,177,1,100,34.1771354675293,0.34177135467529296
42,random,CNN Only,ab5aa0dd07cf,177,2,200,44.608638763427734,0.22304319381713866
42,random,CNN Only,abca94fe363f,177,1,100,15.979787826538086,0.15979787826538086
42,random,CNN Only,abe0c14c2ecf,177,2,200,45.19550132751465,0.22597750663757324
42,random,CNN Only,acb203de84ce,177,1,100,19.672449111938477,0.19672449111938475
42,random,CNN Only,ad202f79ddd5,177,1,100,15.009767532348633,0.15009767532348633
42,random,CNN Only,b0e922ba9b2e,177,1,100,22.187801361083984,0.22187801361083984
42,random,CNN Only,b1a245043377,177,1,100,19.046743392944336,0.19046743392944335
42,random,CNN Only,b2eb8cb8079c,177,1,100,21.41718101501465,0.2141718101501465
42,random,CNN Only,b3b4a16c3cb0,177,1,100,18.747312545776367,0.18747312545776368
42,random,CNN Only,b40680909f93,177,1,100,27.386770248413086,0.27386770248413084
42,random,CNN Only,b4d1af67dee5,115,1,69,10.846383094787598,0.15719395789547244
42,random,CNN Only,b63eff82a632,177,2,200,44.7567024230957,0.2237835121154785
42,random,CNN Only,b9948beb1124,177,1,100,17.385467529296875,0.17385467529296875
42,random,CNN Only,baf80d1b57cf,177,1,100,21.53610610961914,0.2153610610961914
42,random,CNN Only,bb1634d420cd,177,1,100,26.13004493713379,0.2613004493713379
42,random,CNN Only,bbdc7839dfbf,177,1,100,15.379314422607422,0.1537931442260742
42,random,CNN Only,bd9c43ea1b3a,177,1,100,20.2961368560791,0.20296136856079103
42,random,CNN Only,bf52fe408d2d,170,1,103,21.055816650390625,0.20442540437272452
42,random,CNN Only,c1fd5a0ff12d,177,1,100,27.72725486755371,0.27727254867553713
42,random,CNN Only,c3353748c46d,177,1,100,19.693288803100586,0.19693288803100586
42,random,CNN Only,c33c47c5a06c,177,1,100,22.434350967407227,0.22434350967407227
42,random,CNN Only,c4455c321186,177,2,200,43.302682876586914,0.21651341438293456
42,random,CNN Only,c516516687ad,206,1,139,26.64181137084961,0.19166770770395403
42,random,CNN Only,c5895a72a4a9,177,2,200,45.24078369140625,0.22620391845703125
42,random,CNN Only,c63697fb7d10,115,1,69,15.547283172607422,0.22532294453054236
42,random,CNN Only,c6633820d894,177,1,100,19.437135696411133,0.19437135696411134
42,random,CNN Only,c715f410c8c0,177,1,100,16.896297454833984,0.16896297454833983
42,random,CNN Only,c744e55a6ab4,177,1,100,20.98294448852539,0.2098294448852539
42,random,CNN Only,c75b2d358afd,170,2,206,51.51849365234375,0.2500897750113774
42,random,CNN Only,c76e16fffe20,170,1,103,25.020915985107422,0.24292151441851867
42,random,CNN Only,c79905006a4e,177,1,100,23.424114227294922,0.23424114227294923
42,random,CNN Only,c79d1823a62a,177,1,100,23.496871948242188,0.23496871948242187
42,random,CNN Only,c83f1922ed54,177,1,100,27.933725357055664,0.27933725357055667
42,random,CNN Only,c99d71fb29d4,177,1,100,33.02730178833008,0.33027301788330077
42,random,CNN Only,ca383056ed8a,177,1,100,21.40515899658203,0.2140515899658203
42,random,CNN Only,cb99d337fc6e,177,1,100,25.691383361816406,0.25691383361816406
42,random,CNN Only,cc2fc3be96b8,177,1,100,34.25349044799805,0.3425349044799805
42,random,CNN Only,cc85c5cf1b74,177,1,100,24.420730590820312,0.24420730590820314
42,random,CNN Only,cd9ee27de81f,177,1,100,11.816730499267578,0.11816730499267578
42,random,CNN Only,cecf79bb98e1,177,1,100,26.574907302856445,0.26574907302856443
42,random,CNN Only,d367e2ed92d7,177,1,100,20.36132049560547,0.2036132049560547
42,random,CNN Only,d42bedc1fb67,177,1,100,19.614681243896484,0.19614681243896484
42,random,CNN Only,d58ec7db8d18,170,1,103,31.904903411865234,0.30975634380451683
42,random,CNN Only,d67f008fd24c,177,1,100,24.307170867919922,0.24307170867919922
42,random,CNN Only,d9c5eca9fc2f,177,1,100,26.343059539794922,0.2634305953979492
42,random,CNN Only,db1e6650c405,177,1,100,24.059864044189453,0.24059864044189452
42,random,CNN Only,db587e94a819,177,1,100,18.104663848876953,0.18104663848876953
42,random,CNN Only,dcc8ddf8ddfc,177,1,100,21.811782836914062,0.21811782836914062
42,random,CNN Only,dd7adbbe317f,177,1,100,17.1889705657959,0.171889705657959
42,random,CNN Only,ddc7771b98ea,177,1,100,23.148513793945312,0.23148513793945313
42,random,CNN Only,de3f2002b07f,177,1,100,21.074800491333008,0.21074800491333007
42,random,CNN Only,dec733aee617,177,1,100,37.71153259277344,0.3771153259277344
42,random,CNN Only,e08f218078fb,177,1,100,15.282247543334961,0.15282247543334962
42,random,CNN Only,e10345b1bc49,170,1,103,20.003999710083008,0.19421358941828162
42,random,CNN Only,e17505dfad4f,177,1,100,17.772071838378906,0.17772071838378906
42,random,CNN Only,e19c09081c0a,177,1,100,19.581357955932617,0.19581357955932618
42,random,CNN Only,e29e108be40a,170,1,103,25.34840965270996,0.2461010645894171
42,random,CNN Only,e4bb053d29df,177,1,100,22.476577758789062,0.22476577758789062
42,random,CNN Only,e5ad8d83e6a3,177,1,100,14.124747276306152,0.14124747276306152
42,random,CNN Only,e7092f49ad50,177,1,100,28.243112564086914,0.28243112564086914
42,random,CNN Only,e761f3bbe459,177,1,100,28.916812896728516,0.28916812896728517
42,random,CNN Only,e763248cd849,177,1,100,23.702167510986328,0.23702167510986327
42,random,CNN Only,e85dbbc1e389,177,1,100,21.28286361694336,0.2128286361694336
42,random,CNN Only,ea81b8aea9e8,177,1,100,17.72530746459961,0.1772530746459961
42,random,CNN Only,eaa924622a92,177,1,100,28.38273048400879,0.2838273048400879
42,random,CNN Only,eb86cc06ac7d,177,1,100,19.543533325195312,0.19543533325195311
42,random,CNN Only,f2b4b32037e3,177,1,100,26.683677673339844,0.26683677673339845
42,random,CNN Only,f2ff2459e5b7,177,1,100,25.454212188720703,0.25454212188720704
42,random,CNN Only,f50d6c9f3699,177,1,100,23.263010025024414,0.23263010025024414
42,random,CNN Only,f6dcc64a0bda,170,1,103,26.79033660888672,0.2601003554260847
42,random,CNN Only,f7b83ed80d32,115,1,69,12.546564102172852,0.18183426235033118
42,random,CNN Only,f810d42e0bd8,177,1,100,20.576549530029297,0.20576549530029298
42,random,CNN Only,f9ec3cae1256,177,1,100,17.80168914794922,0.17801689147949218
42,random,CNN Only,fa2161af97a3,170,1,103,29.990907669067383,0.29117386086473185
42,random,CNN Only,fa508fe5212e,177,1,100,25.153968811035156,0.25153968811035154
42,random,CNN Only,fb48c5f7a889,177,1,100,21.628520965576172,0.21628520965576173
42,random,CNN Only,fc29f761a1fd,177,1,100,26.44600486755371,0.26446004867553713
42,random,CNN Only,fca1e93770fe,177,1,100,20.49911880493164,0.2049911880493164
42,random,CNN Only,fceac0fe851a,177,1,100,26.65509033203125,0.2665509033203125
42,random,CNN Only,fe0b5fe3429f,115,2,138,28.673078536987305,0.20777593142744424
42,random,CNN Only,fe2c32fa6924,177,1,100,20.828832626342773,0.20828832626342775
42,random,CNN Only,ff2096346fd8,177,1,100,19.10807991027832,0.1910807991027832
42,random,CNN Only,ff650a3a9500,177,1,100,26.477283477783203,0.26477283477783203
42,random,CNN Only,ffa300791bea,177,1,100,20.589181900024414,0.20589181900024414
42,random,CNN Only,ffeb117251f6,177,1,100,22.754512786865234,0.22754512786865233
42,random,Full Model (+ViennaRNA 7d),00fee221fed8,177,1,100,22.557910919189453,0.22557910919189453
42,random,Full Model (+ViennaRNA 7d),0158b883f6df,177,1,100,26.60570526123047,0.26605705261230467
42,random,Full Model (+ViennaRNA 7d),0272ab36bc3b,115,2,138,19.141550064086914,0.13870688452236896
42,random,Full Model (+ViennaRNA 7d),035e9e6cf34c,115,1,69,10.08633804321289,0.14617881222047668
42,random,Full Model (+ViennaRNA 7d),038ba5ea2414,177,1,100,13.868416786193848,0.1386841678619385
42,random,Full Model (+ViennaRNA 7d),03f96eb1828c,115,2,138,24.141765594482422,0.17494033039480017
42,random,Full Model (+ViennaRNA 7d),04396fb86ca3,177,1,100,11.376642227172852,0.11376642227172852
42,random,Full Model (+ViennaRNA 7d),04e856bc5974,170,1,103,27.865209579467773,0.27053601533463856
42,random,Full Model (+ViennaRNA 7d),05b715834673,177,1,100,10.857725143432617,0.10857725143432617
42,random,Full Model (+ViennaRNA 7d),067e3c1c1ea8,177,1,100,9.337163925170898,0.09337163925170898
42,random,Full Model (+ViennaRNA 7d),098b4f749abe,177,1,100,13.133895874023438,0.13133895874023438
42,random,Full Model (+ViennaRNA 7d),0aeb79f0e26d,177,1,100,28.793270111083984,0.28793270111083985
42,random,Full Model (+ViennaRNA 7d),0b8057b073ff,177,1,100,24.59587860107422,0.2459587860107422
42,random,Full Model (+ViennaRNA 7d),0baa46212ed2,177,1,100,18.64359474182129,0.1864359474182129
42,random,Full Model (+ViennaRNA 7d),0c71368ee153,177,1,100,25.750242233276367,0.25750242233276366
42,random,Full Model (+ViennaRNA 7d),0cd68d709c4d,170,1,103,20.294946670532227,0.19703831718963327
42,random,Full Model (+ViennaRNA 7d),0ce9a702972c,177,1,100,22.681013107299805,0.22681013107299805
42,random,Full Model (+ViennaRNA 7d),0d2566db2f11,177,1,100,19.096355438232422,0.1909635543823242
42,random,Full Model (+ViennaRNA 7d),0dccb529bf3c,177,1,100,9.055882453918457,0.09055882453918457
42,random,Full Model (+ViennaRNA 7d),0f22f7cd7fe8,177,1,100,8.46640682220459,0.0846640682220459
42,random,Full Model (+ViennaRNA 7d),104adbda2c8b,170,1,103,15.498812675476074,0.1504739094706415
42,random,Full Model (+ViennaRNA 7d),109795b6e4e4,177,1,100,17.112110137939453,0.17112110137939454
42,random,Full Model (+ViennaRNA 7d),11b65b437b51,177,1,100,22.214054107666016,0.22214054107666015
42,random,Full Model (+ViennaRNA 7d),1252f2b6c2fd,177,1,100,17.970365524291992,0.17970365524291992
42,random,Full Model (+ViennaRNA 7d),126043caf177,177,1,100,13.33884048461914,0.1333884048461914
42,random,Full Model (+ViennaRNA 7d),12da41f42e30,177,1,100,7.216374397277832,0.07216374397277832
42,random,Full Model (+ViennaRNA 7d),1327c61b1836,177,1,100,12.149059295654297,0.12149059295654296
42,random,Full Model (+ViennaRNA 7d),1563827e90c7,177,2,200,28.929210662841797,0.144646053314209
42,random,Full Model (+ViennaRNA 7d),1c10b1cb9417,177,1,100,16.436973571777344,0.16436973571777344
42,random,Full Model (+ViennaRNA 7d),1caad1794c76,177,1,100,25.078990936279297,0.250789909362793
42,random,Full Model (+ViennaRNA 7d),1e478acc86c8,177,1,100,12.191112518310547,0.12191112518310547
42,random,Full Model (+ViennaRNA 7d),20651db0eb9e,115,2,138,29.11444854736328,0.21097426483596582
42,random,Full Model (+ViennaRNA 7d),20c8bac7e671,177,1,100,5.668356895446777,0.05668356895446777
42,random,Full Model (+ViennaRNA 7d),21cc11c6367d,177,1,100,39.865028381347656,0.39865028381347656
42,random,Full Model (+ViennaRNA 7d),232992701729,177,1,100,20.071998596191406,0.20071998596191407
42,random,Full Model (+ViennaRNA 7d),244bb7bac299,177,1,100,18.405229568481445,0.18405229568481446
42,random,Full Model (+ViennaRNA 7d),24dcf6d98330,177,2,200,41.213836669921875,0.20606918334960939
42,random,Full Model (+ViennaRNA 7d),2571bdb75e88,177,1,100,13.945333480834961,0.13945333480834962
42,random,Full Model (+ViennaRNA 7d),259c2a8ad0ce,177,1,100,18.64818572998047,0.18648185729980468
42,random,Full Model (+ViennaRNA 7d),25f2170b08a7,177,1,100,32.1873664855957,0.32187366485595703
42,random,Full Model (+ViennaRNA 7d),26bd1dc7890f,177,2,200,49.43024444580078,0.2471512222290039
42,random,Full Model (+ViennaRNA 7d),26ffb691d725,177,1,100,15.294450759887695,0.15294450759887696
42,random,Full Model (+ViennaRNA 7d),2918b4232e00,177,1,100,18.286352157592773,0.18286352157592772
42,random,Full Model (+ViennaRNA 7d),295136924321,177,1,100,14.79267692565918,0.1479267692565918
42,random,Full Model (+ViennaRNA 7d),2a6243f5396b,177,1,100,9.731426239013672,0.09731426239013671
42,random,Full Model (+ViennaRNA 7d),2d11a75bca33,177,1,100,9.212257385253906,0.09212257385253907
42,random,Full Model (+ViennaRNA 7d),2e06b23eb94a,177,1,100,22.688716888427734,0.22688716888427735
42,random,Full Model (+ViennaRNA 7d),2e162686c177,177,1,100,35.06487274169922,0.3506487274169922
42,random,Full Model (+ViennaRNA 7d),2e2adbd831cb,177,1,100,15.117209434509277,0.15117209434509277
42,random,Full Model (+ViennaRNA 7d),2eaa7ec685da,177,1,100,25.313400268554688,0.25313400268554687
42,random,Full Model (+ViennaRNA 7d),3022c6c6a9f2,170,1,103,22.282434463500977,0.21633431517962112
42,random,Full Model (+ViennaRNA 7d),32a8faec67ef,177,1,100,22.17686653137207,0.2217686653137207
42,random,Full Model (+ViennaRNA 7d),32e3df454dac,177,1,100,21.493196487426758,0.21493196487426758
42,random,Full Model (+ViennaRNA 7d),3426d40eb72e,115,1,69,11.005447387695312,0.15949923750283063
42,random,Full Model (+ViennaRNA 7d),34721178b1ba,177,1,100,20.677677154541016,0.20677677154541016
42,random,Full Model (+ViennaRNA 7d),349b45f98177,177,1,100,26.289731979370117,0.2628973197937012
42,random,Full Model (+ViennaRNA 7d),35e73935ed42,177,1,100,22.346906661987305,0.22346906661987304
42,random,Full Model (+ViennaRNA 7d),37736c9a44a1,177,1,100,26.059160232543945,0.26059160232543943
42,random,Full Model (+ViennaRNA 7d),396b2159ef2b,115,1,69,11.568644523620605,0.16766151483508124
42,random,Full Model (+ViennaRNA 7d),39949df91891,177,1,100,16.361980438232422,0.1636198043823242
42,random,Full Model (+ViennaRNA 7d),39a91d5ff5a3,177,1,100,21.05170249938965,0.2105170249938965
42,random,Full Model (+ViennaRNA 7d),3a018097004f,115,3,207,30.3437442779541,0.14658813660847392
42,random,Full Model (+ViennaRNA 7d),3c18ad99d536,177,2,200,48.584259033203125,0.24292129516601563
42,random,Full Model (+ViennaRNA 7d),3c5b3be71dfe,177,1,100,12.66032886505127,0.1266032886505127
42,random,Full Model (+ViennaRNA 7d),3c98a2bba159,177,1,100,23.243379592895508,0.23243379592895508
42,random,Full Model (+ViennaRNA 7d),3d0b1b56c1c0,177,1,100,18.539363861083984,0.18539363861083985
42,random,Full Model (+ViennaRNA 7d),3dd6dac4e410,177,1,100,19.803123474121094,0.19803123474121093
42,random,Full Model (+ViennaRNA 7d),3fc9caae73df,177,1,100,23.91910171508789,0.2391910171508789
42,random,Full Model (+ViennaRNA 7d),3fe892fcf2b9,177,1,100,15.74007511138916,0.1574007511138916
42,random,Full Model (+ViennaRNA 7d),415c13c97ac6,177,1,100,9.03116226196289,0.09031162261962891
42,random,Full Model (+ViennaRNA 7d),425ef6f4891e,115,1,69,15.97807502746582,0.23156630474588144
42,random,Full Model (+ViennaRNA 7d),427bdd0c32ac,177,1,100,25.31985855102539,0.2531985855102539
42,random,Full Model (+ViennaRNA 7d),42a3f5e8de12,177,1,100,16.559551239013672,0.16559551239013673
42,random,Full Model (+ViennaRNA 7d),463e196c09b4,177,1,100,10.892601013183594,0.10892601013183593
42,random,Full Model (+ViennaRNA 7d),4813fd5041a5,177,1,100,12.250198364257812,0.12250198364257812
42,random,Full Model (+ViennaRNA 7d),49b205ce3a62,177,1,100,23.920251846313477,0.23920251846313476
42,random,Full Model (+ViennaRNA 7d),4d383d99f659,177,1,100,21.84634017944336,0.2184634017944336
42,random,Full Model (+ViennaRNA 7d),4f86b8e88de6,177,1,100,25.552410125732422,0.2555241012573242
42,random,Full Model (+ViennaRNA 7d),508615ad1cdf,177,1,100,23.57775115966797,0.2357775115966797
42,random,Full Model (+ViennaRNA 7d),512b65a46f0f,177,1,100,14.131792068481445,0.14131792068481444
42,random,Full Model (+ViennaRNA 7d),516f03eda3bd,177,1,100,16.28561019897461,0.1628561019897461
42,random,Full Model (+ViennaRNA 7d),518e4c7d35a1,177,1,100,15.482358932495117,0.15482358932495116
42,random,Full Model (+ViennaRNA 7d),52780939dc8f,177,1,100,19.173921585083008,0.1917392158508301
42,random,Full Model (+ViennaRNA 7d),52881c2d896b,177,1,100,34.27665710449219,0.34276657104492186
42,random,Full Model (+ViennaRNA 7d),53071cbd27d5,177,2,200,31.257843017578125,0.15628921508789062
42,random,Full Model (+ViennaRNA 7d),56340500f232,177,1,100,10.424789428710938,0.10424789428710937
42,random,Full Model (+ViennaRNA 7d),564e6f1cbc2b,177,1,100,11.877443313598633,0.11877443313598633
42,random,Full Model (+ViennaRNA 7d),58f542c633cb,177,1,100,24.41375732421875,0.2441375732421875
42,random,Full Model (+ViennaRNA 7d),5c4f225944a8,177,1,100,24.491884231567383,0.24491884231567382
42,random,Full Model (+ViennaRNA 7d),5dbcea02f6d9,177,1,100,11.350979804992676,0.11350979804992675
42,random,Full Model (+ViennaRNA 7d),5ed1eb69f210,177,1,100,15.466979026794434,0.15466979026794433
42,random,Full Model (+ViennaRNA 7d),5f589c58a1e5,177,1,100,11.57109260559082,0.1157109260559082
42,random,Full Model (+ViennaRNA 7d),5f756d269f07,177,1,100,23.007349014282227,0.23007349014282227
42,random,Full Model (+ViennaRNA 7d),6012e5ae3747,177,1,100,23.795360565185547,0.23795360565185547
42,random,Full Model (+ViennaRNA 7d),6565438fe942,177,1,100,21.313217163085938,0.21313217163085937
42,random,Full Model (+ViennaRNA 7d),67f68a7217b3,177,1,100,19.143808364868164,0.19143808364868165
42,random,Full Model (+ViennaRNA 7d),681f424d2a28,177,1,100,22.554641723632812,0.22554641723632812
42,random,Full Model (+ViennaRNA 7d),68a81f7a0851,177,1,100,21.70675277709961,0.21706752777099608
42,random,Full Model (+ViennaRNA 7d),6a5de1f07fc4,177,1,100,17.356348037719727,0.17356348037719727
42,random,Full Model (+ViennaRNA 7d),7063154436f8,177,1,100,17.865062713623047,0.17865062713623048
42,random,Full Model (+ViennaRNA 7d),708a27cf017b,177,1,100,11.561073303222656,0.11561073303222656
42,random,Full Model (+ViennaRNA 7d),70d670a45fbf,177,1,100,14.005500793457031,0.14005500793457032
42,random,Full Model (+ViennaRNA 7d),70eae8b92d44,177,1,100,18.788776397705078,0.1878877639770508
42,random,Full Model (+ViennaRNA 7d),7376cd436835,177,1,100,30.843931198120117,0.30843931198120117
42,random,Full Model (+ViennaRNA 7d),74c63b493906,177,1,100,24.17462158203125,0.2417462158203125
42,random,Full Model (+ViennaRNA 7d),74f652fca824,177,1,100,13.012638092041016,0.13012638092041015
42,random,Full Model (+ViennaRNA 7d),76ca4d897448,177,1,100,18.24812126159668,0.1824812126159668
42,random,Full Model (+ViennaRNA 7d),76d2f7267390,155,1,109,27.029552459716797,0.24797754550198897
42,random,Full Model (+ViennaRNA 7d),773c899b5042,170,1,103,18.485733032226562,0.17947313623520936
42,random,Full Model (+ViennaRNA 7d),7adf7399d2d2,177,1,100,16.675296783447266,0.16675296783447266
42,random,Full Model (+ViennaRNA 7d),7b3e71bbe05f,177,1,100,19.9556884765625,0.199556884765625
42,random,Full Model (+ViennaRNA 7d),7dba70a356c4,177,1,100,22.120281219482422,0.2212028121948242
42,random,Full Model (+ViennaRNA 7d),7e55d0c9079f,177,1,100,8.102945327758789,0.08102945327758788
42,random,Full Model (+ViennaRNA 7d),7ee53e5fb990,177,1,100,16.889240264892578,0.16889240264892577
42,random,Full Model (+ViennaRNA 7d),7efd6906a270,177,1,100,15.050168991088867,0.15050168991088866
42,random,Full Model (+ViennaRNA 7d),7f501ee72dc6,177,1,100,25.43231964111328,0.2543231964111328
42,random,Full Model (+ViennaRNA 7d),7f86603ecc91,177,1,100,38.886077880859375,0.38886077880859377
42,random,Full Model (+ViennaRNA 7d),803a17a5c1c8,177,1,100,9.910120964050293,0.09910120964050292
42,random,Full Model (+ViennaRNA 7d),80631598f86f,177,1,100,21.46783447265625,0.2146783447265625
42,random,Full Model (+ViennaRNA 7d),814435e2f515,177,1,100,22.371135711669922,0.2237113571166992
42,random,Full Model (+ViennaRNA 7d),8270669437e3,170,1,103,16.00415802001953,0.15538017495164594
42,random,Full Model (+ViennaRNA 7d),840b8ecaba46,206,1,139,19.883516311645508,0.14304687993989573
42,random,Full Model (+ViennaRNA 7d),841aea722c35,177,1,100,13.367664337158203,0.13367664337158203
42,random,Full Model (+ViennaRNA 7d),850bec76e220,177,1,100,10.16421890258789,0.1016421890258789
42,random,Full Model (+ViennaRNA 7d),86cc9f022072,177,1,100,25.7193660736084,0.25719366073608396
42,random,Full Model (+ViennaRNA 7d),8719373052f3,177,2,200,37.116981506347656,0.18558490753173829
42,random,Full Model (+ViennaRNA 7d),878b49baf0e0,177,1,100,23.99506378173828,0.23995063781738282
42,random,Full Model (+ViennaRNA 7d),88a494b0bfa1,177,1,100,22.572036743164062,0.22572036743164062
42,random,Full Model (+ViennaRNA 7d),88a6e9e3dabc,177,1,100,23.953655242919922,0.23953655242919922
42,random,Full Model (+ViennaRNA 7d),8951cda616ab,177,1,100,8.062714576721191,0.08062714576721192
42,random,Full Model (+ViennaRNA 7d),895ad6b5ec1f,177,1,100,15.746004104614258,0.15746004104614258
42,random,Full Model (+ViennaRNA 7d),89ef4bb9bed0,177,1,100,18.409976959228516,0.18409976959228516
42,random,Full Model (+ViennaRNA 7d),8a0f1c5b0d76,177,1,100,23.490015029907227,0.23490015029907227
42,random,Full Model (+ViennaRNA 7d),8c64548738ce,177,1,100,13.630180358886719,0.13630180358886718
42,random,Full Model (+ViennaRNA 7d),8ce40de9df68,177,1,100,19.921016693115234,0.19921016693115234
42,random,Full Model (+ViennaRNA 7d),8da9117f426e,177,1,100,23.449241638183594,0.23449241638183593
42,random,Full Model (+ViennaRNA 7d),8db04c1ead85,177,1,100,15.402372360229492,0.1540237236022949
42,random,Full Model (+ViennaRNA 7d),8e9af482b5e4,177,2,200,51.403892517089844,0.2570194625854492
42,random,Full Model (+ViennaRNA 7d),8f2436c25cff,170,1,103,22.505332946777344,0.21849837812405187
42,random,Full Model (+ViennaRNA 7d),9133ff577583,177,2,200,53.48390197753906,0.2674195098876953
42,random,Full Model (+ViennaRNA 7d),91943b642389,177,1,100,19.758926391601562,0.1975892639160156
42,random,Full Model (+ViennaRNA 7d),91c2b04c11a1,177,1,100,9.36628532409668,0.09366285324096679
42,random,Full Model (+ViennaRNA 7d),9210f821f5c4,177,1,100,18.096515655517578,0.18096515655517578
42,random,Full Model (+ViennaRNA 7d),93d5bd2942d1,177,1,100,13.559882164001465,0.13559882164001466
42,random,Full Model (+ViennaRNA 7d),953c67f4fdae,177,1,100,17.154666900634766,0.17154666900634766
42,random,Full Model (+ViennaRNA 7d),972ed350fb2b,177,2,200,57.44136428833008,0.2872068214416504
42,random,Full Model (+ViennaRNA 7d),977d8b31b015,177,1,100,15.250433921813965,0.15250433921813966
42,random,Full Model (+ViennaRNA 7d),9a6a4f63f2be,177,1,100,14.130051612854004,0.14130051612854003
42,random,Full Model (+ViennaRNA 7d),9b3e47596609,177,1,100,20.021533966064453,0.20021533966064453
42,random,Full Model (+ViennaRNA 7d),9b74b0082440,177,1,100,29.157413482666016,0.29157413482666017
42,random,Full Model (+ViennaRNA 7d),9bc7e2a7f83a,115,1,69,8.395698547363281,0.12167679054149683
42,random,Full Model (+ViennaRNA 7d),9c05cb47f7ab,170,1,103,28.384370803833008,0.2755764155711943
42,random,Full Model (+ViennaRNA 7d),9c1cccf13174,177,1,100,23.26346206665039,0.2326346206665039
42,random,Full Model (+ViennaRNA 7d),9c602f0a779c,177,1,100,8.8984375,0.088984375
42,random,Full Model (+ViennaRNA 7d),9d84950b6fe1,177,1,100,13.620014190673828,0.1362001419067383
42,random,Full Model (+ViennaRNA 7d),9ea798b5d78f,177,1,100,15.852712631225586,0.15852712631225585
42,random,Full Model (+ViennaRNA 7d),a0382b293f90,177,1,100,10.606629371643066,0.10606629371643067
42,random,Full Model (+ViennaRNA 7d),a05b3fd7b53c,177,1,100,16.488277435302734,0.16488277435302734
42,random,Full Model (+ViennaRNA 7d),a0b0ef4e1f35,177,1,100,19.064071655273438,0.19064071655273437
42,random,Full Model (+ViennaRNA 7d),a105b526b8dc,177,1,100,18.892513275146484,0.18892513275146483
42,random,Full Model (+ViennaRNA 7d),a1aa4597e707,177,1,100,16.75922393798828,0.16759223937988282
42,random,Full Model (+ViennaRNA 7d),a76ed852de05,177,1,100,22.39936065673828,0.22399360656738282
42,random,Full Model (+ViennaRNA 7d),a8b5848beae8,177,1,100,15.13957405090332,0.1513957405090332
42,random,Full Model (+ViennaRNA 7d),a9215f96e01e,177,1,100,21.43344497680664,0.2143344497680664
42,random,Full Model (+ViennaRNA 7d),a9af1572df82,177,1,100,23.072200775146484,0.23072200775146484
42,random,Full Model (+ViennaRNA 7d),aa5fc320008b,177,1,100,20.831398010253906,0.20831398010253907
42,random,Full Model (+ViennaRNA 7d),aaa4e6cb9d39,177,1,100,30.59765625,0.3059765625
42,random,Full Model (+ViennaRNA 7d),ab5aa0dd07cf,177,2,200,39.36282920837402,0.1968141460418701
42,random,Full Model (+ViennaRNA 7d),abca94fe363f,177,1,100,17.187889099121094,0.17187889099121093
42,random,Full Model (+ViennaRNA 7d),abe0c14c2ecf,177,2,200,33.78717231750488,0.1689358615875244
42,random,Full Model (+ViennaRNA 7d),acb203de84ce,177,1,100,18.865406036376953,0.18865406036376953
42,random,Full Model (+ViennaRNA 7d),ad202f79ddd5,177,1,100,12.497689247131348,0.12497689247131348
42,random,Full Model (+ViennaRNA 7d),b0e922ba9b2e,177,1,100,18.532733917236328,0.18532733917236327
42,random,Full Model (+ViennaRNA 7d),b1a245043377,177,1,100,15.787210464477539,0.15787210464477539
42,random,Full Model (+ViennaRNA 7d),b2eb8cb8079c,177,1,100,19.240522384643555,0.19240522384643555
42,random,Full Model (+ViennaRNA 7d),b3b4a16c3cb0,177,1,100,12.262163162231445,0.12262163162231446
42,random,Full Model (+ViennaRNA 7d),b40680909f93,177,1,100,21.631591796875,0.21631591796875
42,random,Full Model (+ViennaRNA 7d),b4d1af67dee5,115,1,69,10.388400077819824,0.15055652286695398
42,random,Full Model (+ViennaRNA 7d),b63eff82a632,177,2,200,35.33189868927002,0.1766594934463501
42,random,Full Model (+ViennaRNA 7d),b9948beb1124,177,1,100,15.142014503479004,0.15142014503479004
42,random,Full Model (+ViennaRNA 7d),baf80d1b57cf,177,1,100,12.97021770477295,0.1297021770477295
42,random,Full Model (+ViennaRNA 7d),bb1634d420cd,177,1,100,23.034114837646484,0.23034114837646485
42,random,Full Model (+ViennaRNA 7d),bbdc7839dfbf,177,1,100,12.843463897705078,0.1284346389770508
42,random,Full Model (+ViennaRNA 7d),bd9c43ea1b3a,177,1,100,15.575857162475586,0.15575857162475587
42,random,Full Model (+ViennaRNA 7d),bf52fe408d2d,170,1,103,23.361862182617188,0.2268141959477397
42,random,Full Model (+ViennaRNA 7d),c1fd5a0ff12d,177,1,100,25.091358184814453,0.25091358184814455
42,random,Full Model (+ViennaRNA 7d),c3353748c46d,177,1,100,16.617820739746094,0.16617820739746095
42,random,Full Model (+ViennaRNA 7d),c33c47c5a06c,177,1,100,11.476051330566406,0.11476051330566406
42,random,Full Model (+ViennaRNA 7d),c4455c321186,177,2,200,38.88290214538574,0.19441451072692872
42,random,Full Model (+ViennaRNA 7d),c516516687ad,206,1,139,21.801361083984375,0.15684432434521134
42,random,Full Model (+ViennaRNA 7d),c5895a72a4a9,177,2,200,42.9828987121582,0.214914493560791
42,random,Full Model (+ViennaRNA 7d),c63697fb7d10,115,1,69,10.681018829345703,0.15479737433834354
42,random,Full Model (+ViennaRNA 7d),c6633820d894,177,1,100,12.079171180725098,0.12079171180725097
42,random,Full Model (+ViennaRNA 7d),c715f410c8c0,177,1,100,12.219524383544922,0.12219524383544922
42,random,Full Model (+ViennaRNA 7d),c744e55a6ab4,177,1,100,16.64575958251953,0.16645759582519531
42,random,Full Model (+ViennaRNA 7d),c75b2d358afd,170,2,206,61.92337989807129,0.3005989315440354
42,random,Full Model (+ViennaRNA 7d),c76e16fffe20,170,1,103,27.28972625732422,0.26494879861479825
42,random,Full Model (+ViennaRNA 7d),c79905006a4e,177,1,100,20.07661247253418,0.2007661247253418
42,random,Full Model (+ViennaRNA 7d),c79d1823a62a,177,1,100,20.883167266845703,0.20883167266845704
42,random,Full Model (+ViennaRNA 7d),c83f1922ed54,177,1,100,21.969886779785156,0.21969886779785155
42,random,Full Model (+ViennaRNA 7d),c99d71fb29d4,177,1,100,32.848514556884766,0.32848514556884767
42,random,Full Model (+ViennaRNA 7d),ca383056ed8a,177,1,100,23.792245864868164,0.23792245864868164
42,random,Full Model (+ViennaRNA 7d),cb99d337fc6e,177,1,100,24.193267822265625,0.24193267822265624
42,random,Full Model (+ViennaRNA 7d),cc2fc3be96b8,177,1,100,36.515052795410156,0.3651505279541016
42,random,Full Model (+ViennaRNA 7d),cc85c5cf1b74,177,1,100,22.81745719909668,0.2281745719909668
42,random,Full Model (+ViennaRNA 7d),cd9ee27de81f,177,1,100,11.700807571411133,0.11700807571411133
42,random,Full Model (+ViennaRNA 7d),cecf79bb98e1,177,1,100,25.874984741210938,0.2587498474121094
42,random,Full Model (+ViennaRNA 7d),d367e2ed92d7,177,1,100,15.06393051147461,0.1506393051147461
42,random,Full Model (+ViennaRNA 7d),d42bedc1fb67,177,1,100,18.097654342651367,0.18097654342651368
42,random,Full Model (+ViennaRNA 7d),d58ec7db8d18,170,1,103,27.205753326416016,0.2641335274409322
42,random,Full Model (+ViennaRNA 7d),d67f008fd24c,177,1,100,21.597803115844727,0.21597803115844727
42,random,Full Model (+ViennaRNA 7d),d9c5eca9fc2f,177,1,100,24.535802841186523,0.24535802841186524
42,random,Full Model (+ViennaRNA 7d),db1e6650c405,177,1,100,20.73589324951172,0.2073589324951172
42,random,Full Model (+ViennaRNA 7d),db587e94a819,177,1,100,12.623263359069824,0.12623263359069825
42,random,Full Model (+ViennaRNA 7d),dcc8ddf8ddfc,177,1,100,19.490177154541016,0.19490177154541016
42,random,Full Model (+ViennaRNA 7d),dd7adbbe317f,177,1,100,15.491968154907227,0.15491968154907226
42,random,Full Model (+ViennaRNA 7d),ddc7771b98ea,177,1,100,15.4989013671875,0.154989013671875
42,random,Full Model (+ViennaRNA 7d),de3f2002b07f,177,1,100,20.304346084594727,0.20304346084594727
42,random,Full Model (+ViennaRNA 7d),dec733aee617,177,1,100,36.00014877319336,0.3600014877319336
42,random,Full Model (+ViennaRNA 7d),e08f218078fb,177,1,100,12.44791316986084,0.1244791316986084
42,random,Full Model (+ViennaRNA 7d),e10345b1bc49,170,1,103,17.09177017211914,0.16593951623416642
42,random,Full Model (+ViennaRNA 7d),e17505dfad4f,177,1,100,14.832624435424805,0.14832624435424804
42,random,Full Model (+ViennaRNA 7d),e19c09081c0a,177,1,100,21.124956130981445,0.21124956130981445
42,random,Full Model (+ViennaRNA 7d),e29e108be40a,170,1,103,18.07840347290039,0.17551848031942127
42,random,Full Model (+ViennaRNA 7d),e4bb053d29df,177,1,100,21.82068634033203,0.21820686340332032
42,random,Full Model (+ViennaRNA 7d),e5ad8d83e6a3,177,1,100,14.606696128845215,0.14606696128845215
42,random,Full Model (+ViennaRNA 7d),e7092f49ad50,177,1,100,25.188400268554688,0.2518840026855469
42,random,Full Model (+ViennaRNA 7d),e761f3bbe459,177,1,100,24.672142028808594,0.24672142028808594
42,random,Full Model (+ViennaRNA 7d),e763248cd849,177,1,100,17.66919708251953,0.1766919708251953
42,random,Full Model (+ViennaRNA 7d),e85dbbc1e389,177,1,100,16.826248168945312,0.16826248168945312
42,random,Full Model (+ViennaRNA 7d),ea81b8aea9e8,177,1,100,10.376336097717285,0.10376336097717286
42,random,Full Model (+ViennaRNA 7d),eaa924622a92,177,1,100,20.08222770690918,0.2008222770690918
42,random,Full Model (+ViennaRNA 7d),eb86cc06ac7d,177,1,100,9.53132152557373,0.0953132152557373
42,random,Full Model (+ViennaRNA 7d),f2b4b32037e3,177,1,100,23.343658447265625,0.23343658447265625
42,random,Full Model (+ViennaRNA 7d),f2ff2459e5b7,177,1,100,19.986953735351562,0.19986953735351562
42,random,Full Model (+ViennaRNA 7d),f50d6c9f3699,177,1,100,22.352920532226562,0.2235292053222656
42,random,Full Model (+ViennaRNA 7d),f6dcc64a0bda,170,1,103,25.925622940063477,0.25170507708799494
42,random,Full Model (+ViennaRNA 7d),f7b83ed80d32,115,1,69,11.028360366821289,0.15983130966407666
42,random,Full Model (+ViennaRNA 7d),f810d42e0bd8,177,1,100,16.754558563232422,0.16754558563232422
42,random,Full Model (+ViennaRNA 7d),f9ec3cae1256,177,1,100,17.42401123046875,0.1742401123046875
42,random,Full Model (+ViennaRNA 7d),fa2161af97a3,170,1,103,24.37049102783203,0.23660670900807798
42,random,Full Model (+ViennaRNA 7d),fa508fe5212e,177,1,100,16.014015197753906,0.16014015197753906
42,random,Full Model (+ViennaRNA 7d),fb48c5f7a889,177,1,100,12.947259902954102,0.129472599029541
42,random,Full Model (+ViennaRNA 7d),fc29f761a1fd,177,1,100,21.518335342407227,0.21518335342407227
42,random,Full Model (+ViennaRNA 7d),fca1e93770fe,177,1,100,18.40839385986328,0.1840839385986328
42,random,Full Model (+ViennaRNA 7d),fceac0fe851a,177,1,100,25.80046272277832,0.2580046272277832
42,random,Full Model (+ViennaRNA 7d),fe0b5fe3429f,115,2,138,31.497180938720703,0.22824044158493262
42,random,Full Model (+ViennaRNA 7d),fe2c32fa6924,177,1,100,25.866958618164062,0.2586695861816406
42,random,Full Model (+ViennaRNA 7d),ff2096346fd8,177,1,100,14.957620620727539,0.14957620620727538
42,random,Full Model (+ViennaRNA 7d),ff650a3a9500,177,1,100,21.510231018066406,0.21510231018066406
42,random,Full Model (+ViennaRNA 7d),ffa300791bea,177,1,100,20.71854019165039,0.20718540191650392
42,random,Full Model (+ViennaRNA 7d),ffeb117251f6,177,1,100,19.40980339050293,0.1940980339050293
123,grouped,CNN + Bi-LSTM,03fa5deefbf4,177,2,200,43.67792510986328,0.2183896255493164
123,grouped,CNN + Bi-LSTM,067e3c1c1ea8,177,2,200,37.032419204711914,0.18516209602355957
123,grouped,CNN + Bi-LSTM,0876f2ed2e05,177,1,100,22.290271759033203,0.22290271759033203
123,grouped,CNN + Bi-LSTM,0aeb79f0e26d,177,2,200,46.99361610412598,0.2349680805206299
123,grouped,CNN + Bi-LSTM,0c6d7066def0,177,2,200,47.340484619140625,0.23670242309570313
123,grouped,CNN + Bi-LSTM,0cd68d709c4d,170,2,206,52.28119659423828,0.2537922164768849
123,grouped,CNN + Bi-LSTM,0e1a1d6242c4,170,2,206,55.27580261230469,0.26832913889468296
123,grouped,CNN + Bi-LSTM,1252f2b6c2fd,177,2,200,35.7332878112793,0.17866643905639648
123,grouped,CNN + Bi-LSTM,14b1d3d14730,177,1,100,30.62407875061035,0.3062407875061035
123,grouped,CNN + Bi-LSTM,1807494a3143,177,2,200,41.2869758605957,0.20643487930297852
123,grouped,CNN + Bi-LSTM,1a324ad99903,206,2,278,54.715145111083984,0.19681706874490643
123,grouped,CNN + Bi-LSTM,1b6723967e36,177,2,200,39.20245552062988,0.1960122776031494
123,grouped,CNN + Bi-LSTM,1c07d0d38d7a,177,1,100,24.366680145263672,0.24366680145263672
123,grouped,CNN + Bi-LSTM,1e478acc86c8,177,1,100,17.255239486694336,0.17255239486694335
123,grouped,CNN + Bi-LSTM,248159ed0ea5,177,2,200,43.77656173706055,0.21888280868530274
123,grouped,CNN + Bi-LSTM,252932faf3f5,170,2,206,53.35903358459473,0.2590244348766734
123,grouped,CNN + Bi-LSTM,25f2170b08a7,177,2,200,59.89888381958008,0.29949441909790037
123,grouped,CNN + Bi-LSTM,26bab970c8d9,177,2,200,45.07286262512207,0.22536431312561034
123,grouped,CNN + Bi-LSTM,29cbd86eabdd,177,2,200,44.54541015625,0.22272705078125
123,grouped,CNN + Bi-LSTM,2a6243f5396b,177,1,100,16.73607635498047,0.1673607635498047
123,grouped,CNN + Bi-LSTM,2eaa7ec685da,177,1,100,24.817110061645508,0.2481711006164551
123,grouped,CNN + Bi-LSTM,302c27aa86be,177,1,100,14.779008865356445,0.14779008865356447
123,grouped,CNN + Bi-LSTM,33008566a4a3,177,2,200,48.3270263671875,0.2416351318359375
123,grouped,CNN + Bi-LSTM,375b3dc3e7be,177,2,200,36.83887481689453,0.18419437408447265
123,grouped,CNN + Bi-LSTM,39949df91891,177,1,100,20.77402114868164,0.2077402114868164
123,grouped,CNN + Bi-LSTM,39c5f5272926,177,1,100,26.09508514404297,0.2609508514404297
123,grouped,CNN + Bi-LSTM,3a018097004f,115,10,690,130.36259937286377,0.188931303438933
123,grouped,CNN + Bi-LSTM,3ae137de3da5,177,1,100,18.394725799560547,0.18394725799560546
123,grouped,CNN + Bi-LSTM,3ba1ffd28e99,177,2,200,43.34415626525879,0.21672078132629394
123,grouped,CNN + Bi-LSTM,3c5b3be71dfe,177,2,200,42.4991455078125,0.2124957275390625
123,grouped,CNN + Bi-LSTM,3c98a2bba159,177,2,200,42.09591293334961,0.21047956466674805
123,grouped,CNN + Bi-LSTM,3ecde0ad67f8,177,2,200,40.93025016784668,0.2046512508392334
123,grouped,CNN + Bi-LSTM,3f4520ed6770,177,2,200,43.55481147766113,0.21777405738830566
123,grouped,CNN + Bi-LSTM,4067ea5de969,177,2,200,36.672292709350586,0.18336146354675292
123,grouped,CNN + Bi-LSTM,4264d26ef757,177,1,100,28.571746826171875,0.28571746826171873
123,grouped,CNN + Bi-LSTM,427bdd0c32ac,177,2,200,48.431861877441406,0.24215930938720703
123,grouped,CNN + Bi-LSTM,463e196c09b4,177,1,100,22.724285125732422,0.2272428512573242
123,grouped,CNN + Bi-LSTM,46c5b0e99af4,177,2,200,41.37833118438721,0.20689165592193604
123,grouped,CNN + Bi-LSTM,47829174d241,177,1,100,25.804664611816406,0.2580466461181641
123,grouped,CNN + Bi-LSTM,496172edf12a,177,1,100,15.895005226135254,0.15895005226135253
123,grouped,CNN + Bi-LSTM,4ae3fd514e1d,177,1,100,17.219539642333984,0.17219539642333984
123,grouped,CNN + Bi-LSTM,4bcf35d8ee0d,177,2,200,51.47818183898926,0.2573909091949463
123,grouped,CNN + Bi-LSTM,4f64e77c1050,177,2,200,43.277069091796875,0.21638534545898438
123,grouped,CNN + Bi-LSTM,4f86b8e88de6,177,1,100,26.974842071533203,0.269748420715332
123,grouped,CNN + Bi-LSTM,5184147a05c1,177,1,100,22.847688674926758,0.22847688674926758
123,grouped,CNN + Bi-LSTM,52881c2d896b,177,2,200,66.45708847045898,0.3322854423522949
123,grouped,CNN + Bi-LSTM,52f6d479762b,177,1,100,20.384979248046875,0.20384979248046875
123,grouped,CNN + Bi-LSTM,53a8ea1572fc,177,2,200,39.00125694274902,0.19500628471374512
123,grouped,CNN + Bi-LSTM,54a3624248c4,177,2,200,44.65131950378418,0.2232565975189209
123,grouped,CNN + Bi-LSTM,56340500f232,177,1,100,18.09171485900879,0.1809171485900879
123,grouped,CNN + Bi-LSTM,56834490e48c,177,1,100,20.860923767089844,0.20860923767089845
123,grouped,CNN + Bi-LSTM,58f542c633cb,177,1,100,28.32634735107422,0.2832634735107422
123,grouped,CNN + Bi-LSTM,5a5d12588d41,177,2,200,47.12174701690674,0.2356087350845337
123,grouped,CNN + Bi-LSTM,5b7b9109c7df,177,1,100,16.259124755859375,0.16259124755859375
123,grouped,CNN + Bi-LSTM,5c5940a97697,177,2,200,45.801076889038086,0.22900538444519042
123,grouped,CNN + Bi-LSTM,5db27aa280ac,177,2,200,42.03973388671875,0.21019866943359375
123,grouped,CNN + Bi-LSTM,5dbcea02f6d9,177,1,100,11.512144088745117,0.11512144088745117
123,grouped,CNN + Bi-LSTM,6490d7ec83b5,177,1,100,21.93421173095703,0.21934211730957032
123,grouped,CNN + Bi-LSTM,66163d6b9a5e,170,2,206,39.405921936035156,0.1912908831846367
123,grouped,CNN + Bi-LSTM,68861f9982ec,177,1,100,15.446231842041016,0.15446231842041017
123,grouped,CNN + Bi-LSTM,6a5de1f07fc4,177,1,100,21.382644653320312,0.21382644653320312
123,grouped,CNN + Bi-LSTM,6ac6dca1bc26,177,1,100,19.628292083740234,0.19628292083740234
123,grouped,CNN + Bi-LSTM,6bef2e6199c5,177,1,100,24.625808715820312,0.24625808715820313
123,grouped,CNN + Bi-LSTM,6f881dadd9fa,177,2,200,35.637603759765625,0.17818801879882812
123,grouped,CNN + Bi-LSTM,7063154436f8,177,2,200,35.640764236450195,0.17820382118225098
123,grouped,CNN + Bi-LSTM,71dad9603525,177,1,100,16.61812400817871,0.1661812400817871
123,grouped,CNN + Bi-LSTM,723cce6fcbf4,177,2,200,43.161617279052734,0.21580808639526367
123,grouped,CNN + Bi-LSTM,72d6523439bc,177,2,200,38.56149482727051,0.19280747413635255
123,grouped,CNN + Bi-LSTM,74e71f1eb228,177,1,100,16.318096160888672,0.16318096160888673
123,grouped,CNN + Bi-LSTM,74eec6400fec,170,2,206,39.35582733154297,0.19104770549292704
123,grouped,CNN + Bi-LSTM,75989ce02922,177,1,100,32.47191619873047,0.32471916198730466
123,grouped,CNN + Bi-LSTM,788ed02dcc78,177,2,200,34.10529708862305,0.17052648544311524
123,grouped,CNN + Bi-LSTM,7d03cc843034,177,2,200,34.23328876495361,0.17116644382476806
123,grouped,CNN + Bi-LSTM,7e0dd2e9c666,177,1,100,17.86829376220703,0.17868293762207033
123,grouped,CNN + Bi-LSTM,7f501ee72dc6,177,2,200,49.42008399963379,0.24710041999816895
123,grouped,CNN + Bi-LSTM,803a17a5c1c8,177,2,200,37.4971866607666,0.187485933303833
123,grouped,CNN + Bi-LSTM,814435e2f515,177,2,200,42.2694206237793,0.21134710311889648
123,grouped,CNN + Bi-LSTM,8238a38b4adc,177,2,200,42.3665714263916,0.211832857131958
123,grouped,CNN + Bi-LSTM,841aea722c35,177,2,200,43.5937614440918,0.21796880722045897
123,grouped,CNN + Bi-LSTM,844ced207001,177,2,200,41.53468132019043,0.20767340660095215
123,grouped,CNN + Bi-LSTM,85a55c24888f,177,2,200,39.72393608093262,0.19861968040466307
123,grouped,CNN + Bi-LSTM,89acfee2dd1e,177,2,200,57.78800964355469,0.2889400482177734
123,grouped,CNN + Bi-LSTM,8bbcfb9df552,177,2,200,35.50118637084961,0.17750593185424804
123,grouped,CNN + Bi-LSTM,8c6638eccbe9,177,2,200,42.10816192626953,0.21054080963134766
123,grouped,CNN + Bi-LSTM,8da9117f426e,177,2,200,37.528815269470215,0.18764407634735109
123,grouped,CNN + Bi-LSTM,8e208196d871,177,2,200,51.30478286743164,0.2565239143371582
123,grouped,CNN + Bi-LSTM,8f2436c25cff,170,2,206,45.88809013366699,0.22275771909547085
123,grouped,CNN + Bi-LSTM,8f360cd13518,177,1,100,14.609112739562988,0.14609112739562988
123,grouped,CNN + Bi-LSTM,91943b642389,177,1,100,23.700761795043945,0.23700761795043945
123,grouped,CNN + Bi-LSTM,9210f821f5c4,177,1,100,18.842430114746094,0.18842430114746095
123,grouped,CNN + Bi-LSTM,971c60d3a85d,177,2,200,43.59583282470703,0.21797916412353516
123,grouped,CNN + Bi-LSTM,97379a72e53d,177,1,100,31.506254196166992,0.31506254196166994
123,grouped,CNN + Bi-LSTM,9c1cccf13174,177,2,200,50.466928482055664,0.2523346424102783
123,grouped,CNN + Bi-LSTM,9d84950b6fe1,177,2,200,37.94814205169678,0.18974071025848388
123,grouped,CNN + Bi-LSTM,9ea798b5d78f,177,2,200,39.916202545166016,0.19958101272583006
123,grouped,CNN + Bi-LSTM,a09d5074d26a,177,1,100,17.804702758789062,0.17804702758789062
123,grouped,CNN + Bi-LSTM,a67652b6c3e3,177,2,200,38.341238021850586,0.19170619010925294
123,grouped,CNN + Bi-LSTM,a716933b442e,177,2,200,40.73576736450195,0.20367883682250976
123,grouped,CNN + Bi-LSTM,a8904a2b0a79,177,2,200,51.13359451293945,0.25566797256469725
123,grouped,CNN + Bi-LSTM,abacab61c3d9,177,2,200,37.53500175476074,0.18767500877380372
123,grouped,CNN + Bi-LSTM,ac38f2f6236f,177,1,100,15.294425010681152,0.15294425010681154
123,grouped,CNN + Bi-LSTM,aeccc50aed27,177,2,200,43.27885437011719,0.21639427185058593
123,grouped,CNN + Bi-LSTM,aee69d6b4f4a,177,1,100,15.964681625366211,0.15964681625366212
123,grouped,CNN + Bi-LSTM,b540f7263327,177,2,200,41.58296203613281,0.20791481018066407
123,grouped,CNN + Bi-LSTM,b7cc1c81e6ca,177,2,200,37.49150466918945,0.18745752334594726
123,grouped,CNN + Bi-LSTM,bb6f403d0436,177,1,100,27.184974670410156,0.27184974670410156
123,grouped,CNN + Bi-LSTM,c12f92aba230,177,2,200,42.274417877197266,0.21137208938598634
123,grouped,CNN + Bi-LSTM,c1a98c83235e,177,2,200,45.52493667602539,0.22762468338012695
123,grouped,CNN + Bi-LSTM,c3e8658ea020,177,2,200,51.33035850524902,0.2566517925262451
123,grouped,CNN + Bi-LSTM,c48267a1ea4e,177,1,100,32.55084228515625,0.3255084228515625
123,grouped,CNN + Bi-LSTM,c744e55a6ab4,177,1,100,19.72378158569336,0.1972378158569336
123,grouped,CNN + Bi-LSTM,c79905006a4e,177,2,200,43.20495796203613,0.21602478981018067
123,grouped,CNN + Bi-LSTM,c7be7e12235d,177,1,100,21.743946075439453,0.21743946075439452
123,grouped,CNN + Bi-LSTM,c7f04ed66424,177,1,100,21.08557891845703,0.21085578918457032
123,grouped,CNN + Bi-LSTM,c9df3358e98d,177,1,100,20.287912368774414,0.20287912368774413
123,grouped,CNN + Bi-LSTM,cb99d337fc6e,177,2,200,53.05643081665039,0.26528215408325195
123,grouped,CNN + Bi-LSTM,cc85c5cf1b74,177,2,200,52.76894187927246,0.2638447093963623
123,grouped,CNN + Bi-LSTM,cf12d41bd7cc,177,1,100,19.447404861450195,0.19447404861450196
123,grouped,CNN + Bi-LSTM,d082ba6874b8,177,2,200,41.69380187988281,0.20846900939941407
123,grouped,CNN + Bi-LSTM,d09a1717ee05,177,2,200,58.233652114868164,0.2911682605743408
123,grouped,CNN + Bi-LSTM,d127bf0a6129,177,2,200,47.946542739868164,0.23973271369934082
123,grouped,CNN + Bi-LSTM,d22eb18e379f,177,2,200,47.839860916137695,0.23919930458068847
123,grouped,CNN + Bi-LSTM,d24dec8676d7,177,2,200,32.220109939575195,0.161100549697876
123,grouped,CNN + Bi-LSTM,d2ff03fe8f31,177,1,100,23.929960250854492,0.23929960250854493
123,grouped,CNN + Bi-LSTM,d3d3e6010940,177,2,200,37.77339553833008,0.1888669776916504
123,grouped,CNN + Bi-LSTM,d58ec7db8d18,170,2,206,57.89374923706055,0.28103761765563373
123,grouped,CNN + Bi-LSTM,daa74a472f26,177,1,100,27.55982780456543,0.2755982780456543
123,grouped,CNN + Bi-LSTM,dabd635c05bb,177,2,200,38.93412780761719,0.19467063903808593
123,grouped,CNN + Bi-LSTM,db984589a911,177,1,100,20.345947265625,0.20345947265625
123,grouped,CNN + Bi-LSTM,de3f2002b07f,177,2,200,35.742971420288086,0.17871485710144042
123,grouped,CNN + Bi-LSTM,decc53d56fe9,177,2,200,40.58611488342285,0.20293057441711426
123,grouped,CNN + Bi-LSTM,deffe4e62910,177,2,200,44.57797622680664,0.2228898811340332
123,grouped,CNN + Bi-LSTM,df8da9243d86,177,2,200,47.71280288696289,0.23856401443481445
123,grouped,CNN + Bi-LSTM,dfc54369d92e,177,1,100,21.23757553100586,0.2123757553100586
123,grouped,CNN + Bi-LSTM,e2e8c832a565,177,2,200,46.04238510131836,0.2302119255065918
123,grouped,CNN + Bi-LSTM,e6eeb2fa0687,177,2,200,45.376657485961914,0.22688328742980957
123,grouped,CNN + Bi-LSTM,e978f48c92fc,177,1,100,20.389570236206055,0.20389570236206056
123,grouped,CNN + Bi-LSTM,ea14150e0681,177,1,100,17.20374298095703,0.17203742980957032
123,grouped,CNN + Bi-LSTM,ea26475589cd,177,1,100,28.21209716796875,0.2821209716796875
123,grouped,CNN + Bi-LSTM,ea81b8aea9e8,177,2,200,34.683677673339844,0.1734183883666992
123,grouped,CNN + Bi-LSTM,ec2155bf79b1,177,2,200,38.440996170043945,0.19220498085021973
123,grouped,CNN + Bi-LSTM,ef76ddb4ecf8,177,2,200,44.08515167236328,0.2204257583618164
123,grouped,CNN + Bi-LSTM,f0de7ef7004e,177,1,100,24.596328735351562,0.24596328735351564
123,grouped,CNN + Bi-LSTM,f3057aeba63d,177,1,100,21.48358154296875,0.2148358154296875
123,grouped,CNN + Bi-LSTM,f3992e0cf1d1,177,2,200,51.80799674987793,0.25903998374938964
123,grouped,CNN + Bi-LSTM,f79af0854323,177,1,100,21.534006118774414,0.21534006118774415
123,grouped,CNN + Bi-LSTM,f81e4c5d3777,177,1,100,34.91837692260742,0.3491837692260742
123,grouped,CNN + Bi-LSTM,fb48c5f7a889,177,2,200,39.00187110900879,0.19500935554504395
123,grouped,CNN + Bi-LSTM,fb85e858e626,177,2,200,41.92612266540527,0.20963061332702637
123,grouped,CNN + Bi-LSTM,fc2671e5a4cb,177,2,200,41.73476505279541,0.20867382526397704
123,grouped,CNN + LSTM + Transformer,03fa5deefbf4,177,2,200,43.691062927246094,0.21845531463623047
123,grouped,CNN + LSTM + Transformer,067e3c1c1ea8,177,2,200,36.54122734069824,0.1827061367034912
123,grouped,CNN + LSTM + Transformer,0876f2ed2e05,177,1,100,23.969697952270508,0.23969697952270508
123,grouped,CNN + LSTM + Transformer,0aeb79f0e26d,177,2,200,48.242929458618164,0.24121464729309083
123,grouped,CNN + LSTM + Transformer,0c6d7066def0,177,2,200,49.123130798339844,0.2456156539916992
123,grouped,CNN + LSTM + Transformer,0cd68d709c4d,170,2,206,52.97140121459961,0.25714272434271657
123,grouped,CNN + LSTM + Transformer,0e1a1d6242c4,170,2,206,53.33229064941406,0.25889461480298087
123,grouped,CNN + LSTM + Transformer,1252f2b6c2fd,177,2,200,38.199886322021484,0.19099943161010743
123,grouped,CNN + LSTM + Transformer,14b1d3d14730,177,1,100,30.032556533813477,0.30032556533813476
123,grouped,CNN + LSTM + Transformer,1807494a3143,177,2,200,41.195268630981445,0.20597634315490723
123,grouped,CNN + LSTM + Transformer,1a324ad99903,206,2,278,58.03255271911621,0.20875018963710867
123,grouped,CNN + LSTM + Transformer,1b6723967e36,177,2,200,40.32364559173584,0.2016182279586792
123,grouped,CNN + LSTM + Transformer,1c07d0d38d7a,177,1,100,26.088951110839844,0.2608895111083984
123,grouped,CNN + LSTM + Transformer,1e478acc86c8,177,1,100,18.370819091796875,0.18370819091796875
123,grouped,CNN + LSTM + Transformer,248159ed0ea5,177,2,200,46.35655212402344,0.23178276062011718
123,grouped,CNN + LSTM + Transformer,252932faf3f5,170,2,206,52.279178619384766,0.2537824204824503
123,grouped,CNN + LSTM + Transformer,25f2170b08a7,177,2,200,60.59843063354492,0.3029921531677246
123,grouped,CNN + LSTM + Transformer,26bab970c8d9,177,2,200,47.93072319030762,0.23965361595153808
123,grouped,CNN + LSTM + Transformer,29cbd86eabdd,177,2,200,46.47402000427246,0.2323701000213623
123,grouped,CNN + LSTM + Transformer,2a6243f5396b,177,1,100,19.88692855834961,0.1988692855834961
123,grouped,CNN + LSTM + Transformer,2eaa7ec685da,177,1,100,25.637451171875,0.25637451171875
123,grouped,CNN + LSTM + Transformer,302c27aa86be,177,1,100,15.459145545959473,0.15459145545959474
123,grouped,CNN + LSTM + Transformer,33008566a4a3,177,2,200,52.150556564331055,0.26075278282165526
123,grouped,CNN + LSTM + Transformer,375b3dc3e7be,177,2,200,38.56704902648926,0.1928352451324463
123,grouped,CNN + LSTM + Transformer,39949df91891,177,1,100,20.53066062927246,0.2053066062927246
123,grouped,CNN + LSTM + Transformer,39c5f5272926,177,1,100,28.25540542602539,0.28255405426025393
123,grouped,CNN + LSTM + Transformer,3a018097004f,115,10,690,131.67673206329346,0.1908358435699905
123,grouped,CNN + LSTM + Transformer,3ae137de3da5,177,1,100,19.575439453125,0.19575439453125
123,grouped,CNN + LSTM + Transformer,3ba1ffd28e99,177,2,200,44.693077087402344,0.22346538543701172
123,grouped,CNN + LSTM + Transformer,3c5b3be71dfe,177,2,200,47.07050323486328,0.2353525161743164
123,grouped,CNN + LSTM + Transformer,3c98a2bba159,177,2,200,43.72819137573242,0.2186409568786621
123,grouped,CNN + LSTM + Transformer,3ecde0ad67f8,177,2,200,41.21653175354004,0.20608265876770018
123,grouped,CNN + LSTM + Transformer,3f4520ed6770,177,2,200,44.78398132324219,0.22391990661621095
123,grouped,CNN + LSTM + Transformer,4067ea5de969,177,2,200,39.53701591491699,0.19768507957458495
123,grouped,CNN + LSTM + Transformer,4264d26ef757,177,1,100,29.624488830566406,0.2962448883056641
123,grouped,CNN + LSTM + Transformer,427bdd0c32ac,177,2,200,49.976192474365234,0.24988096237182617
123,grouped,CNN + LSTM + Transformer,463e196c09b4,177,1,100,24.662948608398438,0.24662948608398438
123,grouped,CNN + LSTM + Transformer,46c5b0e99af4,177,2,200,42.459930419921875,0.21229965209960938
123,grouped,CNN + LSTM + Transformer,47829174d241,177,1,100,27.082748413085938,0.2708274841308594
123,grouped,CNN + LSTM + Transformer,496172edf12a,177,1,100,14.363200187683105,0.14363200187683106
123,grouped,CNN + LSTM + Transformer,4ae3fd514e1d,177,1,100,17.98796844482422,0.17987968444824218
123,grouped,CNN + LSTM + Transformer,4bcf35d8ee0d,177,2,200,53.808162689208984,0.2690408134460449
123,grouped,CNN + LSTM + Transformer,4f64e77c1050,177,2,200,42.69526672363281,0.21347633361816407
123,grouped,CNN + LSTM + Transformer,4f86b8e88de6,177,1,100,29.036388397216797,0.29036388397216795
123,grouped,CNN + LSTM + Transformer,5184147a05c1,177,1,100,22.17258644104004,0.2217258644104004
123,grouped,CNN + LSTM + Transformer,52881c2d896b,177,2,200,68.28682708740234,0.34143413543701173
123,grouped,CNN + LSTM + Transformer,52f6d479762b,177,1,100,19.431495666503906,0.19431495666503906
123,grouped,CNN + LSTM + Transformer,53a8ea1572fc,177,2,200,43.45425796508789,0.21727128982543945
123,grouped,CNN + LSTM + Transformer,54a3624248c4,177,2,200,44.41701126098633,0.22208505630493164
123,grouped,CNN + LSTM + Transformer,56340500f232,177,1,100,20.82796859741211,0.20827968597412108
123,grouped,CNN + LSTM + Transformer,56834490e48c,177,1,100,21.30790138244629,0.2130790138244629
123,grouped,CNN + LSTM + Transformer,58f542c633cb,177,1,100,30.074411392211914,0.30074411392211914
123,grouped,CNN + LSTM + Transformer,5a5d12588d41,177,2,200,48.90758800506592,0.24453794002532958
123,grouped,CNN + LSTM + Transformer,5b7b9109c7df,177,1,100,16.259979248046875,0.16259979248046874
123,grouped,CNN + LSTM + Transformer,5c5940a97697,177,2,200,47.785518646240234,0.23892759323120116
123,grouped,CNN + LSTM + Transformer,5db27aa280ac,177,2,200,45.89081382751465,0.22945406913757324
123,grouped,CNN + LSTM + Transformer,5dbcea02f6d9,177,1,100,11.963240623474121,0.11963240623474121
123,grouped,CNN + LSTM + Transformer,6490d7ec83b5,177,1,100,22.308130264282227,0.22308130264282228
123,grouped,CNN + LSTM + Transformer,66163d6b9a5e,170,2,206,40.4274845123291,0.19624992481713155
123,grouped,CNN + LSTM + Transformer,68861f9982ec,177,1,100,15.618154525756836,0.15618154525756836
123,grouped,CNN + LSTM + Transformer,6a5de1f07fc4,177,1,100,20.659908294677734,0.20659908294677734
123,grouped,CNN + LSTM + Transformer,6ac6dca1bc26,177,1,100,20.124980926513672,0.20124980926513672
123,grouped,CNN + LSTM + Transformer,6bef2e6199c5,177,1,100,23.557090759277344,0.23557090759277344
123,grouped,CNN + LSTM + Transformer,6f881dadd9fa,177,2,200,35.971343994140625,0.17985671997070313
123,grouped,CNN + LSTM + Transformer,7063154436f8,177,2,200,37.46822166442871,0.18734110832214357
123,grouped,CNN + LSTM + Transformer,71dad9603525,177,1,100,16.622982025146484,0.16622982025146485
123,grouped,CNN + LSTM + Transformer,723cce6fcbf4,177,2,200,43.77531814575195,0.21887659072875976
123,grouped,CNN + LSTM + Transformer,72d6523439bc,177,2,200,40.83903884887695,0.20419519424438476
123,grouped,CNN + LSTM + Transformer,74e71f1eb228,177,1,100,16.90037727355957,0.1690037727355957
123,grouped,CNN + LSTM + Transformer,74eec6400fec,170,2,206,39.314674377441406,0.1908479338710748
123,grouped,CNN + LSTM + Transformer,75989ce02922,177,1,100,32.64900588989258,0.3264900588989258
123,grouped,CNN + LSTM + Transformer,788ed02dcc78,177,2,200,38.43782997131348,0.19218914985656738
123,grouped,CNN + LSTM + Transformer,7d03cc843034,177,2,200,36.66613578796387,0.18333067893981933
123,grouped,CNN + LSTM + Transformer,7e0dd2e9c666,177,1,100,19.696395874023438,0.19696395874023437
123,grouped,CNN + LSTM + Transformer,7f501ee72dc6,177,2,200,49.40508460998535,0.24702542304992675
123,grouped,CNN + LSTM + Transformer,803a17a5c1c8,177,2,200,37.79697608947754,0.1889848804473877
123,grouped,CNN + LSTM + Transformer,814435e2f515,177,2,200,43.564002990722656,0.21782001495361328
123,grouped,CNN + LSTM + Transformer,8238a38b4adc,177,2,200,46.25322341918945,0.23126611709594727
123,grouped,CNN + LSTM + Transformer,841aea722c35,177,2,200,47.43421173095703,0.23717105865478516
123,grouped,CNN + LSTM + Transformer,844ced207001,177,2,200,40.22793197631836,0.2011396598815918
123,grouped,CNN + LSTM + Transformer,85a55c24888f,177,2,200,40.144046783447266,0.20072023391723634
123,grouped,CNN + LSTM + Transformer,89acfee2dd1e,177,2,200,58.327877044677734,0.29163938522338867
123,grouped,CNN + LSTM + Transformer,8bbcfb9df552,177,2,200,37.48987579345703,0.18744937896728517
123,grouped,CNN + LSTM + Transformer,8c6638eccbe9,177,2,200,42.63798236846924,0.2131899118423462
123,grouped,CNN + LSTM + Transformer,8da9117f426e,177,2,200,41.234296798706055,0.20617148399353027
123,grouped,CNN + LSTM + Transformer,8e208196d871,177,2,200,52.73571968078613,0.26367859840393065
123,grouped,CNN + LSTM + Transformer,8f2436c25cff,170,2,206,47.74065589904785,0.23175075679149443
123,grouped,CNN + LSTM + Transformer,8f360cd13518,177,1,100,14.835408210754395,0.14835408210754394
123,grouped,CNN + LSTM + Transformer,91943b642389,177,1,100,25.376445770263672,0.2537644577026367
123,grouped,CNN + LSTM + Transformer,9210f821f5c4,177,1,100,19.594234466552734,0.19594234466552735
123,grouped,CNN + LSTM + Transformer,971c60d3a85d,177,2,200,44.069515228271484,0.22034757614135742
123,grouped,CNN + LSTM + Transformer,97379a72e53d,177,1,100,32.13279724121094,0.32132797241210936
123,grouped,CNN + LSTM + Transformer,9c1cccf13174,177,2,200,51.057491302490234,0.25528745651245116
123,grouped,CNN + LSTM + Transformer,9d84950b6fe1,177,2,200,38.4278450012207,0.1921392250061035
123,grouped,CNN + LSTM + Transformer,9ea798b5d78f,177,2,200,43.414262771606445,0.21707131385803222
123,grouped,CNN + LSTM + Transformer,a09d5074d26a,177,1,100,19.36709976196289,0.19367099761962892
123,grouped,CNN + LSTM + Transformer,a67652b6c3e3,177,2,200,43.34375,0.21671875
123,grouped,CNN + LSTM + Transformer,a716933b442e,177,2,200,44.4726619720459,0.22236330986022948
123,grouped,CNN + LSTM + Transformer,a8904a2b0a79,177,2,200,52.556671142578125,0.26278335571289063
123,grouped,CNN + LSTM + Transformer,abacab61c3d9,177,2,200,38.65733623504639,0.19328668117523193
123,grouped,CNN + LSTM + Transformer,ac38f2f6236f,177,1,100,15.094274520874023,0.15094274520874024
123,grouped,CNN + LSTM + Transformer,aeccc50aed27,177,2,200,43.64693069458008,0.2182346534729004
123,grouped,CNN + LSTM + Transformer,aee69d6b4f4a,177,1,100,20.057254791259766,0.20057254791259765
123,grouped,CNN + LSTM + Transformer,b540f7263327,177,2,200,42.805274963378906,0.21402637481689454
123,grouped,CNN + LSTM + Transformer,b7cc1c81e6ca,177,2,200,40.484267234802246,0.20242133617401123
123,grouped,CNN + LSTM + Transformer,bb6f403d0436,177,1,100,27.018877029418945,0.2701887702941895
123,grouped,CNN + LSTM + Transformer,c12f92aba230,177,2,200,44.08930969238281,0.22044654846191405
123,grouped,CNN + LSTM + Transformer,c1a98c83235e,177,2,200,49.168975830078125,0.24584487915039063
123,grouped,CNN + LSTM + Transformer,c3e8658ea020,177,2,200,49.87695503234863,0.24938477516174318
123,grouped,CNN + LSTM + Transformer,c48267a1ea4e,177,1,100,32.60699462890625,0.3260699462890625
123,grouped,CNN + LSTM + Transformer,c744e55a6ab4,177,1,100,20.396190643310547,0.20396190643310547
123,grouped,CNN + LSTM + Transformer,c79905006a4e,177,2,200,42.65999984741211,0.21329999923706056
123,grouped,CNN + LSTM + Transformer,c7be7e12235d,177,1,100,21.583744049072266,0.21583744049072265
123,grouped,CNN + LSTM + Transformer,c7f04ed66424,177,1,100,21.234127044677734,0.21234127044677734
123,grouped,CNN + LSTM + Transformer,c9df3358e98d,177,1,100,21.978086471557617,0.21978086471557617
123,grouped,CNN + LSTM + Transformer,cb99d337fc6e,177,2,200,55.90733528137207,0.27953667640686036
123,grouped,CNN + LSTM + Transformer,cc85c5cf1b74,177,2,200,55.05087852478027,0.2752543926239014
123,grouped,CNN + LSTM + Transformer,cf12d41bd7cc,177,1,100,19.663158416748047,0.19663158416748047
123,grouped,CNN + LSTM + Transformer,d082ba6874b8,177,2,200,44.0085563659668,0.22004278182983397
123,grouped,CNN + LSTM + Transformer,d09a1717ee05,177,2,200,61.07696533203125,0.30538482666015626
123,grouped,CNN + LSTM + Transformer,d127bf0a6129,177,2,200,48.87532043457031,0.24437660217285156
123,grouped,CNN + LSTM + Transformer,d22eb18e379f,177,2,200,48.2730655670166,0.24136532783508302
123,grouped,CNN + LSTM + Transformer,d24dec8676d7,177,2,200,36.71683120727539,0.18358415603637696
123,grouped,CNN + LSTM + Transformer,d2ff03fe8f31,177,1,100,26.190746307373047,0.2619074630737305
123,grouped,CNN + LSTM + Transformer,d3d3e6010940,177,2,200,39.86090850830078,0.1993045425415039
123,grouped,CNN + LSTM + Transformer,d58ec7db8d18,170,2,206,56.708974838256836,0.275286285622606
123,grouped,CNN + LSTM + Transformer,daa74a472f26,177,1,100,28.119953155517578,0.2811995315551758
123,grouped,CNN + LSTM + Transformer,dabd635c05bb,177,2,200,39.75755977630615,0.19878779888153075
123,grouped,CNN + LSTM + Transformer,db984589a911,177,1,100,21.959775924682617,0.21959775924682617
123,grouped,CNN + LSTM + Transformer,de3f2002b07f,177,2,200,37.453293800354004,0.18726646900177002
123,grouped,CNN + LSTM + Transformer,decc53d56fe9,177,2,200,43.295204162597656,0.21647602081298828
123,grouped,CNN + LSTM + Transformer,deffe4e62910,177,2,200,44.49192810058594,0.22245964050292968
123,grouped,CNN + LSTM + Transformer,df8da9243d86,177,2,200,47.49801445007324,0.23749007225036622
123,grouped,CNN + LSTM + Transformer,dfc54369d92e,177,1,100,21.19646453857422,0.2119646453857422
123,grouped,CNN + LSTM + Transformer,e2e8c832a565,177,2,200,48.89109230041504,0.2444554615020752
123,grouped,CNN + LSTM + Transformer,e6eeb2fa0687,177,2,200,46.12360763549805,0.23061803817749024
123,grouped,CNN + LSTM + Transformer,e978f48c92fc,177,1,100,22.37203598022461,0.22372035980224608
123,grouped,CNN + LSTM + Transformer,ea14150e0681,177,1,100,17.665197372436523,0.17665197372436522
123,grouped,CNN + LSTM + Transformer,ea26475589cd,177,1,100,28.91102409362793,0.2891102409362793
123,grouped,CNN + LSTM + Transformer,ea81b8aea9e8,177,2,200,38.69812774658203,0.19349063873291017
123,grouped,CNN + LSTM + Transformer,ec2155bf79b1,177,2,200,38.16446113586426,0.1908223056793213
123,grouped,CNN + LSTM + Transformer,ef76ddb4ecf8,177,2,200,45.243709564208984,0.22621854782104492
123,grouped,CNN + LSTM + Transformer,f0de7ef7004e,177,1,100,25.48882484436035,0.2548882484436035
123,grouped,CNN + LSTM + Transformer,f3057aeba63d,177,1,100,22.671953201293945,0.22671953201293946
123,grouped,CNN + LSTM + Transformer,f3992e0cf1d1,177,2,200,51.42353820800781,0.25711769104003906
123,grouped,CNN + LSTM + Transformer,f79af0854323,177,1,100,22.19806671142578,0.22198066711425782
123,grouped,CNN + LSTM + Transformer,f81e4c5d3777,177,1,100,34.26005554199219,0.34260055541992185
123,grouped,CNN + LSTM + Transformer,fb48c5f7a889,177,2,200,41.19873237609863,0.20599366188049317
123,grouped,CNN + LSTM + Transformer,fb85e858e626,177,2,200,46.31915473937988,0.2315957736968994
123,grouped,CNN + LSTM + Transformer,fc2671e5a4cb,177,2,200,44.37608337402344,0.2218804168701172
123,grouped,CNN Only,03fa5deefbf4,177,2,200,43.37771797180176,0.2168885898590088
123,grouped,CNN Only,067e3c1c1ea8,177,2,200,35.87207221984863,0.17936036109924317
123,grouped,CNN Only,0876f2ed2e05,177,1,100,25.784631729125977,0.2578463172912598
123,grouped,CNN Only,0aeb79f0e26d,177,2,200,49.07783126831055,0.24538915634155273
123,grouped,CNN Only,0c6d7066def0,177,2,200,50.611167907714844,0.25305583953857425
123,grouped,CNN Only,0cd68d709c4d,170,2,206,53.85540008544922,0.2614339809973263
123,grouped,CNN Only,0e1a1d6242c4,170,2,206,53.628875732421875,0.26033434821564017
123,grouped,CNN Only,1252f2b6c2fd,177,2,200,37.23680877685547,0.18618404388427734
123,grouped,CNN Only,14b1d3d14730,177,1,100,29.945154190063477,0.2994515419006348
123,grouped,CNN Only,1807494a3143,177,2,200,41.63237953186035,0.20816189765930176
123,grouped,CNN Only,1a324ad99903,206,2,278,58.395362854003906,0.21005526206476224
123,grouped,CNN Only,1b6723967e36,177,2,200,40.067230224609375,0.20033615112304687
123,grouped,CNN Only,1c07d0d38d7a,177,1,100,25.367116928100586,0.25367116928100586
123,grouped,CNN Only,1e478acc86c8,177,1,100,18.037736892700195,0.18037736892700196
123,grouped,CNN Only,248159ed0ea5,177,2,200,47.49093437194824,0.2374546718597412
123,grouped,CNN Only,252932faf3f5,170,2,206,51.68348693847656,0.25089071329357554
123,grouped,CNN Only,25f2170b08a7,177,2,200,60.11857604980469,0.3005928802490234
123,grouped,CNN Only,26bab970c8d9,177,2,200,45.8749885559082,0.229374942779541
123,grouped,CNN Only,29cbd86eabdd,177,2,200,46.96054458618164,0.2348027229309082
123,grouped,CNN Only,2a6243f5396b,177,1,100,18.358234405517578,0.1835823440551758
123,grouped,CNN Only,2eaa7ec685da,177,1,100,25.48086166381836,0.2548086166381836
123,grouped,CNN Only,302c27aa86be,177,1,100,16.299402236938477,0.16299402236938476
123,grouped,CNN Only,33008566a4a3,177,2,200,49.155324935913086,0.24577662467956543
123,grouped,CNN Only,375b3dc3e7be,177,2,200,37.85400581359863,0.18927002906799317
123,grouped,CNN Only,39949df91891,177,1,100,20.184776306152344,0.20184776306152344
123,grouped,CNN Only,39c5f5272926,177,1,100,28.24635887145996,0.2824635887145996
123,grouped,CNN Only,3a018097004f,115,10,690,131.23850345611572,0.19020072964654453
123,grouped,CNN Only,3ae137de3da5,177,1,100,18.711956024169922,0.1871195602416992
123,grouped,CNN Only,3ba1ffd28e99,177,2,200,43.46855163574219,0.21734275817871093
123,grouped,CNN Only,3c5b3be71dfe,177,2,200,45.03312683105469,0.22516563415527344
123,grouped,CNN Only,3c98a2bba159,177,2,200,45.22304725646973,0.22611523628234864
123,grouped,CNN Only,3ecde0ad67f8,177,2,200,41.94527244567871,0.20972636222839355
123,grouped,CNN Only,3f4520ed6770,177,2,200,45.6746940612793,0.2283734703063965
123,grouped,CNN Only,4067ea5de969,177,2,200,37.648324966430664,0.18824162483215331
123,grouped,CNN Only,4264d26ef757,177,1,100,29.082111358642578,0.29082111358642576
123,grouped,CNN Only,427bdd0c32ac,177,2,200,48.03414344787598,0.24017071723937988
123,grouped,CNN Only,463e196c09b4,177,1,100,23.99855613708496,0.23998556137084961
123,grouped,CNN Only,46c5b0e99af4,177,2,200,41.33935832977295,0.20669679164886476
123,grouped,CNN Only,47829174d241,177,1,100,28.076671600341797,0.28076671600341796
123,grouped,CNN Only,496172edf12a,177,1,100,15.381439208984375,0.15381439208984374
123,grouped,CNN Only,4ae3fd514e1d,177,1,100,17.68368911743164,0.17683689117431642
123,grouped,CNN Only,4bcf35d8ee0d,177,2,200,53.42892837524414,0.2671446418762207
123,grouped,CNN Only,4f64e77c1050,177,2,200,41.48431968688965,0.20742159843444824
123,grouped,CNN Only,4f86b8e88de6,177,1,100,30.001842498779297,0.30001842498779296
123,grouped,CNN Only,5184147a05c1,177,1,100,22.144603729248047,0.22144603729248047
123,grouped,CNN Only,52881c2d896b,177,2,200,68.38992309570312,0.3419496154785156
123,grouped,CNN Only,52f6d479762b,177,1,100,19.827503204345703,0.19827503204345703
123,grouped,CNN Only,53a8ea1572fc,177,2,200,42.77728462219238,0.21388642311096193
123,grouped,CNN Only,54a3624248c4,177,2,200,44.74091148376465,0.22370455741882325
123,grouped,CNN Only,56340500f232,177,1,100,19.660722732543945,0.19660722732543945
123,grouped,CNN Only,56834490e48c,177,1,100,20.729259490966797,0.20729259490966798
123,grouped,CNN Only,58f542c633cb,177,1,100,29.971784591674805,0.29971784591674805
123,grouped,CNN Only,5a5d12588d41,177,2,200,49.596439361572266,0.24798219680786132
123,grouped,CNN Only,5b7b9109c7df,177,1,100,16.116077423095703,0.16116077423095704
123,grouped,CNN Only,5c5940a97697,177,2,200,47.79049110412598,0.23895245552062988
123,grouped,CNN Only,5db27aa280ac,177,2,200,45.24417304992676,0.22622086524963378
123,grouped,CNN Only,5dbcea02f6d9,177,1,100,11.680007934570312,0.11680007934570312
123,grouped,CNN Only,6490d7ec83b5,177,1,100,21.96509552001953,0.2196509552001953
123,grouped,CNN Only,66163d6b9a5e,170,2,206,42.23691940307617,0.20503358933532123
123,grouped,CNN Only,68861f9982ec,177,1,100,16.620540618896484,0.16620540618896484
123,grouped,CNN Only,6a5de1f07fc4,177,1,100,21.90711784362793,0.2190711784362793
123,grouped,CNN Only,6ac6dca1bc26,177,1,100,19.024066925048828,0.19024066925048827
123,grouped,CNN Only,6bef2e6199c5,177,1,100,23.780620574951172,0.23780620574951172
123,grouped,CNN Only,6f881dadd9fa,177,2,200,36.49440383911133,0.18247201919555664
123,grouped,CNN Only,7063154436f8,177,2,200,38.16695785522461,0.19083478927612305
123,grouped,CNN Only,71dad9603525,177,1,100,17.504640579223633,0.17504640579223632
123,grouped,CNN Only,723cce6fcbf4,177,2,200,43.73354530334473,0.21866772651672364
123,grouped,CNN Only,72d6523439bc,177,2,200,40.6872673034668,0.20343633651733398
123,grouped,CNN Only,74e71f1eb228,177,1,100,16.740854263305664,0.16740854263305663
123,grouped,CNN Only,74eec6400fec,170,2,206,40.59652328491211,0.1970705013830685
123,grouped,CNN Only,75989ce02922,177,1,100,32.4041748046875,0.324041748046875
123,grouped,CNN Only,788ed02dcc78,177,2,200,36.85228157043457,0.18426140785217285
123,grouped,CNN Only,7d03cc843034,177,2,200,36.34123134613037,0.18170615673065185
123,grouped,CNN Only,7e0dd2e9c666,177,1,100,18.856124877929688,0.18856124877929686
123,grouped,CNN Only,7f501ee72dc6,177,2,200,50.402177810668945,0.25201088905334473
123,grouped,CNN Only,803a17a5c1c8,177,2,200,37.29342460632324,0.18646712303161622
123,grouped,CNN Only,814435e2f515,177,2,200,43.72197723388672,0.21860988616943358
123,grouped,CNN Only,8238a38b4adc,177,2,200,43.67542266845703,0.21837711334228516
123,grouped,CNN Only,841aea722c35,177,2,200,46.00085639953613,0.23000428199768067
123,grouped,CNN Only,844ced207001,177,2,200,41.240285873413086,0.20620142936706543
123,grouped,CNN Only,85a55c24888f,177,2,200,41.26008987426758,0.2063004493713379
123,grouped,CNN Only,89acfee2dd1e,177,2,200,59.02771759033203,0.29513858795166015
123,grouped,CNN Only,8bbcfb9df552,177,2,200,38.49046325683594,0.1924523162841797
123,grouped,CNN Only,8c6638eccbe9,177,2,200,42.95160388946533,0.21475801944732667
123,grouped,CNN Only,8da9117f426e,177,2,200,40.06203842163086,0.2003101921081543
123,grouped,CNN Only,8e208196d871,177,2,200,52.52821731567383,0.26264108657836915
123,grouped,CNN Only,8f2436c25cff,170,2,206,48.39060974121094,0.2349058725301502
123,grouped,CNN Only,8f360cd13518,177,1,100,15.12753677368164,0.1512753677368164
123,grouped,CNN Only,91943b642389,177,1,100,25.053436279296875,0.25053436279296876
123,grouped,CNN Only,9210f821f5c4,177,1,100,19.17129898071289,0.19171298980712892
123,grouped,CNN Only,971c60d3a85d,177,2,200,42.46553421020508,0.2123276710510254
123,grouped,CNN Only,97379a72e53d,177,1,100,31.767662048339844,0.31767662048339845
123,grouped,CNN Only,9c1cccf13174,177,2,200,50.74954795837402,0.2537477397918701
123,grouped,CNN Only,9d84950b6fe1,177,2,200,37.77748775482178,0.18888743877410888
123,grouped,CNN Only,9ea798b5d78f,177,2,200,42.222591400146484,0.21111295700073243
123,grouped,CNN Only,a09d5074d26a,177,1,100,18.323795318603516,0.18323795318603517
123,grouped,CNN Only,a67652b6c3e3,177,2,200,42.848960876464844,0.2142448043823242
123,grouped,CNN Only,a716933b442e,177,2,200,42.817752838134766,0.21408876419067382
123,grouped,CNN Only,a8904a2b0a79,177,2,200,52.196414947509766,0.2609820747375488
123,grouped,CNN Only,abacab61c3d9,177,2,200,38.71272659301758,0.19356363296508788
123,grouped,CNN Only,ac38f2f6236f,177,1,100,14.965476989746094,0.14965476989746093
123,grouped,CNN Only,aeccc50aed27,177,2,200,44.12619590759277,0.22063097953796387
123,grouped,CNN Only,aee69d6b4f4a,177,1,100,17.576353073120117,0.17576353073120118
123,grouped,CNN Only,b540f7263327,177,2,200,42.370361328125,0.211851806640625
123,grouped,CNN Only,b7cc1c81e6ca,177,2,200,42.66962814331055,0.21334814071655273
123,grouped,CNN Only,bb6f403d0436,177,1,100,27.615150451660156,0.2761515045166016
123,grouped,CNN Only,c12f92aba230,177,2,200,43.687509536743164,0.21843754768371582
123,grouped,CNN Only,c1a98c83235e,177,2,200,47.8612003326416,0.239306001663208
123,grouped,CNN Only,c3e8658ea020,177,2,200,51.281267166137695,0.2564063358306885
123,grouped,CNN Only,c48267a1ea4e,177,1,100,31.427852630615234,0.31427852630615233
123,grouped,CNN Only,c744e55a6ab4,177,1,100,20.994964599609375,0.20994964599609375
123,grouped,CNN Only,c79905006a4e,177,2,200,41.3745231628418,0.206872615814209
123,grouped,CNN Only,c7be7e12235d,177,1,100,22.82862091064453,0.22828620910644531
123,grouped,CNN Only,c7f04ed66424,177,1,100,21.166297912597656,0.21166297912597656
123,grouped,CNN Only,c9df3358e98d,177,1,100,20.785686492919922,0.20785686492919922
123,grouped,CNN Only,cb99d337fc6e,177,2,200,54.46722221374512,0.2723361110687256
123,grouped,CNN Only,cc85c5cf1b74,177,2,200,55.64072608947754,0.2782036304473877
123,grouped,CNN Only,cf12d41bd7cc,177,1,100,19.08094596862793,0.1908094596862793
123,grouped,CNN Only,d082ba6874b8,177,2,200,42.51742172241211,0.21258710861206054
123,grouped,CNN Only,d09a1717ee05,177,2,200,59.496395111083984,0.29748197555541994
123,grouped,CNN Only,d127bf0a6129,177,2,200,48.86468696594238,0.24432343482971192
123,grouped,CNN Only,d22eb18e379f,177,2,200,48.99193000793457,0.24495965003967285
123,grouped,CNN Only,d24dec8676d7,177,2,200,34.30504608154297,0.17152523040771483
123,grouped,CNN Only,d2ff03fe8f31,177,1,100,24.639015197753906,0.24639015197753905
123,grouped,CNN Only,d3d3e6010940,177,2,200,39.4609899520874,0.197304949760437
123,grouped,CNN Only,d58ec7db8d18,170,2,206,55.917171478271484,0.27144257999160915
123,grouped,CNN Only,daa74a472f26,177,1,100,26.959274291992188,0.26959274291992186
123,grouped,CNN Only,dabd635c05bb,177,2,200,41.15333938598633,0.20576669692993163
123,grouped,CNN Only,db984589a911,177,1,100,20.06590461730957,0.2006590461730957
123,grouped,CNN Only,de3f2002b07f,177,2,200,39.77380180358887,0.19886900901794433
123,grouped,CNN Only,decc53d56fe9,177,2,200,43.88554382324219,0.21942771911621095
123,grouped,CNN Only,deffe4e62910,177,2,200,44.407081604003906,0.22203540802001953
123,grouped,CNN Only,df8da9243d86,177,2,200,48.46616172790527,0.24233080863952636
123,grouped,CNN Only,dfc54369d92e,177,1,100,21.687559127807617,0.21687559127807618
123,grouped,CNN Only,e2e8c832a565,177,2,200,47.58915710449219,0.23794578552246093
123,grouped,CNN Only,e6eeb2fa0687,177,2,200,44.784467697143555,0.22392233848571777
123,grouped,CNN Only,e978f48c92fc,177,1,100,21.24260902404785,0.2124260902404785
123,grouped,CNN Only,ea14150e0681,177,1,100,16.28604507446289,0.1628604507446289
123,grouped,CNN Only,ea26475589cd,177,1,100,28.869808197021484,0.28869808197021485
123,grouped,CNN Only,ea81b8aea9e8,177,2,200,37.68587875366211,0.18842939376831055
123,grouped,CNN Only,ec2155bf79b1,177,2,200,36.96845817565918,0.1848422908782959
123,grouped,CNN Only,ef76ddb4ecf8,177,2,200,44.184326171875,0.220921630859375
123,grouped,CNN Only,f0de7ef7004e,177,1,100,25.676544189453125,0.25676544189453127
123,grouped,CNN Only,f3057aeba63d,177,1,100,22.44568634033203,0.2244568634033203
123,grouped,CNN Only,f3992e0cf1d1,177,2,200,52.271196365356445,0.2613559818267822
123,grouped,CNN Only,f79af0854323,177,1,100,22.315671920776367,0.22315671920776367
123,grouped,CNN Only,f81e4c5d3777,177,1,100,34.92300796508789,0.34923007965087893
123,grouped,CNN Only,fb48c5f7a889,177,2,200,40.72408676147461,0.20362043380737305
123,grouped,CNN Only,fb85e858e626,177,2,200,45.48294448852539,0.22741472244262695
123,grouped,CNN Only,fc2671e5a4cb,177,2,200,44.4251823425293,0.22212591171264648
123,grouped,Full Model (+ViennaRNA 7d),03fa5deefbf4,177,2,200,40.12680244445801,0.20063401222229005
123,grouped,Full Model (+ViennaRNA 7d),067e3c1c1ea8,177,2,200,32.03635025024414,0.1601817512512207
123,grouped,Full Model (+ViennaRNA 7d),0876f2ed2e05,177,1,100,20.945213317871094,0.20945213317871095
123,grouped,Full Model (+ViennaRNA 7d),0aeb79f0e26d,177,2,200,42.93787479400635,0.21468937397003174
123,grouped,Full Model (+ViennaRNA 7d),0c6d7066def0,177,2,200,45.113189697265625,0.22556594848632813
123,grouped,Full Model (+ViennaRNA 7d),0cd68d709c4d,170,2,206,39.466835021972656,0.1915865777765663
123,grouped,Full Model (+ViennaRNA 7d),0e1a1d6242c4,170,2,206,50.04403114318848,0.24293219001547803
123,grouped,Full Model (+ViennaRNA 7d),1252f2b6c2fd,177,2,200,27.220111846923828,0.13610055923461914
123,grouped,Full Model (+ViennaRNA 7d),14b1d3d14730,177,1,100,23.701061248779297,0.23701061248779298
123,grouped,Full Model (+ViennaRNA 7d),1807494a3143,177,2,200,40.689918518066406,0.20344959259033202
123,grouped,Full Model (+ViennaRNA 7d),1a324ad99903,206,2,278,48.61014175415039,0.17485662501492946
123,grouped,Full Model (+ViennaRNA 7d),1b6723967e36,177,2,200,40.16727542877197,0.20083637714385985
123,grouped,Full Model (+ViennaRNA 7d),1c07d0d38d7a,177,1,100,21.597553253173828,0.2159755325317383
123,grouped,Full Model (+ViennaRNA 7d),1e478acc86c8,177,1,100,11.927667617797852,0.11927667617797852
123,grouped,Full Model (+ViennaRNA 7d),248159ed0ea5,177,2,200,44.95895957946777,0.22479479789733886
123,grouped,Full Model (+ViennaRNA 7d),252932faf3f5,170,2,206,55.795475006103516,0.27085182041797823
123,grouped,Full Model (+ViennaRNA 7d),25f2170b08a7,177,2,200,70.3530387878418,0.35176519393920896
123,grouped,Full Model (+ViennaRNA 7d),26bab970c8d9,177,2,200,32.86593055725098,0.1643296527862549
123,grouped,Full Model (+ViennaRNA 7d),29cbd86eabdd,177,2,200,30.624829292297363,0.1531241464614868
123,grouped,Full Model (+ViennaRNA 7d),2a6243f5396b,177,1,100,9.927188873291016,0.09927188873291015
123,grouped,Full Model (+ViennaRNA 7d),2eaa7ec685da,177,1,100,25.11815071105957,0.2511815071105957
123,grouped,Full Model (+ViennaRNA 7d),302c27aa86be,177,1,100,15.40631103515625,0.1540631103515625
123,grouped,Full Model (+ViennaRNA 7d),33008566a4a3,177,2,200,34.197519302368164,0.1709875965118408
123,grouped,Full Model (+ViennaRNA 7d),375b3dc3e7be,177,2,200,45.60980987548828,0.22804904937744142
123,grouped,Full Model (+ViennaRNA 7d),39949df91891,177,1,100,16.598560333251953,0.16598560333251952
123,grouped,Full Model (+ViennaRNA 7d),39c5f5272926,177,1,100,24.53445816040039,0.2453445816040039
123,grouped,Full Model (+ViennaRNA 7d),3a018097004f,115,10,690,95.81096076965332,0.13885646488355555
123,grouped,Full Model (+ViennaRNA 7d),3ae137de3da5,177,1,100,18.62789535522461,0.1862789535522461
123,grouped,Full Model (+ViennaRNA 7d),3ba1ffd28e99,177,2,200,35.711463928222656,0.1785573196411133
123,grouped,Full Model (+ViennaRNA 7d),3c5b3be71dfe,177,2,200,31.676528930664062,0.1583826446533203
123,grouped,Full Model (+ViennaRNA 7d),3c98a2bba159,177,2,200,41.60730743408203,0.20803653717041015
123,grouped,Full Model (+ViennaRNA 7d),3ecde0ad67f8,177,2,200,32.13264274597168,0.1606632137298584
123,grouped,Full Model (+ViennaRNA 7d),3f4520ed6770,177,2,200,39.263357162475586,0.19631678581237794
123,grouped,Full Model (+ViennaRNA 7d),4067ea5de969,177,2,200,31.329665184020996,0.15664832592010497
123,grouped,Full Model (+ViennaRNA 7d),4264d26ef757,177,1,100,25.078567504882812,0.25078567504882815
123,grouped,Full Model (+ViennaRNA 7d),427bdd0c32ac,177,2,200,45.09107208251953,0.22545536041259764
123,grouped,Full Model (+ViennaRNA 7d),463e196c09b4,177,1,100,10.849676132202148,0.10849676132202149
123,grouped,Full Model (+ViennaRNA 7d),46c5b0e99af4,177,2,200,29.286931037902832,0.14643465518951415
123,grouped,Full Model (+ViennaRNA 7d),47829174d241,177,1,100,28.13573455810547,0.2813573455810547
123,grouped,Full Model (+ViennaRNA 7d),496172edf12a,177,1,100,15.848396301269531,0.15848396301269532
123,grouped,Full Model (+ViennaRNA 7d),4ae3fd514e1d,177,1,100,17.72821807861328,0.1772821807861328
123,grouped,Full Model (+ViennaRNA 7d),4bcf35d8ee0d,177,2,200,35.93101119995117,0.17965505599975587
123,grouped,Full Model (+ViennaRNA 7d),4f64e77c1050,177,2,200,27.48312759399414,0.1374156379699707
123,grouped,Full Model (+ViennaRNA 7d),4f86b8e88de6,177,1,100,24.966793060302734,0.24966793060302733
123,grouped,Full Model (+ViennaRNA 7d),5184147a05c1,177,1,100,16.966121673583984,0.16966121673583984
123,grouped,Full Model (+ViennaRNA 7d),52881c2d896b,177,2,200,64.21112060546875,0.32105560302734376
123,grouped,Full Model (+ViennaRNA 7d),52f6d479762b,177,1,100,15.72379207611084,0.1572379207611084
123,grouped,Full Model (+ViennaRNA 7d),53a8ea1572fc,177,2,200,28.316197395324707,0.14158098697662352
123,grouped,Full Model (+ViennaRNA 7d),54a3624248c4,177,2,200,35.3912239074707,0.17695611953735352
123,grouped,Full Model (+ViennaRNA 7d),56340500f232,177,1,100,10.209480285644531,0.10209480285644532
123,grouped,Full Model (+ViennaRNA 7d),56834490e48c,177,1,100,12.307088851928711,0.1230708885192871
123,grouped,Full Model (+ViennaRNA 7d),58f542c633cb,177,1,100,24.05691909790039,0.2405691909790039
123,grouped,Full Model (+ViennaRNA 7d),5a5d12588d41,177,2,200,42.395565032958984,0.2119778251647949
123,grouped,Full Model (+ViennaRNA 7d),5b7b9109c7df,177,1,100,14.818685531616211,0.1481868553161621
123,grouped,Full Model (+ViennaRNA 7d),5c5940a97697,177,2,200,49.47890281677246,0.24739451408386232
123,grouped,Full Model (+ViennaRNA 7d),5db27aa280ac,177,2,200,41.94661331176758,0.2097330665588379
123,grouped,Full Model (+ViennaRNA 7d),5dbcea02f6d9,177,1,100,10.883502960205078,0.10883502960205078
123,grouped,Full Model (+ViennaRNA 7d),6490d7ec83b5,177,1,100,14.21731948852539,0.1421731948852539
123,grouped,Full Model (+ViennaRNA 7d),66163d6b9a5e,170,2,206,41.34700393676758,0.20071361134353194
123,grouped,Full Model (+ViennaRNA 7d),68861f9982ec,177,1,100,15.088709831237793,0.15088709831237793
123,grouped,Full Model (+ViennaRNA 7d),6a5de1f07fc4,177,1,100,17.111984252929688,0.17111984252929688
123,grouped,Full Model (+ViennaRNA 7d),6ac6dca1bc26,177,1,100,16.32888412475586,0.1632888412475586
123,grouped,Full Model (+ViennaRNA 7d),6bef2e6199c5,177,1,100,23.375648498535156,0.23375648498535156
123,grouped,Full Model (+ViennaRNA 7d),6f881dadd9fa,177,2,200,28.471034049987793,0.14235517024993896
123,grouped,Full Model (+ViennaRNA 7d),7063154436f8,177,2,200,32.92758750915527,0.16463793754577638
123,grouped,Full Model (+ViennaRNA 7d),71dad9603525,177,1,100,18.114931106567383,0.18114931106567383
123,grouped,Full Model (+ViennaRNA 7d),723cce6fcbf4,177,2,200,43.61849021911621,0.21809245109558106
123,grouped,Full Model (+ViennaRNA 7d),72d6523439bc,177,2,200,34.293212890625,0.171466064453125
123,grouped,Full Model (+ViennaRNA 7d),74e71f1eb228,177,1,100,15.007648468017578,0.1500764846801758
123,grouped,Full Model (+ViennaRNA 7d),74eec6400fec,170,2,206,45.560081481933594,0.22116544408705627
123,grouped,Full Model (+ViennaRNA 7d),75989ce02922,177,1,100,31.63718605041504,0.3163718605041504
123,grouped,Full Model (+ViennaRNA 7d),788ed02dcc78,177,2,200,25.934605598449707,0.12967302799224853
123,grouped,Full Model (+ViennaRNA 7d),7d03cc843034,177,2,200,31.394789695739746,0.15697394847869872
123,grouped,Full Model (+ViennaRNA 7d),7e0dd2e9c666,177,1,100,12.902454376220703,0.12902454376220704
123,grouped,Full Model (+ViennaRNA 7d),7f501ee72dc6,177,2,200,48.517534255981445,0.2425876712799072
123,grouped,Full Model (+ViennaRNA 7d),803a17a5c1c8,177,2,200,26.702799797058105,0.13351399898529054
123,grouped,Full Model (+ViennaRNA 7d),814435e2f515,177,2,200,38.31093978881836,0.1915546989440918
123,grouped,Full Model (+ViennaRNA 7d),8238a38b4adc,177,2,200,38.628910064697266,0.19314455032348632
123,grouped,Full Model (+ViennaRNA 7d),841aea722c35,177,2,200,30.893306732177734,0.15446653366088867
123,grouped,Full Model (+ViennaRNA 7d),844ced207001,177,2,200,44.032859802246094,0.22016429901123047
123,grouped,Full Model (+ViennaRNA 7d),85a55c24888f,177,2,200,41.97334289550781,0.20986671447753907
123,grouped,Full Model (+ViennaRNA 7d),89acfee2dd1e,177,2,200,54.35784149169922,0.2717892074584961
123,grouped,Full Model (+ViennaRNA 7d),8bbcfb9df552,177,2,200,37.75939750671387,0.18879698753356933
123,grouped,Full Model (+ViennaRNA 7d),8c6638eccbe9,177,2,200,45.08956718444824,0.2254478359222412
123,grouped,Full Model (+ViennaRNA 7d),8da9117f426e,177,2,200,35.01741027832031,0.17508705139160155
123,grouped,Full Model (+ViennaRNA 7d),8e208196d871,177,2,200,48.957061767578125,0.24478530883789062
123,grouped,Full Model (+ViennaRNA 7d),8f2436c25cff,170,2,206,42.89236259460449,0.20821535240099268
123,grouped,Full Model (+ViennaRNA 7d),8f360cd13518,177,1,100,18.282888412475586,0.18282888412475587
123,grouped,Full Model (+ViennaRNA 7d),91943b642389,177,1,100,19.25353240966797,0.1925353240966797
123,grouped,Full Model (+ViennaRNA 7d),9210f821f5c4,177,1,100,18.522438049316406,0.18522438049316406
123,grouped,Full Model (+ViennaRNA 7d),971c60d3a85d,177,2,200,30.42901611328125,0.15214508056640624
123,grouped,Full Model (+ViennaRNA 7d),97379a72e53d,177,1,100,28.637035369873047,0.2863703536987305
123,grouped,Full Model (+ViennaRNA 7d),9c1cccf13174,177,2,200,52.159738540649414,0.26079869270324707
123,grouped,Full Model (+ViennaRNA 7d),9d84950b6fe1,177,2,200,31.572265625,0.157861328125
123,grouped,Full Model (+ViennaRNA 7d),9ea798b5d78f,177,2,200,37.24589729309082,0.1862294864654541
123,grouped,Full Model (+ViennaRNA 7d),a09d5074d26a,177,1,100,10.603988647460938,0.10603988647460938
123,grouped,Full Model (+ViennaRNA 7d),a67652b6c3e3,177,2,200,26.574506759643555,0.13287253379821778
123,grouped,Full Model (+ViennaRNA 7d),a716933b442e,177,2,200,30.348108291625977,0.15174054145812987
123,grouped,Full Model (+ViennaRNA 7d),a8904a2b0a79,177,2,200,45.42465019226074,0.2271232509613037
123,grouped,Full Model (+ViennaRNA 7d),abacab61c3d9,177,2,200,37.60124397277832,0.1880062198638916
123,grouped,Full Model (+ViennaRNA 7d),ac38f2f6236f,177,1,100,15.819964408874512,0.15819964408874512
123,grouped,Full Model (+ViennaRNA 7d),aeccc50aed27,177,2,200,39.08314514160156,0.1954157257080078
123,grouped,Full Model (+ViennaRNA 7d),aee69d6b4f4a,177,1,100,9.506102561950684,0.09506102561950684
123,grouped,Full Model (+ViennaRNA 7d),b540f7263327,177,2,200,38.85891246795654,0.1942945623397827
123,grouped,Full Model (+ViennaRNA 7d),b7cc1c81e6ca,177,2,200,42.55307197570801,0.21276535987854003
123,grouped,Full Model (+ViennaRNA 7d),bb6f403d0436,177,1,100,26.713876724243164,0.26713876724243163
123,grouped,Full Model (+ViennaRNA 7d),c12f92aba230,177,2,200,36.763943672180176,0.18381971836090089
123,grouped,Full Model (+ViennaRNA 7d),c1a98c83235e,177,2,200,38.31310272216797,0.19156551361083984
123,grouped,Full Model (+ViennaRNA 7d),c3e8658ea020,177,2,200,43.78241729736328,0.2189120864868164
123,grouped,Full Model (+ViennaRNA 7d),c48267a1ea4e,177,1,100,23.164684295654297,0.23164684295654298
123,grouped,Full Model (+ViennaRNA 7d),c744e55a6ab4,177,1,100,16.505817413330078,0.1650581741333008
123,grouped,Full Model (+ViennaRNA 7d),c79905006a4e,177,2,200,34.746360778808594,0.17373180389404297
123,grouped,Full Model (+ViennaRNA 7d),c7be7e12235d,177,1,100,20.005292892456055,0.20005292892456056
123,grouped,Full Model (+ViennaRNA 7d),c7f04ed66424,177,1,100,20.270517349243164,0.20270517349243164
123,grouped,Full Model (+ViennaRNA 7d),c9df3358e98d,177,1,100,11.359347343444824,0.11359347343444824
123,grouped,Full Model (+ViennaRNA 7d),cb99d337fc6e,177,2,200,50.68111610412598,0.2534055805206299
123,grouped,Full Model (+ViennaRNA 7d),cc85c5cf1b74,177,2,200,50.19374465942383,0.25096872329711917
123,grouped,Full Model (+ViennaRNA 7d),cf12d41bd7cc,177,1,100,19.457569122314453,0.19457569122314453
123,grouped,Full Model (+ViennaRNA 7d),d082ba6874b8,177,2,200,30.928924560546875,0.1546446228027344
123,grouped,Full Model (+ViennaRNA 7d),d09a1717ee05,177,2,200,57.64636421203613,0.28823182106018064
123,grouped,Full Model (+ViennaRNA 7d),d127bf0a6129,177,2,200,47.44485092163086,0.2372242546081543
123,grouped,Full Model (+ViennaRNA 7d),d22eb18e379f,177,2,200,38.55804252624512,0.1927902126312256
123,grouped,Full Model (+ViennaRNA 7d),d24dec8676d7,177,2,200,25.29928970336914,0.12649644851684572
123,grouped,Full Model (+ViennaRNA 7d),d2ff03fe8f31,177,1,100,20.16118621826172,0.20161186218261717
123,grouped,Full Model (+ViennaRNA 7d),d3d3e6010940,177,2,200,37.85703182220459,0.18928515911102295
123,grouped,Full Model (+ViennaRNA 7d),d58ec7db8d18,170,2,206,51.303260803222656,0.2490449553554498
123,grouped,Full Model (+ViennaRNA 7d),daa74a472f26,177,1,100,23.163070678710938,0.23163070678710937
123,grouped,Full Model (+ViennaRNA 7d),dabd635c05bb,177,2,200,39.61048698425293,0.19805243492126465
123,grouped,Full Model (+ViennaRNA 7d),db984589a911,177,1,100,14.640094757080078,0.14640094757080077
123,grouped,Full Model (+ViennaRNA 7d),de3f2002b07f,177,2,200,33.7162389755249,0.16858119487762452
123,grouped,Full Model (+ViennaRNA 7d),decc53d56fe9,177,2,200,26.941807746887207,0.13470903873443604
123,grouped,Full Model (+ViennaRNA 7d),deffe4e62910,177,2,200,33.150550842285156,0.16575275421142577
123,grouped,Full Model (+ViennaRNA 7d),df8da9243d86,177,2,200,38.093122482299805,0.19046561241149904
123,grouped,Full Model (+ViennaRNA 7d),dfc54369d92e,177,1,100,18.745677947998047,0.18745677947998046
123,grouped,Full Model (+ViennaRNA 7d),e2e8c832a565,177,2,200,31.29478168487549,0.15647390842437744
123,grouped,Full Model (+ViennaRNA 7d),e6eeb2fa0687,177,2,200,47.232608795166016,0.23616304397583007
123,grouped,Full Model (+ViennaRNA 7d),e978f48c92fc,177,1,100,13.485017776489258,0.13485017776489258
123,grouped,Full Model (+ViennaRNA 7d),ea14150e0681,177,1,100,13.035270690917969,0.1303527069091797
123,grouped,Full Model (+ViennaRNA 7d),ea26475589cd,177,1,100,31.059146881103516,0.31059146881103517
123,grouped,Full Model (+ViennaRNA 7d),ea81b8aea9e8,177,2,200,25.83485698699951,0.12917428493499755
123,grouped,Full Model (+ViennaRNA 7d),ec2155bf79b1,177,2,200,25.41334819793701,0.12706674098968507
123,grouped,Full Model (+ViennaRNA 7d),ef76ddb4ecf8,177,2,200,48.532474517822266,0.24266237258911133
123,grouped,Full Model (+ViennaRNA 7d),f0de7ef7004e,177,1,100,22.56810760498047,0.2256810760498047
123,grouped,Full Model (+ViennaRNA 7d),f3057aeba63d,177,1,100,14.793251991271973,0.14793251991271972
123,grouped,Full Model (+ViennaRNA 7d),f3992e0cf1d1,177,2,200,55.22330856323242,0.2761165428161621
123,grouped,Full Model (+ViennaRNA 7d),f79af0854323,177,1,100,20.152408599853516,0.20152408599853516
123,grouped,Full Model (+ViennaRNA 7d),f81e4c5d3777,177,1,100,37.170677185058594,0.3717067718505859
123,grouped,Full Model (+ViennaRNA 7d),fb48c5f7a889,177,2,200,30.487990379333496,0.15243995189666748
123,grouped,Full Model (+ViennaRNA 7d),fb85e858e626,177,2,200,32.840431213378906,0.16420215606689453
123,grouped,Full Model (+ViennaRNA 7d),fc2671e5a4cb,177,2,200,37.40360164642334,0.1870180082321167
123,random,CNN + Bi-LSTM,0272ab36bc3b,115,1,69,13.27908706665039,0.19245053719783176
123,random,CNN + Bi-LSTM,035e9e6cf34c,115,1,69,11.677103042602539,0.1692333774290223
123,random,CNN + Bi-LSTM,03ddd34e1891,177,1,100,13.156145095825195,0.13156145095825195
123,random,CNN + Bi-LSTM,03f96eb1828c,115,1,69,11.638655662536621,0.16867616902226987
123,random,CNN + Bi-LSTM,04396fb86ca3,177,1,100,21.400449752807617,0.21400449752807618
123,random,CNN + Bi-LSTM,05b715834673,177,1,100,24.141448974609375,0.24141448974609375
123,random,CNN + Bi-LSTM,0856aa9fe059,177,1,100,17.975976943969727,0.17975976943969726
123,random,CNN + Bi-LSTM,0a52f8301926,170,2,206,59.633901596069336,0.28948495920422007
123,random,CNN + Bi-LSTM,0b8057b073ff,177,1,100,20.384479522705078,0.2038447952270508
123,random,CNN + Bi-LSTM,0bb1fef9c01f,115,4,276,62.631855964660645,0.2269270143647125
123,random,CNN + Bi-LSTM,0c44a8c62fb1,177,1,100,18.217437744140625,0.18217437744140624
123,random,CNN + Bi-LSTM,0c71368ee153,177,1,100,19.89565658569336,0.19895656585693358
123,random,CNN + Bi-LSTM,0ca07bdd9dc1,177,1,100,23.68643569946289,0.2368643569946289
123,random,CNN + Bi-LSTM,0cba58ce7c27,177,1,100,20.458003997802734,0.20458003997802734
123,random,CNN + Bi-LSTM,0d2566db2f11,177,1,100,19.74938201904297,0.1974938201904297
123,random,CNN + Bi-LSTM,0dccb529bf3c,177,1,100,34.409427642822266,0.34409427642822266
123,random,CNN + Bi-LSTM,102a7ca52232,177,1,100,17.106464385986328,0.17106464385986328
123,random,CNN + Bi-LSTM,11b65b437b51,177,1,100,24.617298126220703,0.24617298126220702
123,random,CNN + Bi-LSTM,11d527519b73,177,1,100,14.635819435119629,0.1463581943511963
123,random,CNN + Bi-LSTM,126043caf177,177,1,100,13.705606460571289,0.1370560646057129
123,random,CNN + Bi-LSTM,1282e0fef708,177,2,200,44.05324745178223,0.22026623725891115
123,random,CNN + Bi-LSTM,153bfcfca279,177,1,100,21.925233840942383,0.21925233840942382
123,random,CNN + Bi-LSTM,17063eee5f31,177,1,100,27.03173065185547,0.2703173065185547
123,random,CNN + Bi-LSTM,1779958216e1,155,1,109,20.575851440429688,0.18876927926999712
123,random,CNN + Bi-LSTM,188ab75824ee,177,1,100,23.425891876220703,0.23425891876220703
123,random,CNN + Bi-LSTM,1b8d996fdde3,177,1,100,25.124454498291016,0.25124454498291016
123,random,CNN + Bi-LSTM,1bbd9d595bb3,177,1,100,27.151039123535156,0.2715103912353516
123,random,CNN + Bi-LSTM,1bce6ff8d38e,177,1,100,21.508756637573242,0.21508756637573243
123,random,CNN + Bi-LSTM,1d236c0283a5,177,1,100,26.96619415283203,0.2696619415283203
123,random,CNN + Bi-LSTM,20651db0eb9e,115,3,207,28.205448150634766,0.1362582036262549
123,random,CNN + Bi-LSTM,20bfa9c8256a,177,1,100,13.670658111572266,0.13670658111572265
123,random,CNN + Bi-LSTM,211f20813195,206,1,139,22.980308532714844,0.16532596066701327
123,random,CNN + Bi-LSTM,2135475f96c8,177,1,100,16.803184509277344,0.16803184509277344
123,random,CNN + Bi-LSTM,216f53030b5b,177,1,100,17.805477142333984,0.17805477142333984
123,random,CNN + Bi-LSTM,21cc11c6367d,177,1,100,35.68104553222656,0.35681045532226563
123,random,CNN + Bi-LSTM,22176c7b3507,177,1,100,20.590564727783203,0.20590564727783203
123,random,CNN + Bi-LSTM,249946ac888e,177,1,100,19.827117919921875,0.19827117919921874
123,random,CNN + Bi-LSTM,258a3500f365,177,1,100,21.689058303833008,0.2168905830383301
123,random,CNN + Bi-LSTM,264bc3c810e1,177,1,100,19.369369506835938,0.19369369506835937
123,random,CNN + Bi-LSTM,26bab970c8d9,177,1,100,22.31606101989746,0.2231606101989746
123,random,CNN + Bi-LSTM,26ffb691d725,177,1,100,15.758185386657715,0.15758185386657714
123,random,CNN + Bi-LSTM,27e5b80e391c,177,1,100,21.710739135742188,0.21710739135742188
123,random,CNN + Bi-LSTM,28bc4e22ceaf,206,1,139,26.535202026367188,0.19090073400264163
123,random,CNN + Bi-LSTM,2a6243f5396b,177,1,100,15.505977630615234,0.15505977630615234
123,random,CNN + Bi-LSTM,2c69aa68c63a,177,1,100,24.914485931396484,0.24914485931396485
123,random,CNN + Bi-LSTM,2d11a75bca33,177,1,100,15.957588195800781,0.15957588195800781
123,random,CNN + Bi-LSTM,317753dcba04,177,1,100,20.196815490722656,0.20196815490722655
123,random,CNN + Bi-LSTM,3426d40eb72e,115,2,138,22.256001472473145,0.16127537298893582
123,random,CNN + Bi-LSTM,34721178b1ba,177,1,100,17.125280380249023,0.17125280380249022
123,random,CNN + Bi-LSTM,396b2159ef2b,115,2,138,23.51254367828369,0.1703807512919108
123,random,CNN + Bi-LSTM,39c5f5272926,177,1,100,25.490276336669922,0.2549027633666992
123,random,CNN + Bi-LSTM,3a018097004f,115,2,138,24.999831199645996,0.18115819709888403
123,random,CNN + Bi-LSTM,3ae137de3da5,177,1,100,18.56587791442871,0.1856587791442871
123,random,CNN + Bi-LSTM,3ba1ffd28e99,177,1,100,20.285619735717773,0.20285619735717775
123,random,CNN + Bi-LSTM,3bb2327e03aa,177,1,100,11.092092514038086,0.11092092514038086
123,random,CNN + Bi-LSTM,3bfc68dbe99f,206,1,139,23.98794174194336,0.17257512044563567
123,random,CNN + Bi-LSTM,3c5b3be71dfe,177,1,100,18.270423889160156,0.18270423889160156
123,random,CNN + Bi-LSTM,3cc3a93aeaf5,177,1,100,16.391815185546875,0.16391815185546876
123,random,CNN + Bi-LSTM,3ea4f6ed15c6,177,1,100,28.85022735595703,0.2885022735595703
123,random,CNN + Bi-LSTM,3ee90527d6ce,177,2,200,49.2972354888916,0.246486177444458
123,random,CNN + Bi-LSTM,3f4520ed6770,177,1,100,18.01100730895996,0.18011007308959961
123,random,CNN + Bi-LSTM,3fc9caae73df,177,1,100,23.368793487548828,0.23368793487548828
123,random,CNN + Bi-LSTM,4231ecf710a5,177,1,100,13.476998329162598,0.13476998329162598
123,random,CNN + Bi-LSTM,425ef6f4891e,115,1,69,10.808602333068848,0.1566464106241862
123,random,CNN + Bi-LSTM,42a65b088b02,177,1,100,25.750137329101562,0.25750137329101563
123,random,CNN + Bi-LSTM,440663bb0bd5,177,1,100,19.826942443847656,0.19826942443847656
123,random,CNN + Bi-LSTM,45467b39a208,177,1,100,16.978004455566406,0.16978004455566406
123,random,CNN + Bi-LSTM,473f8a76ad35,177,1,100,22.46173095703125,0.2246173095703125
123,random,CNN + Bi-LSTM,476eb0ce29e0,177,2,200,40.56642723083496,0.2028321361541748
123,random,CNN + Bi-LSTM,489f7413540c,177,1,100,17.41790008544922,0.1741790008544922
123,random,CNN + Bi-LSTM,49b205ce3a62,177,1,100,21.930017471313477,0.21930017471313476
123,random,CNN + Bi-LSTM,4b4008b731a6,177,1,100,26.724140167236328,0.26724140167236327
123,random,CNN + Bi-LSTM,4e26a5916f44,177,1,100,29.075138092041016,0.29075138092041014
123,random,CNN + Bi-LSTM,4f4e8f84bd2f,177,1,100,15.840616226196289,0.15840616226196289
123,random,CNN + Bi-LSTM,517d173408f3,177,1,100,31.3325138092041,0.313325138092041
123,random,CNN + Bi-LSTM,524465b36dd3,177,1,100,26.383787155151367,0.26383787155151367
123,random,CNN + Bi-LSTM,52881c2d896b,177,1,100,34.13463592529297,0.34134635925292967
123,random,CNN + Bi-LSTM,52f4e4b8024b,177,1,100,22.105205535888672,0.22105205535888672
123,random,CNN + Bi-LSTM,5306b4aa06a1,177,1,100,20.506311416625977,0.20506311416625977
123,random,CNN + Bi-LSTM,54a3624248c4,177,1,100,19.522045135498047,0.19522045135498048
123,random,CNN + Bi-LSTM,562d766dbf1b,177,1,100,29.20688247680664,0.2920688247680664
123,random,CNN + Bi-LSTM,564e6f1cbc2b,177,1,100,15.33595085144043,0.1533595085144043
123,random,CNN + Bi-LSTM,56834490e48c,177,1,100,21.067626953125,0.21067626953125
123,random,CNN + Bi-LSTM,57409e0849a9,177,1,100,18.639144897460938,0.18639144897460938
123,random,CNN + Bi-LSTM,57b301d4b23c,177,1,100,23.71757698059082,0.2371757698059082
123,random,CNN + Bi-LSTM,59f346f6e4a2,177,1,100,23.284839630126953,0.23284839630126952
123,random,CNN + Bi-LSTM,59f78fe3e6e1,177,1,100,11.768759727478027,0.11768759727478027
123,random,CNN + Bi-LSTM,5b6873b846ac,177,1,100,17.66903305053711,0.17669033050537108
123,random,CNN + Bi-LSTM,5c4f225944a8,177,1,100,15.745811462402344,0.15745811462402343
123,random,CNN + Bi-LSTM,5c5940a97697,177,2,200,46.38903045654297,0.23194515228271484
123,random,CNN + Bi-LSTM,5cfcfeb6160d,177,1,100,17.591506958007812,0.17591506958007813
123,random,CNN + Bi-LSTM,5d9fc800017d,177,1,100,15.364078521728516,0.15364078521728516
123,random,CNN + Bi-LSTM,5ed1eb69f210,177,1,100,27.95171356201172,0.2795171356201172
123,random,CNN + Bi-LSTM,6012e5ae3747,177,1,100,21.386795043945312,0.21386795043945311
123,random,CNN + Bi-LSTM,617fd6231fcb,177,1,100,20.010271072387695,0.20010271072387695
123,random,CNN + Bi-LSTM,67dc26cb8d70,206,1,139,23.562135696411133,0.1695117676000801
123,random,CNN + Bi-LSTM,69eb3238a425,177,1,100,21.283611297607422,0.21283611297607422
123,random,CNN + Bi-LSTM,6a6a63b61e67,177,1,100,21.92532730102539,0.2192532730102539
123,random,CNN + Bi-LSTM,6af096752fb1,177,1,100,17.141216278076172,0.1714121627807617
123,random,CNN + Bi-LSTM,6c58175512b8,177,1,100,21.096603393554688,0.2109660339355469
123,random,CNN + Bi-LSTM,6e46c5cc54f6,177,2,200,37.840524673461914,0.18920262336730956
123,random,CNN + Bi-LSTM,6e643483a2f3,170,1,103,27.383892059326172,0.26586302970219583
123,random,CNN + Bi-LSTM,6ebc1374afb6,177,1,100,28.685075759887695,0.28685075759887696
123,random,CNN + Bi-LSTM,6f881dadd9fa,177,2,200,36.71194076538086,0.18355970382690429
123,random,CNN + Bi-LSTM,7063154436f8,177,1,100,16.781415939331055,0.16781415939331054
123,random,CNN + Bi-LSTM,70eae8b92d44,177,1,100,19.369186401367188,0.1936918640136719
123,random,CNN + Bi-LSTM,71dad9603525,177,1,100,16.298871994018555,0.16298871994018554
123,random,CNN + Bi-LSTM,723cce6fcbf4,177,1,100,25.213253021240234,0.25213253021240234
123,random,CNN + Bi-LSTM,74835fae3b0e,177,1,100,18.201343536376953,0.18201343536376954
123,random,CNN + Bi-LSTM,74c63b493906,177,1,100,22.92761993408203,0.2292761993408203
123,random,CNN + Bi-LSTM,75604c2f991f,177,1,100,28.18360137939453,0.2818360137939453
123,random,CNN + Bi-LSTM,76d2f7267390,155,1,109,19.441452026367188,0.17836194519602924
123,random,CNN + Bi-LSTM,7742dc4ba024,177,1,100,10.709859848022461,0.10709859848022461
123,random,CNN + Bi-LSTM,788ed02dcc78,177,1,100,14.129342079162598,0.141293420791626
123,random,CNN + Bi-LSTM,7af12fc1cb60,177,1,100,17.950756072998047,0.17950756072998048
123,random,CNN + Bi-LSTM,7b700750f538,177,1,100,26.181896209716797,0.261818962097168
123,random,CNN + Bi-LSTM,7bde509d4583,177,1,100,19.32298469543457,0.1932298469543457
123,random,CNN + Bi-LSTM,7c99cd421bef,177,1,100,24.426956176757812,0.24426956176757814
123,random,CNN + Bi-LSTM,7e0dd2e9c666,177,1,100,16.485858917236328,0.1648585891723633
123,random,CNN + Bi-LSTM,7e55d0c9079f,177,1,100,25.07378578186035,0.2507378578186035
123,random,CNN + Bi-LSTM,7efd6906a270,177,1,100,16.296083450317383,0.16296083450317383
123,random,CNN + Bi-LSTM,811a465ed4cc,177,1,100,20.060283660888672,0.20060283660888673
123,random,CNN + Bi-LSTM,8719373052f3,177,1,100,16.369773864746094,0.16369773864746093
123,random,CNN + Bi-LSTM,87ac615b65cf,177,1,100,28.85436248779297,0.28854362487792967
123,random,CNN + Bi-LSTM,87ba6aa041c5,177,1,100,24.52434539794922,0.24524345397949218
123,random,CNN + Bi-LSTM,89acfee2dd1e,177,1,100,34.409141540527344,0.34409141540527344
123,random,CNN + Bi-LSTM,8bc6201ea72c,177,1,100,12.653266906738281,0.1265326690673828
123,random,CNN + Bi-LSTM,8c64548738ce,177,1,100,18.63631820678711,0.18636318206787109
123,random,CNN + Bi-LSTM,8ceed4d7508e,177,1,100,22.27056312561035,0.22270563125610351
123,random,CNN + Bi-LSTM,8ddabc63b536,177,2,200,46.10301971435547,0.23051509857177735
123,random,CNN + Bi-LSTM,8fc727a29eab,177,1,100,16.97723388671875,0.1697723388671875
123,random,CNN + Bi-LSTM,90e9a691d5ab,177,2,200,43.39907264709473,0.21699536323547364
123,random,CNN + Bi-LSTM,9210f821f5c4,177,1,100,19.041704177856445,0.19041704177856444
123,random,CNN + Bi-LSTM,92f70f72c7d2,170,1,103,31.146501541137695,0.30239321884599707
123,random,CNN + Bi-LSTM,9324ba10c598,177,1,100,13.869810104370117,0.13869810104370117
123,random,CNN + Bi-LSTM,960dd79b67aa,177,1,100,17.548114776611328,0.1754811477661133
123,random,CNN + Bi-LSTM,986ab29cb57b,170,1,103,29.885478973388672,0.2901502812950357
123,random,CNN + Bi-LSTM,989362102b4a,177,1,100,19.874666213989258,0.1987466621398926
123,random,CNN + Bi-LSTM,98f3c12df095,177,1,100,26.771358489990234,0.2677135848999023
123,random,CNN + Bi-LSTM,9a6a4f63f2be,177,1,100,19.39365005493164,0.1939365005493164
123,random,CNN + Bi-LSTM,9ac65806a800,177,1,100,14.23141860961914,0.1423141860961914
123,random,CNN + Bi-LSTM,9b74b0082440,177,1,100,11.688583374023438,0.11688583374023437
123,random,CNN + Bi-LSTM,9bc7e2a7f83a,115,2,138,25.72471046447754,0.18641094539476477
123,random,CNN + Bi-LSTM,9c1cccf13174,177,1,100,19.71367645263672,0.1971367645263672
123,random,CNN + Bi-LSTM,9daa955b65af,115,3,207,41.93307876586914,0.20257525973849827
123,random,CNN + Bi-LSTM,9e0c6be6025c,177,1,100,18.50345230102539,0.18503452301025392
123,random,CNN + Bi-LSTM,9e2580c1c3b4,177,1,100,19.15380096435547,0.1915380096435547
123,random,CNN + Bi-LSTM,9e90976be28e,177,1,100,26.465354919433594,0.2646535491943359
123,random,CNN + Bi-LSTM,a06d91676a20,177,2,200,38.653438568115234,0.19326719284057617
123,random,CNN + Bi-LSTM,a09d5074d26a,177,1,100,16.2120361328125,0.162120361328125
123,random,CNN + Bi-LSTM,a1fefb14b835,170,1,103,22.324129104614258,0.21673911752052677
123,random,CNN + Bi-LSTM,a3f0f0407dcd,177,1,100,14.396879196166992,0.14396879196166992
123,random,CNN + Bi-LSTM,a61792acfbdd,177,1,100,20.07345962524414,0.20073459625244142
123,random,CNN + Bi-LSTM,a67652b6c3e3,177,1,100,17.26536750793457,0.1726536750793457
123,random,CNN + Bi-LSTM,a9af1572df82,177,1,100,21.82419204711914,0.2182419204711914
123,random,CNN + Bi-LSTM,a9f8050fd561,177,1,100,21.810670852661133,0.21810670852661132
123,random,CNN + Bi-LSTM,abe0c14c2ecf,177,1,100,20.174291610717773,0.20174291610717773
123,random,CNN + Bi-LSTM,aeccc50aed27,177,1,100,18.582866668701172,0.18582866668701173
123,random,CNN + Bi-LSTM,aede7f6fbd67,177,1,100,22.187646865844727,0.22187646865844726
123,random,CNN + Bi-LSTM,b0af9222dd8f,177,2,200,36.27457618713379,0.18137288093566895
123,random,CNN + Bi-LSTM,b0ba773e0fa3,177,1,100,23.94799041748047,0.2394799041748047
123,random,CNN + Bi-LSTM,b1c247dbef89,177,1,100,18.339332580566406,0.18339332580566406
123,random,CNN + Bi-LSTM,b20be06331ae,177,1,100,18.89719581604004,0.18897195816040038
123,random,CNN + Bi-LSTM,b2eb8cb8079c,177,1,100,25.710107803344727,0.2571010780334473
123,random,CNN + Bi-LSTM,b3b4a16c3cb0,177,1,100,18.759103775024414,0.18759103775024413
123,random,CNN + Bi-LSTM,b540f7263327,177,2,200,41.97157669067383,0.20985788345336914
123,random,CNN + Bi-LSTM,b559c25e3d44,170,1,103,23.890501022338867,0.23194661186736765
123,random,CNN + Bi-LSTM,b649c9b489c6,177,1,100,28.141225814819336,0.2814122581481934
123,random,CNN + Bi-LSTM,b68e1a17d498,206,1,139,29.059473037719727,0.2090609571058973
123,random,CNN + Bi-LSTM,b7b6b49beb27,170,1,103,24.614578247070312,0.2389764878356341
123,random,CNN + Bi-LSTM,b82d405e5cb1,177,1,100,28.6008358001709,0.286008358001709
123,random,CNN + Bi-LSTM,b9948beb1124,177,1,100,18.413593292236328,0.18413593292236327
123,random,CNN + Bi-LSTM,baa8b19465ae,170,1,103,23.18726921081543,0.2251191185516061
123,random,CNN + Bi-LSTM,bbdc7839dfbf,177,1,100,27.919939041137695,0.279199390411377
123,random,CNN + Bi-LSTM,bd9c43ea1b3a,177,1,100,29.772375106811523,0.2977237510681152
123,random,CNN + Bi-LSTM,bdf89284d3e5,177,1,100,19.695709228515625,0.19695709228515626
123,random,CNN + Bi-LSTM,be61ceb80581,177,1,100,27.015405654907227,0.27015405654907226
123,random,CNN + Bi-LSTM,bfd6750fafea,177,2,200,37.93095588684082,0.1896547794342041
123,random,CNN + Bi-LSTM,bfd9a4c1a093,177,1,100,21.994808197021484,0.21994808197021484
123,random,CNN + Bi-LSTM,c0083aac8de1,177,1,100,18.019968032836914,0.18019968032836914
123,random,CNN + Bi-LSTM,c12c53d05954,177,1,100,21.16477394104004,0.21164773941040038
123,random,CNN + Bi-LSTM,c12f92aba230,177,1,100,18.051349639892578,0.18051349639892578
123,random,CNN + Bi-LSTM,c149705a3820,177,1,100,18.253490447998047,0.18253490447998047
123,random,CNN + Bi-LSTM,c1a98c83235e,177,1,100,17.67245101928711,0.17672451019287108
123,random,CNN + Bi-LSTM,c4455c321186,177,1,100,16.34408950805664,0.16344089508056642
123,random,CNN + Bi-LSTM,c6158741f146,155,1,109,21.294065475463867,0.19535839885746667
123,random,CNN + Bi-LSTM,c7f04ed66424,177,1,100,20.073928833007812,0.20073928833007812
123,random,CNN + Bi-LSTM,c83e2ebca514,177,1,100,26.6832332611084,0.26683233261108397
123,random,CNN + Bi-LSTM,c8aea1ac5c55,170,2,206,58.67645454406738,0.28483715798090964
123,random,CNN + Bi-LSTM,c8d0641e7611,177,1,100,16.031330108642578,0.16031330108642577
123,random,CNN + Bi-LSTM,cb36b74ebf01,177,1,100,24.42770767211914,0.2442770767211914
123,random,CNN + Bi-LSTM,cc2fc3be96b8,177,1,100,34.8377571105957,0.348377571105957
123,random,CNN + Bi-LSTM,cd9ee27de81f,177,1,100,26.09762191772461,0.2609762191772461
123,random,CNN + Bi-LSTM,ce0ec321e728,177,1,100,16.562532424926758,0.16562532424926757
123,random,CNN + Bi-LSTM,ce185849ab6d,177,1,100,22.486644744873047,0.22486644744873047
123,random,CNN + Bi-LSTM,d07ff0df3e83,177,1,100,15.887958526611328,0.1588795852661133
123,random,CNN + Bi-LSTM,d082ba6874b8,177,1,100,21.793128967285156,0.21793128967285155
123,random,CNN + Bi-LSTM,d0cfa35d2874,177,1,100,19.030366897583008,0.19030366897583006
123,random,CNN + Bi-LSTM,d198b0ed159f,177,1,100,22.654916763305664,0.22654916763305663
123,random,CNN + Bi-LSTM,d24dec8676d7,177,1,100,14.044487953186035,0.14044487953186036
123,random,CNN + Bi-LSTM,d3d3e6010940,177,1,100,12.886388778686523,0.12886388778686522
123,random,CNN + Bi-LSTM,d3f107370fc7,177,1,100,19.015342712402344,0.19015342712402344
123,random,CNN + Bi-LSTM,d6a643cf0586,177,1,100,18.8591365814209,0.188591365814209
123,random,CNN + Bi-LSTM,d6f26e07215a,177,1,100,24.252330780029297,0.24252330780029296
123,random,CNN + Bi-LSTM,d70bbd49b4bc,177,1,100,20.872100830078125,0.20872100830078125
123,random,CNN + Bi-LSTM,d9c5eca9fc2f,177,1,100,22.811695098876953,0.22811695098876952
123,random,CNN + Bi-LSTM,da0787b57a03,177,1,100,19.872346878051758,0.19872346878051758
123,random,CNN + Bi-LSTM,da3a82e39fbc,177,1,100,23.986509323120117,0.23986509323120117
123,random,CNN + Bi-LSTM,db1e6650c405,177,2,200,46.7629280090332,0.23381464004516603
123,random,CNN + Bi-LSTM,db473c1c9134,177,1,100,15.965067863464355,0.15965067863464355
123,random,CNN + Bi-LSTM,db587e94a819,177,2,200,49.52266883850098,0.2476133441925049
123,random,CNN + Bi-LSTM,dd84a5bb6420,170,1,103,30.92351531982422,0.3002283040759633
123,random,CNN + Bi-LSTM,ddaba4d0f57a,177,2,200,50.93094444274902,0.25465472221374513
123,random,CNN + Bi-LSTM,ddc7771b98ea,177,1,100,20.623998641967773,0.20623998641967772
123,random,CNN + Bi-LSTM,e0855b3c9469,170,1,103,24.874683380126953,0.24150178038958206
123,random,CNN + Bi-LSTM,e2566b3e73bc,177,1,100,15.082839012145996,0.15082839012145996
123,random,CNN + Bi-LSTM,e29e108be40a,170,1,103,23.856882095336914,0.23162021451783413
123,random,CNN + Bi-LSTM,e51742eb7a0b,177,1,100,13.528636932373047,0.13528636932373048
123,random,CNN + Bi-LSTM,e5ae560b03ef,177,1,100,23.908411026000977,0.23908411026000975
123,random,CNN + Bi-LSTM,e5f912daeacc,170,1,103,35.716556549072266,0.34676268494244916
123,random,CNN + Bi-LSTM,e763248cd849,177,1,100,21.57854461669922,0.2157854461669922
123,random,CNN + Bi-LSTM,eb86cc06ac7d,177,2,200,41.90903282165527,0.20954516410827637
123,random,CNN + Bi-LSTM,ef76ddb4ecf8,177,1,100,25.2783203125,0.252783203125
123,random,CNN + Bi-LSTM,f0f83f90bb1e,177,1,100,17.357879638671875,0.17357879638671875
123,random,CNN + Bi-LSTM,f1910a65a0ba,177,1,100,17.2647705078125,0.172647705078125
123,random,CNN + Bi-LSTM,f277d5cbe2b7,177,2,200,44.304359436035156,0.22152179718017578
123,random,CNN + Bi-LSTM,f4928c3ca73d,177,1,100,16.170196533203125,0.16170196533203124
123,random,CNN + Bi-LSTM,f6dcc64a0bda,170,1,103,32.630043029785156,0.3167965342697588
123,random,CNN + Bi-LSTM,f7328a417154,177,1,100,26.229778289794922,0.2622977828979492
123,random,CNN + Bi-LSTM,f7b83ed80d32,115,3,207,38.58262920379639,0.1863895130618183
123,random,CNN + Bi-LSTM,f84d2adefa38,177,1,100,19.521657943725586,0.19521657943725587
123,random,CNN + Bi-LSTM,f85727b6ee58,177,1,100,24.95221519470215,0.2495221519470215
123,random,CNN + Bi-LSTM,f9ec3cae1256,177,1,100,17.203432083129883,0.17203432083129883
123,random,CNN + Bi-LSTM,fa2161af97a3,170,1,103,31.91519546508789,0.30985626665133875
123,random,CNN + Bi-LSTM,fb48c5f7a889,177,1,100,19.42959976196289,0.1942959976196289
123,random,CNN + Bi-LSTM,fb85e858e626,177,1,100,23.51279067993164,0.23512790679931642
123,random,CNN + Bi-LSTM,fe0b5fe3429f,115,2,138,25.047173500061035,0.1815012572468191
123,random,CNN + Bi-LSTM,ff2176e368bd,177,1,100,28.634889602661133,0.28634889602661134
123,random,CNN + Bi-LSTM,ff24b783265e,177,1,100,22.272663116455078,0.22272663116455077
123,random,CNN + Bi-LSTM,ffeb117251f6,177,1,100,22.085796356201172,0.2208579635620117
123,random,CNN + LSTM + Transformer,0272ab36bc3b,115,1,69,16.166885375976562,0.234302686608356
123,random,CNN + LSTM + Transformer,035e9e6cf34c,115,1,69,14.37800407409668,0.2083768706390823
123,random,CNN + LSTM + Transformer,03ddd34e1891,177,1,100,17.577939987182617,0.17577939987182617
123,random,CNN + LSTM + Transformer,03f96eb1828c,115,1,69,12.831385612487793,0.18596211032591003
123,random,CNN + LSTM + Transformer,04396fb86ca3,177,1,100,22.914697647094727,0.22914697647094726
123,random,CNN + LSTM + Transformer,05b715834673,177,1,100,26.830047607421875,0.26830047607421875
123,random,CNN + LSTM + Transformer,0856aa9fe059,177,1,100,20.89812469482422,0.2089812469482422
123,random,CNN + LSTM + Transformer,0a52f8301926,170,2,206,56.953369140625,0.27647266573118934
123,random,CNN + LSTM + Transformer,0b8057b073ff,177,1,100,20.196754455566406,0.20196754455566407
123,random,CNN + LSTM + Transformer,0bb1fef9c01f,115,4,276,64.32258415222168,0.23305284113123798
123,random,CNN + LSTM + Transformer,0c44a8c62fb1,177,1,100,15.108346939086914,0.15108346939086914
123,random,CNN + LSTM + Transformer,0c71368ee153,177,1,100,22.60681915283203,0.2260681915283203
123,random,CNN + LSTM + Transformer,0ca07bdd9dc1,177,1,100,26.26814842224121,0.2626814842224121
123,random,CNN + LSTM + Transformer,0cba58ce7c27,177,1,100,20.94693946838379,0.20946939468383788
123,random,CNN + LSTM + Transformer,0d2566db2f11,177,1,100,19.233097076416016,0.19233097076416017
123,random,CNN + LSTM + Transformer,0dccb529bf3c,177,1,100,33.40582275390625,0.3340582275390625
123,random,CNN + LSTM + Transformer,102a7ca52232,177,1,100,16.158161163330078,0.1615816116333008
123,random,CNN + LSTM + Transformer,11b65b437b51,177,1,100,23.24726104736328,0.23247261047363282
123,random,CNN + LSTM + Transformer,11d527519b73,177,1,100,14.655486106872559,0.1465548610687256
123,random,CNN + LSTM + Transformer,126043caf177,177,1,100,14.071059226989746,0.14071059226989746
123,random,CNN + LSTM + Transformer,1282e0fef708,177,2,200,47.716054916381836,0.23858027458190917
123,random,CNN + LSTM + Transformer,153bfcfca279,177,1,100,20.75153350830078,0.20751533508300782
123,random,CNN + LSTM + Transformer,17063eee5f31,177,1,100,30.254444122314453,0.30254444122314456
123,random,CNN + LSTM + Transformer,1779958216e1,155,1,109,21.636150360107422,0.1984967922945635
123,random,CNN + LSTM + Transformer,188ab75824ee,177,1,100,23.581199645996094,0.23581199645996093
123,random,CNN + LSTM + Transformer,1b8d996fdde3,177,1,100,24.52318572998047,0.24523185729980468
123,random,CNN + LSTM + Transformer,1bbd9d595bb3,177,1,100,27.385282516479492,0.2738528251647949
123,random,CNN + LSTM + Transformer,1bce6ff8d38e,177,1,100,22.053367614746094,0.22053367614746094
123,random,CNN + LSTM + Transformer,1d236c0283a5,177,1,100,28.183185577392578,0.2818318557739258
123,random,CNN + LSTM + Transformer,20651db0eb9e,115,3,207,29.591294288635254,0.14295311250548431
123,random,CNN + LSTM + Transformer,20bfa9c8256a,177,1,100,13.219614028930664,0.13219614028930665
123,random,CNN + LSTM + Transformer,211f20813195,206,1,139,26.624784469604492,0.19154521201154312
123,random,CNN + LSTM + Transformer,2135475f96c8,177,1,100,19.042116165161133,0.19042116165161133
123,random,CNN + LSTM + Transformer,216f53030b5b,177,1,100,20.817249298095703,0.20817249298095702
123,random,CNN + LSTM + Transformer,21cc11c6367d,177,1,100,36.57569885253906,0.3657569885253906
123,random,CNN + LSTM + Transformer,22176c7b3507,177,1,100,21.046833038330078,0.2104683303833008
123,random,CNN + LSTM + Transformer,249946ac888e,177,1,100,21.32491683959961,0.21324916839599609
123,random,CNN + LSTM + Transformer,258a3500f365,177,1,100,23.05083465576172,0.23050834655761718
123,random,CNN + LSTM + Transformer,264bc3c810e1,177,1,100,23.242952346801758,0.23242952346801757
123,random,CNN + LSTM + Transformer,26bab970c8d9,177,1,100,24.221933364868164,0.24221933364868165
123,random,CNN + LSTM + Transformer,26ffb691d725,177,1,100,16.927736282348633,0.16927736282348632
123,random,CNN + LSTM + Transformer,27e5b80e391c,177,1,100,19.69950294494629,0.1969950294494629
123,random,CNN + LSTM + Transformer,28bc4e22ceaf,206,1,139,30.48151969909668,0.21929150862659483
123,random,CNN + LSTM + Transformer,2a6243f5396b,177,1,100,19.4758243560791,0.19475824356079102
123,random,CNN + LSTM + Transformer,2c69aa68c63a,177,1,100,24.253780364990234,0.24253780364990235
123,random,CNN + LSTM + Transformer,2d11a75bca33,177,1,100,18.105518341064453,0.18105518341064453
123,random,CNN + LSTM + Transformer,317753dcba04,177,1,100,18.033260345458984,0.18033260345458985
123,random,CNN + LSTM + Transformer,3426d40eb72e,115,2,138,26.977375030517578,0.19548822485882303
123,random,CNN + LSTM + Transformer,34721178b1ba,177,1,100,15.548904418945312,0.1554890441894531
123,random,CNN + LSTM + Transformer,396b2159ef2b,115,2,138,31.559340476989746,0.22869087302166483
123,random,CNN + LSTM + Transformer,39c5f5272926,177,1,100,25.879928588867188,0.25879928588867185
123,random,CNN + LSTM + Transformer,3a018097004f,115,2,138,27.47881031036377,0.19912181384321573
123,random,CNN + LSTM + Transformer,3ae137de3da5,177,1,100,19.591854095458984,0.19591854095458985
123,random,CNN + LSTM + Transformer,3ba1ffd28e99,177,1,100,19.365320205688477,0.19365320205688477
123,random,CNN + LSTM + Transformer,3bb2327e03aa,177,1,100,11.405320167541504,0.11405320167541504
123,random,CNN + LSTM + Transformer,3bfc68dbe99f,206,1,139,28.73863983154297,0.20675280454347458
123,random,CNN + LSTM + Transformer,3c5b3be71dfe,177,1,100,22.232786178588867,0.22232786178588868
123,random,CNN + LSTM + Transformer,3cc3a93aeaf5,177,1,100,16.6496524810791,0.16649652481079102
123,random,CNN + LSTM + Transformer,3ea4f6ed15c6,177,1,100,28.7927303314209,0.28792730331420896
123,random,CNN + LSTM + Transformer,3ee90527d6ce,177,2,200,52.0347957611084,0.260173978805542
123,random,CNN + LSTM + Transformer,3f4520ed6770,177,1,100,16.908870697021484,0.16908870697021483
123,random,CNN + LSTM + Transformer,3fc9caae73df,177,1,100,23.113523483276367,0.23113523483276366
123,random,CNN + LSTM + Transformer,4231ecf710a5,177,1,100,13.636445045471191,0.1363644504547119
123,random,CNN + LSTM + Transformer,425ef6f4891e,115,1,69,11.4163818359375,0.1654548092164855
123,random,CNN + LSTM + Transformer,42a65b088b02,177,1,100,26.412220001220703,0.26412220001220704
123,random,CNN + LSTM + Transformer,440663bb0bd5,177,1,100,21.155986785888672,0.21155986785888672
123,random,CNN + LSTM + Transformer,45467b39a208,177,1,100,17.354957580566406,0.17354957580566407
123,random,CNN + LSTM + Transformer,473f8a76ad35,177,1,100,22.32699966430664,0.2232699966430664
123,random,CNN + LSTM + Transformer,476eb0ce29e0,177,2,200,40.43465232849121,0.20217326164245605
123,random,CNN + LSTM + Transformer,489f7413540c,177,1,100,14.661173820495605,0.14661173820495604
123,random,CNN + LSTM + Transformer,49b205ce3a62,177,1,100,23.30621910095215,0.2330621910095215
123,random,CNN + LSTM + Transformer,4b4008b731a6,177,1,100,27.124046325683594,0.27124046325683593
123,random,CNN + LSTM + Transformer,4e26a5916f44,177,1,100,29.70610237121582,0.2970610237121582
123,random,CNN + LSTM + Transformer,4f4e8f84bd2f,177,1,100,15.394867897033691,0.15394867897033693
123,random,CNN + LSTM + Transformer,517d173408f3,177,1,100,31.63607406616211,0.3163607406616211
123,random,CNN + LSTM + Transformer,524465b36dd3,177,1,100,27.383201599121094,0.27383201599121093
123,random,CNN + LSTM + Transformer,52881c2d896b,177,1,100,33.562442779541016,0.33562442779541013
123,random,CNN + LSTM + Transformer,52f4e4b8024b,177,1,100,23.23546600341797,0.23235466003417968
123,random,CNN + LSTM + Transformer,5306b4aa06a1,177,1,100,21.204593658447266,0.21204593658447266
123,random,CNN + LSTM + Transformer,54a3624248c4,177,1,100,17.827999114990234,0.17827999114990234
123,random,CNN + LSTM + Transformer,562d766dbf1b,177,1,100,27.26099967956543,0.2726099967956543
123,random,CNN + LSTM + Transformer,564e6f1cbc2b,177,1,100,13.834770202636719,0.13834770202636718
123,random,CNN + LSTM + Transformer,56834490e48c,177,1,100,22.112865447998047,0.22112865447998048
123,random,CNN + LSTM + Transformer,57409e0849a9,177,1,100,18.25669288635254,0.18256692886352538
123,random,CNN + LSTM + Transformer,57b301d4b23c,177,1,100,26.126230239868164,0.26126230239868165
123,random,CNN + LSTM + Transformer,59f346f6e4a2,177,1,100,24.201143264770508,0.24201143264770508
123,random,CNN + LSTM + Transformer,59f78fe3e6e1,177,1,100,10.553071975708008,0.10553071975708007
123,random,CNN + LSTM + Transformer,5b6873b846ac,177,1,100,17.316272735595703,0.17316272735595703
123,random,CNN + LSTM + Transformer,5c4f225944a8,177,1,100,15.693531036376953,0.15693531036376954
123,random,CNN + LSTM + Transformer,5c5940a97697,177,2,200,47.087974548339844,0.23543987274169922
123,random,CNN + LSTM + Transformer,5cfcfeb6160d,177,1,100,21.432697296142578,0.21432697296142578
123,random,CNN + LSTM + Transformer,5d9fc800017d,177,1,100,15.05929946899414,0.15059299468994142
123,random,CNN + LSTM + Transformer,5ed1eb69f210,177,1,100,26.919151306152344,0.26919151306152345
123,random,CNN + LSTM + Transformer,6012e5ae3747,177,1,100,21.875839233398438,0.21875839233398436
123,random,CNN + LSTM + Transformer,617fd6231fcb,177,1,100,22.833702087402344,0.22833702087402344
123,random,CNN + LSTM + Transformer,67dc26cb8d70,206,1,139,28.85114288330078,0.20756217901655238
123,random,CNN + LSTM + Transformer,69eb3238a425,177,1,100,24.241497039794922,0.2424149703979492
123,random,CNN + LSTM + Transformer,6a6a63b61e67,177,1,100,25.245275497436523,0.25245275497436526
123,random,CNN + LSTM + Transformer,6af096752fb1,177,1,100,21.22869110107422,0.21228691101074218
123,random,CNN + LSTM + Transformer,6c58175512b8,177,1,100,23.292293548583984,0.23292293548583984
123,random,CNN + LSTM + Transformer,6e46c5cc54f6,177,2,200,41.0938720703125,0.2054693603515625
123,random,CNN + LSTM + Transformer,6e643483a2f3,170,1,103,29.108753204345703,0.28260925441112333
123,random,CNN + LSTM + Transformer,6ebc1374afb6,177,1,100,28.538253784179688,0.2853825378417969
123,random,CNN + LSTM + Transformer,6f881dadd9fa,177,2,200,34.23207473754883,0.17116037368774414
123,random,CNN + LSTM + Transformer,7063154436f8,177,1,100,16.50792694091797,0.1650792694091797
123,random,CNN + LSTM + Transformer,70eae8b92d44,177,1,100,18.544395446777344,0.18544395446777343
123,random,CNN + LSTM + Transformer,71dad9603525,177,1,100,16.757587432861328,0.1675758743286133
123,random,CNN + LSTM + Transformer,723cce6fcbf4,177,1,100,24.707481384277344,0.24707481384277344
123,random,CNN + LSTM + Transformer,74835fae3b0e,177,1,100,18.7756290435791,0.187756290435791
123,random,CNN + LSTM + Transformer,74c63b493906,177,1,100,25.541461944580078,0.2554146194458008
123,random,CNN + LSTM + Transformer,75604c2f991f,177,1,100,28.901058197021484,0.28901058197021484
123,random,CNN + LSTM + Transformer,76d2f7267390,155,1,109,19.689441680908203,0.18063707964135967
123,random,CNN + LSTM + Transformer,7742dc4ba024,177,1,100,10.227523803710938,0.10227523803710938
123,random,CNN + LSTM + Transformer,788ed02dcc78,177,1,100,17.914880752563477,0.17914880752563478
123,random,CNN + LSTM + Transformer,7af12fc1cb60,177,1,100,18.616859436035156,0.18616859436035157
123,random,CNN + LSTM + Transformer,7b700750f538,177,1,100,26.620752334594727,0.2662075233459473
123,random,CNN + LSTM + Transformer,7bde509d4583,177,1,100,19.745763778686523,0.19745763778686523
123,random,CNN + LSTM + Transformer,7c99cd421bef,177,1,100,27.370967864990234,0.27370967864990237
123,random,CNN + LSTM + Transformer,7e0dd2e9c666,177,1,100,18.958354949951172,0.18958354949951173
123,random,CNN + LSTM + Transformer,7e55d0c9079f,177,1,100,27.297332763671875,0.2729733276367188
123,random,CNN + LSTM + Transformer,7efd6906a270,177,1,100,15.880764961242676,0.15880764961242677
123,random,CNN + LSTM + Transformer,811a465ed4cc,177,1,100,21.53639793395996,0.2153639793395996
123,random,CNN + LSTM + Transformer,8719373052f3,177,1,100,17.620155334472656,0.17620155334472656
123,random,CNN + LSTM + Transformer,87ac615b65cf,177,1,100,28.885488510131836,0.28885488510131835
123,random,CNN + LSTM + Transformer,87ba6aa041c5,177,1,100,23.394180297851562,0.23394180297851563
123,random,CNN + LSTM + Transformer,89acfee2dd1e,177,1,100,34.91167449951172,0.3491167449951172
123,random,CNN + LSTM + Transformer,8bc6201ea72c,177,1,100,12.03138542175293,0.1203138542175293
123,random,CNN + LSTM + Transformer,8c64548738ce,177,1,100,19.88159942626953,0.1988159942626953
123,random,CNN + LSTM + Transformer,8ceed4d7508e,177,1,100,25.830228805541992,0.25830228805541994
123,random,CNN + LSTM + Transformer,8ddabc63b536,177,2,200,45.51772689819336,0.2275886344909668
123,random,CNN + LSTM + Transformer,8fc727a29eab,177,1,100,16.395612716674805,0.16395612716674804
123,random,CNN + LSTM + Transformer,90e9a691d5ab,177,2,200,43.0759334564209,0.2153796672821045
123,random,CNN + LSTM + Transformer,9210f821f5c4,177,1,100,19.54718017578125,0.1954718017578125
123,random,CNN + LSTM + Transformer,92f70f72c7d2,170,1,103,30.78304672241211,0.29886453128555446
123,random,CNN + LSTM + Transformer,9324ba10c598,177,1,100,12.906551361083984,0.12906551361083984
123,random,CNN + LSTM + Transformer,960dd79b67aa,177,1,100,18.046409606933594,0.18046409606933594
123,random,CNN + LSTM + Transformer,986ab29cb57b,170,1,103,29.428678512573242,0.2857153253647888
123,random,CNN + LSTM + Transformer,989362102b4a,177,1,100,21.990324020385742,0.21990324020385743
123,random,CNN + LSTM + Transformer,98f3c12df095,177,1,100,26.51883888244629,0.2651883888244629
123,random,CNN + LSTM + Transformer,9a6a4f63f2be,177,1,100,19.590354919433594,0.19590354919433595
123,random,CNN + LSTM + Transformer,9ac65806a800,177,1,100,12.536116600036621,0.1253611660003662
123,random,CNN + LSTM + Transformer,9b74b0082440,177,1,100,9.841740608215332,0.09841740608215332
123,random,CNN + LSTM + Transformer,9bc7e2a7f83a,115,2,138,26.517979621887207,0.19215927262237106
123,random,CNN + LSTM + Transformer,9c1cccf13174,177,1,100,21.039398193359375,0.21039398193359374
123,random,CNN + LSTM + Transformer,9daa955b65af,115,3,207,49.21449375152588,0.23775117754360328
123,random,CNN + LSTM + Transformer,9e0c6be6025c,177,1,100,19.712364196777344,0.19712364196777343
123,random,CNN + LSTM + Transformer,9e2580c1c3b4,177,1,100,19.304603576660156,0.19304603576660156
123,random,CNN + LSTM + Transformer,9e90976be28e,177,1,100,27.686077117919922,0.2768607711791992
123,random,CNN + LSTM + Transformer,a06d91676a20,177,2,200,40.41401672363281,0.20207008361816406
123,random,CNN + LSTM + Transformer,a09d5074d26a,177,1,100,19.631092071533203,0.19631092071533204
123,random,CNN + LSTM + Transformer,a1fefb14b835,170,1,103,22.59830093383789,0.21940097994017368
123,random,CNN + LSTM + Transformer,a3f0f0407dcd,177,1,100,13.25535774230957,0.1325535774230957
123,random,CNN + LSTM + Transformer,a61792acfbdd,177,1,100,21.07678985595703,0.21076789855957032
123,random,CNN + LSTM + Transformer,a67652b6c3e3,177,1,100,20.11475944519043,0.2011475944519043
123,random,CNN + LSTM + Transformer,a9af1572df82,177,1,100,22.440204620361328,0.2244020462036133
123,random,CNN + LSTM + Transformer,a9f8050fd561,177,1,100,22.867515563964844,0.22867515563964844
123,random,CNN + LSTM + Transformer,abe0c14c2ecf,177,1,100,23.481525421142578,0.2348152542114258
123,random,CNN + LSTM + Transformer,aeccc50aed27,177,1,100,19.082088470458984,0.19082088470458985
123,random,CNN + LSTM + Transformer,aede7f6fbd67,177,1,100,24.029563903808594,0.24029563903808593
123,random,CNN + LSTM + Transformer,b0af9222dd8f,177,2,200,42.10280227661133,0.21051401138305664
123,random,CNN + LSTM + Transformer,b0ba773e0fa3,177,1,100,24.577213287353516,0.24577213287353517
123,random,CNN + LSTM + Transformer,b1c247dbef89,177,1,100,22.174877166748047,0.22174877166748047
123,random,CNN + LSTM + Transformer,b20be06331ae,177,1,100,20.234365463256836,0.20234365463256837
123,random,CNN + LSTM + Transformer,b2eb8cb8079c,177,1,100,26.420204162597656,0.26420204162597655
123,random,CNN + LSTM + Transformer,b3b4a16c3cb0,177,1,100,22.2972412109375,0.222972412109375
123,random,CNN + LSTM + Transformer,b540f7263327,177,2,200,41.414377212524414,0.20707188606262206
123,random,CNN + LSTM + Transformer,b559c25e3d44,170,1,103,24.219804763793945,0.235143735570815
123,random,CNN + LSTM + Transformer,b649c9b489c6,177,1,100,28.8718318939209,0.28871831893920896
123,random,CNN + LSTM + Transformer,b68e1a17d498,206,1,139,30.342256546020508,0.21828961543899647
123,random,CNN + LSTM + Transformer,b7b6b49beb27,170,1,103,23.35906219482422,0.22678701160023512
123,random,CNN + LSTM + Transformer,b82d405e5cb1,177,1,100,28.82630729675293,0.2882630729675293
123,random,CNN + LSTM + Transformer,b9948beb1124,177,1,100,16.732681274414062,0.16732681274414063
123,random,CNN + LSTM + Transformer,baa8b19465ae,170,1,103,23.3487491607666,0.22668688505598641
123,random,CNN + LSTM + Transformer,bbdc7839dfbf,177,1,100,28.329191207885742,0.2832919120788574
123,random,CNN + LSTM + Transformer,bd9c43ea1b3a,177,1,100,29.01127052307129,0.29011270523071286
123,random,CNN + LSTM + Transformer,bdf89284d3e5,177,1,100,21.921859741210938,0.21921859741210936
123,random,CNN + LSTM + Transformer,be61ceb80581,177,1,100,26.921871185302734,0.26921871185302737
123,random,CNN + LSTM + Transformer,bfd6750fafea,177,2,200,39.88179397583008,0.19940896987915038
123,random,CNN + LSTM + Transformer,bfd9a4c1a093,177,1,100,24.2471923828125,0.242471923828125
123,random,CNN + LSTM + Transformer,c0083aac8de1,177,1,100,20.48070526123047,0.2048070526123047
123,random,CNN + LSTM + Transformer,c12c53d05954,177,1,100,21.519718170166016,0.21519718170166016
123,random,CNN + LSTM + Transformer,c12f92aba230,177,1,100,18.215560913085938,0.18215560913085938
123,random,CNN + LSTM + Transformer,c149705a3820,177,1,100,18.102317810058594,0.18102317810058594
123,random,CNN + LSTM + Transformer,c1a98c83235e,177,1,100,21.441547393798828,0.2144154739379883
123,random,CNN + LSTM + Transformer,c4455c321186,177,1,100,16.403404235839844,0.16403404235839844
123,random,CNN + LSTM + Transformer,c6158741f146,155,1,109,22.332603454589844,0.20488627022559489
123,random,CNN + LSTM + Transformer,c7f04ed66424,177,1,100,21.445615768432617,0.21445615768432616
123,random,CNN + LSTM + Transformer,c83e2ebca514,177,1,100,27.140491485595703,0.271404914855957
123,random,CNN + LSTM + Transformer,c8aea1ac5c55,170,2,206,60.00626754760742,0.29129256091071565
123,random,CNN + LSTM + Transformer,c8d0641e7611,177,1,100,17.068073272705078,0.17068073272705078
123,random,CNN + LSTM + Transformer,cb36b74ebf01,177,1,100,24.501956939697266,0.24501956939697267
123,random,CNN + LSTM + Transformer,cc2fc3be96b8,177,1,100,33.851654052734375,0.33851654052734376
123,random,CNN + LSTM + Transformer,cd9ee27de81f,177,1,100,25.65810775756836,0.2565810775756836
123,random,CNN + LSTM + Transformer,ce0ec321e728,177,1,100,16.066150665283203,0.16066150665283202
123,random,CNN + LSTM + Transformer,ce185849ab6d,177,1,100,24.480539321899414,0.24480539321899414
123,random,CNN + LSTM + Transformer,d07ff0df3e83,177,1,100,16.056705474853516,0.16056705474853517
123,random,CNN + LSTM + Transformer,d082ba6874b8,177,1,100,25.019832611083984,0.25019832611083986
123,random,CNN + LSTM + Transformer,d0cfa35d2874,177,1,100,17.7457218170166,0.17745721817016602
123,random,CNN + LSTM + Transformer,d198b0ed159f,177,1,100,22.81060218811035,0.22810602188110352
123,random,CNN + LSTM + Transformer,d24dec8676d7,177,1,100,17.955806732177734,0.17955806732177734
123,random,CNN + LSTM + Transformer,d3d3e6010940,177,1,100,11.635307312011719,0.11635307312011718
123,random,CNN + LSTM + Transformer,d3f107370fc7,177,1,100,22.43793487548828,0.2243793487548828
123,random,CNN + LSTM + Transformer,d6a643cf0586,177,1,100,18.796390533447266,0.18796390533447266
123,random,CNN + LSTM + Transformer,d6f26e07215a,177,1,100,27.180219650268555,0.27180219650268556
123,random,CNN + LSTM + Transformer,d70bbd49b4bc,177,1,100,22.67250633239746,0.2267250633239746
123,random,CNN + LSTM + Transformer,d9c5eca9fc2f,177,1,100,23.60587501525879,0.2360587501525879
123,random,CNN + LSTM + Transformer,da0787b57a03,177,1,100,23.595853805541992,0.23595853805541991
123,random,CNN + LSTM + Transformer,da3a82e39fbc,177,1,100,23.014196395874023,0.23014196395874023
123,random,CNN + LSTM + Transformer,db1e6650c405,177,2,200,45.32355499267578,0.2266177749633789
123,random,CNN + LSTM + Transformer,db473c1c9134,177,1,100,19.384906768798828,0.1938490676879883
123,random,CNN + LSTM + Transformer,db587e94a819,177,2,200,49.410064697265625,0.24705032348632813
123,random,CNN + LSTM + Transformer,dd84a5bb6420,170,1,103,29.5671329498291,0.28705954320222427
123,random,CNN + LSTM + Transformer,ddaba4d0f57a,177,2,200,49.34113311767578,0.24670566558837892
123,random,CNN + LSTM + Transformer,ddc7771b98ea,177,1,100,22.74932861328125,0.2274932861328125
123,random,CNN + LSTM + Transformer,e0855b3c9469,170,1,103,25.514728546142578,0.24771581112759786
123,random,CNN + LSTM + Transformer,e2566b3e73bc,177,1,100,14.870525360107422,0.14870525360107423
123,random,CNN + LSTM + Transformer,e29e108be40a,170,1,103,24.40612030029297,0.23695262427468902
123,random,CNN + LSTM + Transformer,e51742eb7a0b,177,1,100,13.763885498046875,0.13763885498046874
123,random,CNN + LSTM + Transformer,e5ae560b03ef,177,1,100,24.312580108642578,0.24312580108642579
123,random,CNN + LSTM + Transformer,e5f912daeacc,170,1,103,36.97502899169922,0.3589808639970798
123,random,CNN + LSTM + Transformer,e763248cd849,177,1,100,25.147071838378906,0.25147071838378904
123,random,CNN + LSTM + Transformer,eb86cc06ac7d,177,2,200,48.912309646606445,0.24456154823303222
123,random,CNN + LSTM + Transformer,ef76ddb4ecf8,177,1,100,25.39729118347168,0.2539729118347168
123,random,CNN + LSTM + Transformer,f0f83f90bb1e,177,1,100,18.97090721130371,0.1897090721130371
123,random,CNN + LSTM + Transformer,f1910a65a0ba,177,1,100,19.701576232910156,0.19701576232910156
123,random,CNN + LSTM + Transformer,f277d5cbe2b7,177,2,200,44.92450141906738,0.2246225070953369
123,random,CNN + LSTM + Transformer,f4928c3ca73d,177,1,100,16.569490432739258,0.1656949043273926
123,random,CNN + LSTM + Transformer,f6dcc64a0bda,170,1,103,31.876510620117188,0.3094806856322057
123,random,CNN + LSTM + Transformer,f7328a417154,177,1,100,26.627605438232422,0.2662760543823242
123,random,CNN + LSTM + Transformer,f7b83ed80d32,115,3,207,39.81348419189453,0.19233567242461128
123,random,CNN + LSTM + Transformer,f84d2adefa38,177,1,100,18.89029884338379,0.1889029884338379
123,random,CNN + LSTM + Transformer,f85727b6ee58,177,1,100,25.152414321899414,0.25152414321899413
123,random,CNN + LSTM + Transformer,f9ec3cae1256,177,1,100,16.892580032348633,0.16892580032348634
123,random,CNN + LSTM + Transformer,fa2161af97a3,170,1,103,31.54323959350586,0.30624504459714424
123,random,CNN + LSTM + Transformer,fb48c5f7a889,177,1,100,20.064682006835938,0.20064682006835938
123,random,CNN + LSTM + Transformer,fb85e858e626,177,1,100,23.930191040039062,0.23930191040039062
123,random,CNN + LSTM + Transformer,fe0b5fe3429f,115,2,138,24.729995727539062,0.17920286759086276
123,random,CNN + LSTM + Transformer,ff2176e368bd,177,1,100,27.48383903503418,0.2748383903503418
123,random,CNN + LSTM + Transformer,ff24b783265e,177,1,100,22.704296112060547,0.22704296112060546
123,random,CNN + LSTM + Transformer,ffeb117251f6,177,1,100,24.748455047607422,0.2474845504760742
123,random,CNN Only,0272ab36bc3b,115,1,69,15.662424087524414,0.2269916534423828
123,random,CNN Only,035e9e6cf34c,115,1,69,13.042123794555664,0.18901628687761832
123,random,CNN Only,03ddd34e1891,177,1,100,15.695429801940918,0.1569542980194092
123,random,CNN Only,03f96eb1828c,115,1,69,12.246511459350586,0.17748567332392154
123,random,CNN Only,04396fb86ca3,177,1,100,21.41660499572754,0.2141660499572754
123,random,CNN Only,05b715834673,177,1,100,27.41520118713379,0.27415201187133786
123,random,CNN Only,0856aa9fe059,177,1,100,19.19597053527832,0.1919597053527832
123,random,CNN Only,0a52f8301926,170,2,206,57.53951072692871,0.27931801323751804
123,random,CNN Only,0b8057b073ff,177,1,100,21.417665481567383,0.21417665481567383
123,random,CNN Only,0bb1fef9c01f,115,4,276,68.63484477996826,0.24867697384046472
123,random,CNN Only,0c44a8c62fb1,177,1,100,16.738059997558594,0.16738059997558594
123,random,CNN Only,0c71368ee153,177,1,100,21.87479019165039,0.2187479019165039
123,random,CNN Only,0ca07bdd9dc1,177,1,100,24.95507049560547,0.2495507049560547
123,random,CNN Only,0cba58ce7c27,177,1,100,23.129331588745117,0.23129331588745117
123,random,CNN Only,0d2566db2f11,177,1,100,19.74061393737793,0.1974061393737793
123,random,CNN Only,0dccb529bf3c,177,1,100,33.17395782470703,0.3317395782470703
123,random,CNN Only,102a7ca52232,177,1,100,15.035133361816406,0.15035133361816405
123,random,CNN Only,11b65b437b51,177,1,100,23.312278747558594,0.23312278747558593
123,random,CNN Only,11d527519b73,177,1,100,15.514724731445312,0.15514724731445312
123,random,CNN Only,126043caf177,177,1,100,13.80062484741211,0.1380062484741211
123,random,CNN Only,1282e0fef708,177,2,200,44.554216384887695,0.22277108192443848
123,random,CNN Only,153bfcfca279,177,1,100,22.512786865234375,0.22512786865234374
123,random,CNN Only,17063eee5f31,177,1,100,28.195175170898438,0.2819517517089844
123,random,CNN Only,1779958216e1,155,1,109,22.29026985168457,0.20449788854756487
123,random,CNN Only,188ab75824ee,177,1,100,23.756614685058594,0.23756614685058594
123,random,CNN Only,1b8d996fdde3,177,1,100,25.207767486572266,0.25207767486572263
123,random,CNN Only,1bbd9d595bb3,177,1,100,27.6428279876709,0.276428279876709
123,random,CNN Only,1bce6ff8d38e,177,1,100,21.41643714904785,0.2141643714904785
123,random,CNN Only,1d236c0283a5,177,1,100,30.194866180419922,0.3019486618041992
123,random,CNN Only,20651db0eb9e,115,3,207,35.45584774017334,0.17128428859987122
123,random,CNN Only,20bfa9c8256a,177,1,100,13.819669723510742,0.1381966972351074
123,random,CNN Only,211f20813195,206,1,139,28.67864990234375,0.20632122231901978
123,random,CNN Only,2135475f96c8,177,1,100,19.249391555786133,0.19249391555786133
123,random,CNN Only,216f53030b5b,177,1,100,18.745285034179688,0.18745285034179687
123,random,CNN Only,21cc11c6367d,177,1,100,36.56753158569336,0.3656753158569336
123,random,CNN Only,22176c7b3507,177,1,100,21.44145965576172,0.2144145965576172
123,random,CNN Only,249946ac888e,177,1,100,21.311010360717773,0.21311010360717775
123,random,CNN Only,258a3500f365,177,1,100,24.08306121826172,0.2408306121826172
123,random,CNN Only,264bc3c810e1,177,1,100,21.18987274169922,0.2118987274169922
123,random,CNN Only,26bab970c8d9,177,1,100,23.64262580871582,0.2364262580871582
123,random,CNN Only,26ffb691d725,177,1,100,16.887447357177734,0.16887447357177734
123,random,CNN Only,27e5b80e391c,177,1,100,22.286399841308594,0.22286399841308593
123,random,CNN Only,28bc4e22ceaf,206,1,139,31.325178146362305,0.2253609938587216
123,random,CNN Only,2a6243f5396b,177,1,100,17.422433853149414,0.17422433853149413
123,random,CNN Only,2c69aa68c63a,177,1,100,23.067094802856445,0.23067094802856444
123,random,CNN Only,2d11a75bca33,177,1,100,16.31021499633789,0.1631021499633789
123,random,CNN Only,317753dcba04,177,1,100,19.116016387939453,0.19116016387939452
123,random,CNN Only,3426d40eb72e,115,2,138,28.30483627319336,0.20510750922603885
123,random,CNN Only,34721178b1ba,177,1,100,16.917343139648438,0.16917343139648439
123,random,CNN Only,396b2159ef2b,115,2,138,28.1800537109375,0.20420328776041666
123,random,CNN Only,39c5f5272926,177,1,100,27.676345825195312,0.27676345825195314
123,random,CNN Only,3a018097004f,115,2,138,26.498266220092773,0.19201642188473025
123,random,CNN Only,3ae137de3da5,177,1,100,18.82139778137207,0.1882139778137207
123,random,CNN Only,3ba1ffd28e99,177,1,100,20.63064193725586,0.20630641937255859
123,random,CNN Only,3bb2327e03aa,177,1,100,10.621585845947266,0.10621585845947265
123,random,CNN Only,3bfc68dbe99f,206,1,139,25.72673797607422,0.18508444587103753
123,random,CNN Only,3c5b3be71dfe,177,1,100,20.574663162231445,0.20574663162231446
123,random,CNN Only,3cc3a93aeaf5,177,1,100,16.415660858154297,0.16415660858154296
123,random,CNN Only,3ea4f6ed15c6,177,1,100,29.45178985595703,0.29451789855957033
123,random,CNN Only,3ee90527d6ce,177,2,200,54.24209022521973,0.27121045112609865
123,random,CNN Only,3f4520ed6770,177,1,100,19.01616096496582,0.1901616096496582
123,random,CNN Only,3fc9caae73df,177,1,100,23.275371551513672,0.2327537155151367
123,random,CNN Only,4231ecf710a5,177,1,100,14.260696411132812,0.14260696411132812
123,random,CNN Only,425ef6f4891e,115,1,69,12.584003448486328,0.18237686157226562
123,random,CNN Only,42a65b088b02,177,1,100,26.391942977905273,0.26391942977905275
123,random,CNN Only,440663bb0bd5,177,1,100,19.2545166015625,0.192545166015625
123,random,CNN Only,45467b39a208,177,1,100,18.232858657836914,0.18232858657836915
123,random,CNN Only,473f8a76ad35,177,1,100,22.03944206237793,0.22039442062377929
123,random,CNN Only,476eb0ce29e0,177,2,200,43.15701675415039,0.21578508377075195
123,random,CNN Only,489f7413540c,177,1,100,17.297224044799805,0.17297224044799805
123,random,CNN Only,49b205ce3a62,177,1,100,23.49696159362793,0.2349696159362793
123,random,CNN Only,4b4008b731a6,177,1,100,26.310718536376953,0.26310718536376954
123,random,CNN Only,4e26a5916f44,177,1,100,29.33207130432129,0.2933207130432129
123,random,CNN Only,4f4e8f84bd2f,177,1,100,15.949987411499023,0.15949987411499023
123,random,CNN Only,517d173408f3,177,1,100,31.00165557861328,0.3100165557861328
123,random,CNN Only,524465b36dd3,177,1,100,26.78380012512207,0.2678380012512207
123,random,CNN Only,52881c2d896b,177,1,100,34.33285140991211,0.3433285140991211
123,random,CNN Only,52f4e4b8024b,177,1,100,24.680177688598633,0.24680177688598634
123,random,CNN Only,5306b4aa06a1,177,1,100,19.895938873291016,0.19895938873291016
123,random,CNN Only,54a3624248c4,177,1,100,18.007898330688477,0.18007898330688477
123,random,CNN Only,562d766dbf1b,177,1,100,28.767799377441406,0.28767799377441405
123,random,CNN Only,564e6f1cbc2b,177,1,100,14.793563842773438,0.14793563842773438
123,random,CNN Only,56834490e48c,177,1,100,20.427875518798828,0.20427875518798827
123,random,CNN Only,57409e0849a9,177,1,100,17.385906219482422,0.17385906219482422
123,random,CNN Only,57b301d4b23c,177,1,100,25.96880531311035,0.2596880531311035
123,random,CNN Only,59f346f6e4a2,177,1,100,24.254770278930664,0.24254770278930665
123,random,CNN Only,59f78fe3e6e1,177,1,100,13.263879776000977,0.13263879776000975
123,random,CNN Only,5b6873b846ac,177,1,100,17.74433135986328,0.1774433135986328
123,random,CNN Only,5c4f225944a8,177,1,100,14.681587219238281,0.14681587219238282
123,random,CNN Only,5c5940a97697,177,2,200,47.70723915100098,0.23853619575500487
123,random,CNN Only,5cfcfeb6160d,177,1,100,20.581480026245117,0.20581480026245116
123,random,CNN Only,5d9fc800017d,177,1,100,17.791507720947266,0.17791507720947267
123,random,CNN Only,5ed1eb69f210,177,1,100,27.37834930419922,0.2737834930419922
123,random,CNN Only,6012e5ae3747,177,1,100,21.88532829284668,0.21885328292846679
123,random,CNN Only,617fd6231fcb,177,1,100,21.288604736328125,0.21288604736328126
123,random,CNN Only,67dc26cb8d70,206,1,139,25.75350570678711,0.18527701947328856
123,random,CNN Only,69eb3238a425,177,1,100,23.096412658691406,0.23096412658691406
123,random,CNN Only,6a6a63b61e67,177,1,100,24.833003997802734,0.24833003997802736
123,random,CNN Only,6af096752fb1,177,1,100,19.1207332611084,0.191207332611084
123,random,CNN Only,6c58175512b8,177,1,100,23.01226234436035,0.2301226234436035
123,random,CNN Only,6e46c5cc54f6,177,2,200,39.743011474609375,0.19871505737304687
123,random,CNN Only,6e643483a2f3,170,1,103,28.73421859741211,0.2789729960913797
123,random,CNN Only,6ebc1374afb6,177,1,100,29.472393035888672,0.2947239303588867
123,random,CNN Only,6f881dadd9fa,177,2,200,36.19277763366699,0.18096388816833497
123,random,CNN Only,7063154436f8,177,1,100,17.206174850463867,0.17206174850463868
123,random,CNN Only,70eae8b92d44,177,1,100,19.19133758544922,0.1919133758544922
123,random,CNN Only,71dad9603525,177,1,100,17.62274169921875,0.1762274169921875
123,random,CNN Only,723cce6fcbf4,177,1,100,25.54468536376953,0.2554468536376953
123,random,CNN Only,74835fae3b0e,177,1,100,19.188173294067383,0.19188173294067382
123,random,CNN Only,74c63b493906,177,1,100,22.922460556030273,0.22922460556030275
123,random,CNN Only,75604c2f991f,177,1,100,28.17888641357422,0.28178886413574217
123,random,CNN Only,76d2f7267390,155,1,109,20.36653709411621,0.18684896416620378
123,random,CNN Only,7742dc4ba024,177,1,100,10.688146591186523,0.10688146591186523
123,random,CNN Only,788ed02dcc78,177,1,100,16.64333152770996,0.16643331527709962
123,random,CNN Only,7af12fc1cb60,177,1,100,19.193387985229492,0.19193387985229493
123,random,CNN Only,7b700750f538,177,1,100,26.459980010986328,0.2645998001098633
123,random,CNN Only,7bde509d4583,177,1,100,20.546199798583984,0.20546199798583983
123,random,CNN Only,7c99cd421bef,177,1,100,25.863880157470703,0.25863880157470703
123,random,CNN Only,7e0dd2e9c666,177,1,100,18.677268981933594,0.18677268981933592
123,random,CNN Only,7e55d0c9079f,177,1,100,26.87196922302246,0.2687196922302246
123,random,CNN Only,7efd6906a270,177,1,100,16.57007598876953,0.1657007598876953
123,random,CNN Only,811a465ed4cc,177,1,100,20.526527404785156,0.20526527404785155
123,random,CNN Only,8719373052f3,177,1,100,17.466503143310547,0.17466503143310547
123,random,CNN Only,87ac615b65cf,177,1,100,29.606136322021484,0.29606136322021487
123,random,CNN Only,87ba6aa041c5,177,1,100,23.792572021484375,0.23792572021484376
123,random,CNN Only,89acfee2dd1e,177,1,100,34.90007400512695,0.3490007400512695
123,random,CNN Only,8bc6201ea72c,177,1,100,14.357112884521484,0.14357112884521483
123,random,CNN Only,8c64548738ce,177,1,100,18.735069274902344,0.18735069274902344
123,random,CNN Only,8ceed4d7508e,177,1,100,24.97726058959961,0.2497726058959961
123,random,CNN Only,8ddabc63b536,177,2,200,47.965402603149414,0.23982701301574708
123,random,CNN Only,8fc727a29eab,177,1,100,17.290050506591797,0.17290050506591798
123,random,CNN Only,90e9a691d5ab,177,2,200,42.52306938171387,0.21261534690856934
123,random,CNN Only,9210f821f5c4,177,1,100,18.959728240966797,0.18959728240966797
123,random,CNN Only,92f70f72c7d2,170,1,103,31.18140411376953,0.30273207877446145
123,random,CNN Only,9324ba10c598,177,1,100,14.192780494689941,0.1419278049468994
123,random,CNN Only,960dd79b67aa,177,1,100,19.713817596435547,0.19713817596435546
123,random,CNN Only,986ab29cb57b,170,1,103,29.498367309570312,0.28639191562689625
123,random,CNN Only,989362102b4a,177,1,100,20.012252807617188,0.20012252807617187
123,random,CNN Only,98f3c12df095,177,1,100,26.546077728271484,0.26546077728271483
123,random,CNN Only,9a6a4f63f2be,177,1,100,19.726398468017578,0.19726398468017578
123,random,CNN Only,9ac65806a800,177,1,100,14.994972229003906,0.14994972229003906
123,random,CNN Only,9b74b0082440,177,1,100,11.302321434020996,0.11302321434020995
123,random,CNN Only,9bc7e2a7f83a,115,2,138,26.629748344421387,0.19296919090160425
123,random,CNN Only,9c1cccf13174,177,1,100,20.842376708984375,0.20842376708984375
123,random,CNN Only,9daa955b65af,115,3,207,47.57214546203613,0.22981712783592334
123,random,CNN Only,9e0c6be6025c,177,1,100,19.572856903076172,0.19572856903076172
123,random,CNN Only,9e2580c1c3b4,177,1,100,18.247314453125,0.18247314453125
123,random,CNN Only,9e90976be28e,177,1,100,27.101341247558594,0.2710134124755859
123,random,CNN Only,a06d91676a20,177,2,200,39.76387977600098,0.19881939888000488
123,random,CNN Only,a09d5074d26a,177,1,100,17.477630615234375,0.17477630615234374
123,random,CNN Only,a1fefb14b835,170,1,103,23.428380966186523,0.2274600093804517
123,random,CNN Only,a3f0f0407dcd,177,1,100,14.810689926147461,0.1481068992614746
123,random,CNN Only,a61792acfbdd,177,1,100,21.509239196777344,0.21509239196777344
123,random,CNN Only,a67652b6c3e3,177,1,100,22.224294662475586,0.22224294662475585
123,random,CNN Only,a9af1572df82,177,1,100,23.541048049926758,0.23541048049926758
123,random,CNN Only,a9f8050fd561,177,1,100,20.875642776489258,0.2087564277648926
123,random,CNN Only,abe0c14c2ecf,177,1,100,21.63632583618164,0.2163632583618164
123,random,CNN Only,aeccc50aed27,177,1,100,19.02547836303711,0.1902547836303711
123,random,CNN Only,aede7f6fbd67,177,1,100,24.270793914794922,0.24270793914794922
123,random,CNN Only,b0af9222dd8f,177,2,200,39.64800453186035,0.19824002265930177
123,random,CNN Only,b0ba773e0fa3,177,1,100,23.956512451171875,0.23956512451171874
123,random,CNN Only,b1c247dbef89,177,1,100,19.746192932128906,0.19746192932128906
123,random,CNN Only,b20be06331ae,177,1,100,18.959686279296875,0.18959686279296875
123,random,CNN Only,b2eb8cb8079c,177,1,100,26.048137664794922,0.26048137664794924
123,random,CNN Only,b3b4a16c3cb0,177,1,100,22.3236026763916,0.22323602676391602
123,random,CNN Only,b540f7263327,177,2,200,41.72911834716797,0.20864559173583985
123,random,CNN Only,b559c25e3d44,170,1,103,23.63477325439453,0.2294638180038304
123,random,CNN Only,b649c9b489c6,177,1,100,28.037059783935547,0.2803705978393555
123,random,CNN Only,b68e1a17d498,206,1,139,30.65517807006836,0.22054084942495222
123,random,CNN Only,b7b6b49beb27,170,1,103,24.584354400634766,0.23868305243334723
123,random,CNN Only,b82d405e5cb1,177,1,100,28.83476448059082,0.2883476448059082
123,random,CNN Only,b9948beb1124,177,1,100,17.712566375732422,0.17712566375732422
123,random,CNN Only,baa8b19465ae,170,1,103,23.0018367767334,0.2233188036576058
123,random,CNN Only,bbdc7839dfbf,177,1,100,27.846696853637695,0.278466968536377
123,random,CNN Only,bd9c43ea1b3a,177,1,100,29.552473068237305,0.29552473068237306
123,random,CNN Only,bdf89284d3e5,177,1,100,20.740333557128906,0.20740333557128907
123,random,CNN Only,be61ceb80581,177,1,100,28.281803131103516,0.28281803131103517
123,random,CNN Only,bfd6750fafea,177,2,200,43.52880668640137,0.21764403343200683
123,random,CNN Only,bfd9a4c1a093,177,1,100,24.23678207397461,0.24236782073974608
123,random,CNN Only,c0083aac8de1,177,1,100,18.61813735961914,0.1861813735961914
123,random,CNN Only,c12c53d05954,177,1,100,21.876644134521484,0.21876644134521483
123,random,CNN Only,c12f92aba230,177,1,100,18.4762020111084,0.18476202011108397
123,random,CNN Only,c149705a3820,177,1,100,19.899898529052734,0.19899898529052734
123,random,CNN Only,c1a98c83235e,177,1,100,19.4617977142334,0.19461797714233398
123,random,CNN Only,c4455c321186,177,1,100,15.563217163085938,0.15563217163085938
123,random,CNN Only,c6158741f146,155,1,109,22.962331771850586,0.21066359423716133
123,random,CNN Only,c7f04ed66424,177,1,100,21.076805114746094,0.21076805114746094
123,random,CNN Only,c83e2ebca514,177,1,100,26.535709381103516,0.26535709381103517
123,random,CNN Only,c8aea1ac5c55,170,2,206,60.441192626953125,0.29340384770365596
123,random,CNN Only,c8d0641e7611,177,1,100,16.358976364135742,0.1635897636413574
123,random,CNN Only,cb36b74ebf01,177,1,100,25.967937469482422,0.2596793746948242
123,random,CNN Only,cc2fc3be96b8,177,1,100,34.47344207763672,0.3447344207763672
123,random,CNN Only,cd9ee27de81f,177,1,100,26.759864807128906,0.2675986480712891
123,random,CNN Only,ce0ec321e728,177,1,100,16.92512321472168,0.1692512321472168
123,random,CNN Only,ce185849ab6d,177,1,100,23.259597778320312,0.23259597778320312
123,random,CNN Only,d07ff0df3e83,177,1,100,16.308509826660156,0.16308509826660156
123,random,CNN Only,d082ba6874b8,177,1,100,24.16794204711914,0.2416794204711914
123,random,CNN Only,d0cfa35d2874,177,1,100,17.915523529052734,0.17915523529052735
123,random,CNN Only,d198b0ed159f,177,1,100,21.932933807373047,0.21932933807373048
123,random,CNN Only,d24dec8676d7,177,1,100,17.42707633972168,0.1742707633972168
123,random,CNN Only,d3d3e6010940,177,1,100,13.17905044555664,0.1317905044555664
123,random,CNN Only,d3f107370fc7,177,1,100,21.055744171142578,0.2105574417114258
123,random,CNN Only,d6a643cf0586,177,1,100,18.557701110839844,0.18557701110839844
123,random,CNN Only,d6f26e07215a,177,1,100,25.371803283691406,0.2537180328369141
123,random,CNN Only,d70bbd49b4bc,177,1,100,22.870182037353516,0.22870182037353515
123,random,CNN Only,d9c5eca9fc2f,177,1,100,24.403762817382812,0.24403762817382812
123,random,CNN Only,da0787b57a03,177,1,100,22.219684600830078,0.22219684600830078
123,random,CNN Only,da3a82e39fbc,177,1,100,23.451614379882812,0.23451614379882812
123,random,CNN Only,db1e6650c405,177,2,200,44.33998107910156,0.22169990539550782
123,random,CNN Only,db473c1c9134,177,1,100,17.982742309570312,0.17982742309570313
123,random,CNN Only,db587e94a819,177,2,200,48.55949401855469,0.24279747009277344
123,random,CNN Only,dd84a5bb6420,170,1,103,30.069063186645508,0.2919326522975292
123,random,CNN Only,ddaba4d0f57a,177,2,200,49.37241744995117,0.24686208724975586
123,random,CNN Only,ddc7771b98ea,177,1,100,23.25585174560547,0.2325585174560547
123,random,CNN Only,e0855b3c9469,170,1,103,26.218782424926758,0.25455128567890056
123,random,CNN Only,e2566b3e73bc,177,1,100,15.482007026672363,0.15482007026672362
123,random,CNN Only,e29e108be40a,170,1,103,25.923969268798828,0.2516890220271731
123,random,CNN Only,e51742eb7a0b,177,1,100,12.681432723999023,0.12681432723999023
123,random,CNN Only,e5ae560b03ef,177,1,100,22.116897583007812,0.22116897583007813
123,random,CNN Only,e5f912daeacc,170,1,103,36.26041030883789,0.3520428185324067
123,random,CNN Only,e763248cd849,177,1,100,23.717060089111328,0.23717060089111328
123,random,CNN Only,eb86cc06ac7d,177,2,200,45.972429275512695,0.22986214637756347
123,random,CNN Only,ef76ddb4ecf8,177,1,100,25.33987808227539,0.2533987808227539
123,random,CNN Only,f0f83f90bb1e,177,1,100,19.676618576049805,0.19676618576049804
123,random,CNN Only,f1910a65a0ba,177,1,100,19.12549591064453,0.1912549591064453
123,random,CNN Only,f277d5cbe2b7,177,2,200,44.25651931762695,0.22128259658813476
123,random,CNN Only,f4928c3ca73d,177,1,100,16.490575790405273,0.16490575790405274
123,random,CNN Only,f6dcc64a0bda,170,1,103,32.545936584472656,0.3159799668395403
123,random,CNN Only,f7328a417154,177,1,100,26.45009994506836,0.2645009994506836
123,random,CNN Only,f7b83ed80d32,115,3,207,41.3262357711792,0.19964365106849855
123,random,CNN Only,f84d2adefa38,177,1,100,20.392452239990234,0.20392452239990233
123,random,CNN Only,f85727b6ee58,177,1,100,24.973834991455078,0.2497383499145508
123,random,CNN Only,f9ec3cae1256,177,1,100,18.126544952392578,0.1812654495239258
123,random,CNN Only,fa2161af97a3,170,1,103,32.83175277709961,0.31875488133106417
123,random,CNN Only,fb48c5f7a889,177,1,100,21.097225189208984,0.21097225189208985
123,random,CNN Only,fb85e858e626,177,1,100,24.333683013916016,0.24333683013916016
123,random,CNN Only,fe0b5fe3429f,115,2,138,25.322267532348633,0.1834946922633959
123,random,CNN Only,ff2176e368bd,177,1,100,27.03870391845703,0.2703870391845703
123,random,CNN Only,ff24b783265e,177,1,100,23.007904052734375,0.23007904052734374
123,random,CNN Only,ffeb117251f6,177,1,100,22.925870895385742,0.22925870895385742
123,random,Full Model (+ViennaRNA 7d),0272ab36bc3b,115,1,69,12.097695350646973,0.17532891812531845
123,random,Full Model (+ViennaRNA 7d),035e9e6cf34c,115,1,69,13.131765365600586,0.1903154400811679
123,random,Full Model (+ViennaRNA 7d),03ddd34e1891,177,1,100,9.705768585205078,0.09705768585205078
123,random,Full Model (+ViennaRNA 7d),03f96eb1828c,115,1,69,14.010773658752441,0.20305469070655713
123,random,Full Model (+ViennaRNA 7d),04396fb86ca3,177,1,100,22.465185165405273,0.22465185165405274
123,random,Full Model (+ViennaRNA 7d),05b715834673,177,1,100,19.573444366455078,0.19573444366455078
123,random,Full Model (+ViennaRNA 7d),0856aa9fe059,177,1,100,13.589332580566406,0.13589332580566407
123,random,Full Model (+ViennaRNA 7d),0a52f8301926,170,2,206,51.58579063415527,0.2504164593891033
123,random,Full Model (+ViennaRNA 7d),0b8057b073ff,177,1,100,24.06772232055664,0.2406772232055664
123,random,Full Model (+ViennaRNA 7d),0bb1fef9c01f,115,4,276,53.490793228149414,0.19380722184112106
123,random,Full Model (+ViennaRNA 7d),0c44a8c62fb1,177,1,100,13.729122161865234,0.13729122161865234
123,random,Full Model (+ViennaRNA 7d),0c71368ee153,177,1,100,22.47079086303711,0.2247079086303711
123,random,Full Model (+ViennaRNA 7d),0ca07bdd9dc1,177,1,100,18.425804138183594,0.18425804138183594
123,random,Full Model (+ViennaRNA 7d),0cba58ce7c27,177,1,100,24.656543731689453,0.24656543731689454
123,random,Full Model (+ViennaRNA 7d),0d2566db2f11,177,1,100,20.433286666870117,0.20433286666870118
123,random,Full Model (+ViennaRNA 7d),0dccb529bf3c,177,1,100,27.58394432067871,0.2758394432067871
123,random,Full Model (+ViennaRNA 7d),102a7ca52232,177,1,100,13.97264575958252,0.1397264575958252
123,random,Full Model (+ViennaRNA 7d),11b65b437b51,177,1,100,20.604045867919922,0.2060404586791992
123,random,Full Model (+ViennaRNA 7d),11d527519b73,177,1,100,15.961305618286133,0.15961305618286134
123,random,Full Model (+ViennaRNA 7d),126043caf177,177,1,100,15.534106254577637,0.15534106254577637
123,random,Full Model (+ViennaRNA 7d),1282e0fef708,177,2,200,26.592653274536133,0.13296326637268066
123,random,Full Model (+ViennaRNA 7d),153bfcfca279,177,1,100,21.13421630859375,0.2113421630859375
123,random,Full Model (+ViennaRNA 7d),17063eee5f31,177,1,100,20.59812355041504,0.2059812355041504
123,random,Full Model (+ViennaRNA 7d),1779958216e1,155,1,109,12.34363079071045,0.1132443191808298
123,random,Full Model (+ViennaRNA 7d),188ab75824ee,177,1,100,21.432758331298828,0.2143275833129883
123,random,Full Model (+ViennaRNA 7d),1b8d996fdde3,177,1,100,23.98005485534668,0.2398005485534668
123,random,Full Model (+ViennaRNA 7d),1bbd9d595bb3,177,1,100,26.01617431640625,0.2601617431640625
123,random,Full Model (+ViennaRNA 7d),1bce6ff8d38e,177,1,100,22.30841827392578,0.2230841827392578
123,random,Full Model (+ViennaRNA 7d),1d236c0283a5,177,1,100,29.58042335510254,0.29580423355102536
123,random,Full Model (+ViennaRNA 7d),20651db0eb9e,115,3,207,26.129114627838135,0.12622760689776877
123,random,Full Model (+ViennaRNA 7d),20bfa9c8256a,177,1,100,16.519760131835938,0.16519760131835937
123,random,Full Model (+ViennaRNA 7d),211f20813195,206,1,139,21.467117309570312,0.15443969287460657
123,random,Full Model (+ViennaRNA 7d),2135475f96c8,177,1,100,13.018630981445312,0.13018630981445312
123,random,Full Model (+ViennaRNA 7d),216f53030b5b,177,1,100,15.60213851928711,0.1560213851928711
123,random,Full Model (+ViennaRNA 7d),21cc11c6367d,177,1,100,40.4801025390625,0.404801025390625
123,random,Full Model (+ViennaRNA 7d),22176c7b3507,177,1,100,18.890483856201172,0.1889048385620117
123,random,Full Model (+ViennaRNA 7d),249946ac888e,177,1,100,21.287731170654297,0.21287731170654298
123,random,Full Model (+ViennaRNA 7d),258a3500f365,177,1,100,17.500276565551758,0.1750027656555176
123,random,Full Model (+ViennaRNA 7d),264bc3c810e1,177,1,100,19.150218963623047,0.19150218963623047
123,random,Full Model (+ViennaRNA 7d),26bab970c8d9,177,1,100,16.958099365234375,0.16958099365234375
123,random,Full Model (+ViennaRNA 7d),26ffb691d725,177,1,100,15.964757919311523,0.15964757919311523
123,random,Full Model (+ViennaRNA 7d),27e5b80e391c,177,1,100,20.416820526123047,0.20416820526123047
123,random,Full Model (+ViennaRNA 7d),28bc4e22ceaf,206,1,139,27.18376350402832,0.1955666439138728
123,random,Full Model (+ViennaRNA 7d),2a6243f5396b,177,1,100,11.717391967773438,0.11717391967773437
123,random,Full Model (+ViennaRNA 7d),2c69aa68c63a,177,1,100,20.432937622070312,0.20432937622070313
123,random,Full Model (+ViennaRNA 7d),2d11a75bca33,177,1,100,9.884115219116211,0.09884115219116212
123,random,Full Model (+ViennaRNA 7d),317753dcba04,177,1,100,20.491790771484375,0.20491790771484375
123,random,Full Model (+ViennaRNA 7d),3426d40eb72e,115,2,138,21.17095184326172,0.15341269451638925
123,random,Full Model (+ViennaRNA 7d),34721178b1ba,177,1,100,16.700014114379883,0.16700014114379882
123,random,Full Model (+ViennaRNA 7d),396b2159ef2b,115,2,138,22.621681213378906,0.16392522618390512
123,random,Full Model (+ViennaRNA 7d),39c5f5272926,177,1,100,24.419963836669922,0.24419963836669922
123,random,Full Model (+ViennaRNA 7d),3a018097004f,115,2,138,17.433835983276367,0.1263321448063505
123,random,Full Model (+ViennaRNA 7d),3ae137de3da5,177,1,100,19.83513832092285,0.19835138320922852
123,random,Full Model (+ViennaRNA 7d),3ba1ffd28e99,177,1,100,17.557849884033203,0.17557849884033203
123,random,Full Model (+ViennaRNA 7d),3bb2327e03aa,177,1,100,16.227434158325195,0.16227434158325196
123,random,Full Model (+ViennaRNA 7d),3bfc68dbe99f,206,1,139,23.526939392089844,0.16925855677762477
123,random,Full Model (+ViennaRNA 7d),3c5b3be71dfe,177,1,100,13.11457633972168,0.13114576339721679
123,random,Full Model (+ViennaRNA 7d),3cc3a93aeaf5,177,1,100,14.914794921875,0.14914794921875
123,random,Full Model (+ViennaRNA 7d),3ea4f6ed15c6,177,1,100,22.043624877929688,0.22043624877929688
123,random,Full Model (+ViennaRNA 7d),3ee90527d6ce,177,2,200,47.08975601196289,0.23544878005981446
123,random,Full Model (+ViennaRNA 7d),3f4520ed6770,177,1,100,19.042518615722656,0.19042518615722656
123,random,Full Model (+ViennaRNA 7d),3fc9caae73df,177,1,100,25.117380142211914,0.25117380142211915
123,random,Full Model (+ViennaRNA 7d),4231ecf710a5,177,1,100,11.52224349975586,0.11522243499755859
123,random,Full Model (+ViennaRNA 7d),425ef6f4891e,115,1,69,7.193804740905762,0.10425803972327191
123,random,Full Model (+ViennaRNA 7d),42a65b088b02,177,1,100,28.577465057373047,0.28577465057373047
123,random,Full Model (+ViennaRNA 7d),440663bb0bd5,177,1,100,13.31220817565918,0.1331220817565918
123,random,Full Model (+ViennaRNA 7d),45467b39a208,177,1,100,14.9302396774292,0.149302396774292
123,random,Full Model (+ViennaRNA 7d),473f8a76ad35,177,1,100,21.17189598083496,0.21171895980834962
123,random,Full Model (+ViennaRNA 7d),476eb0ce29e0,177,2,200,43.97977066040039,0.21989885330200196
123,random,Full Model (+ViennaRNA 7d),489f7413540c,177,1,100,14.01025676727295,0.1401025676727295
123,random,Full Model (+ViennaRNA 7d),49b205ce3a62,177,1,100,20.373516082763672,0.2037351608276367
123,random,Full Model (+ViennaRNA 7d),4b4008b731a6,177,1,100,24.23394012451172,0.2423394012451172
123,random,Full Model (+ViennaRNA 7d),4e26a5916f44,177,1,100,20.273681640625,0.20273681640625
123,random,Full Model (+ViennaRNA 7d),4f4e8f84bd2f,177,1,100,15.174236297607422,0.1517423629760742
123,random,Full Model (+ViennaRNA 7d),517d173408f3,177,1,100,27.291658401489258,0.2729165840148926
123,random,Full Model (+ViennaRNA 7d),524465b36dd3,177,1,100,22.28744888305664,0.2228744888305664
123,random,Full Model (+ViennaRNA 7d),52881c2d896b,177,1,100,30.905391693115234,0.30905391693115236
123,random,Full Model (+ViennaRNA 7d),52f4e4b8024b,177,1,100,22.827442169189453,0.22827442169189452
123,random,Full Model (+ViennaRNA 7d),5306b4aa06a1,177,1,100,16.28285026550293,0.1628285026550293
123,random,Full Model (+ViennaRNA 7d),54a3624248c4,177,1,100,11.617063522338867,0.11617063522338868
123,random,Full Model (+ViennaRNA 7d),562d766dbf1b,177,1,100,30.01633071899414,0.3001633071899414
123,random,Full Model (+ViennaRNA 7d),564e6f1cbc2b,177,1,100,12.036406517028809,0.12036406517028808
123,random,Full Model (+ViennaRNA 7d),56834490e48c,177,1,100,14.23355484008789,0.14233554840087892
123,random,Full Model (+ViennaRNA 7d),57409e0849a9,177,1,100,13.733795166015625,0.13733795166015625
123,random,Full Model (+ViennaRNA 7d),57b301d4b23c,177,1,100,18.039772033691406,0.18039772033691406
123,random,Full Model (+ViennaRNA 7d),59f346f6e4a2,177,1,100,23.05126953125,0.2305126953125
123,random,Full Model (+ViennaRNA 7d),59f78fe3e6e1,177,1,100,14.606403350830078,0.14606403350830077
123,random,Full Model (+ViennaRNA 7d),5b6873b846ac,177,1,100,11.366439819335938,0.11366439819335937
123,random,Full Model (+ViennaRNA 7d),5c4f225944a8,177,1,100,14.002382278442383,0.14002382278442382
123,random,Full Model (+ViennaRNA 7d),5c5940a97697,177,2,200,51.284019470214844,0.25642009735107424
123,random,Full Model (+ViennaRNA 7d),5cfcfeb6160d,177,1,100,16.702157974243164,0.16702157974243165
123,random,Full Model (+ViennaRNA 7d),5d9fc800017d,177,1,100,12.257739067077637,0.12257739067077637
123,random,Full Model (+ViennaRNA 7d),5ed1eb69f210,177,1,100,25.461517333984375,0.25461517333984374
123,random,Full Model (+ViennaRNA 7d),6012e5ae3747,177,1,100,20.584396362304688,0.20584396362304688
123,random,Full Model (+ViennaRNA 7d),617fd6231fcb,177,1,100,14.740701675415039,0.14740701675415038
123,random,Full Model (+ViennaRNA 7d),67dc26cb8d70,206,1,139,19.721569061279297,0.14188179180776472
123,random,Full Model (+ViennaRNA 7d),69eb3238a425,177,1,100,15.544849395751953,0.15544849395751953
123,random,Full Model (+ViennaRNA 7d),6a6a63b61e67,177,1,100,18.657474517822266,0.18657474517822265
123,random,Full Model (+ViennaRNA 7d),6af096752fb1,177,1,100,10.413073539733887,0.10413073539733887
123,random,Full Model (+ViennaRNA 7d),6c58175512b8,177,1,100,15.079842567443848,0.15079842567443846
123,random,Full Model (+ViennaRNA 7d),6e46c5cc54f6,177,2,200,31.362651824951172,0.15681325912475585
123,random,Full Model (+ViennaRNA 7d),6e643483a2f3,170,1,103,28.475065231323242,0.2764569439934295
123,random,Full Model (+ViennaRNA 7d),6ebc1374afb6,177,1,100,28.872028350830078,0.28872028350830076
123,random,Full Model (+ViennaRNA 7d),6f881dadd9fa,177,2,200,29.926986694335938,0.1496349334716797
123,random,Full Model (+ViennaRNA 7d),7063154436f8,177,1,100,17.045045852661133,0.17045045852661134
123,random,Full Model (+ViennaRNA 7d),70eae8b92d44,177,1,100,19.077600479125977,0.19077600479125978
123,random,Full Model (+ViennaRNA 7d),71dad9603525,177,1,100,18.823078155517578,0.18823078155517578
123,random,Full Model (+ViennaRNA 7d),723cce6fcbf4,177,1,100,24.80294418334961,0.2480294418334961
123,random,Full Model (+ViennaRNA 7d),74835fae3b0e,177,1,100,13.333006858825684,0.13333006858825683
123,random,Full Model (+ViennaRNA 7d),74c63b493906,177,1,100,15.408707618713379,0.1540870761871338
123,random,Full Model (+ViennaRNA 7d),75604c2f991f,177,1,100,31.208274841308594,0.3120827484130859
123,random,Full Model (+ViennaRNA 7d),76d2f7267390,155,1,109,21.586261749267578,0.19803909861713376
123,random,Full Model (+ViennaRNA 7d),7742dc4ba024,177,1,100,13.380578994750977,0.13380578994750977
123,random,Full Model (+ViennaRNA 7d),788ed02dcc78,177,1,100,9.396146774291992,0.09396146774291993
123,random,Full Model (+ViennaRNA 7d),7af12fc1cb60,177,1,100,11.711051940917969,0.11711051940917969
123,random,Full Model (+ViennaRNA 7d),7b700750f538,177,1,100,24.886516571044922,0.24886516571044923
123,random,Full Model (+ViennaRNA 7d),7bde509d4583,177,1,100,24.133317947387695,0.24133317947387695
123,random,Full Model (+ViennaRNA 7d),7c99cd421bef,177,1,100,21.586584091186523,0.21586584091186523
123,random,Full Model (+ViennaRNA 7d),7e0dd2e9c666,177,1,100,12.666727066040039,0.1266672706604004
123,random,Full Model (+ViennaRNA 7d),7e55d0c9079f,177,1,100,20.746471405029297,0.20746471405029296
123,random,Full Model (+ViennaRNA 7d),7efd6906a270,177,1,100,16.21843719482422,0.1621843719482422
123,random,Full Model (+ViennaRNA 7d),811a465ed4cc,177,1,100,13.228899002075195,0.13228899002075195
123,random,Full Model (+ViennaRNA 7d),8719373052f3,177,1,100,20.3421630859375,0.203421630859375
123,random,Full Model (+ViennaRNA 7d),87ac615b65cf,177,1,100,23.18339729309082,0.2318339729309082
123,random,Full Model (+ViennaRNA 7d),87ba6aa041c5,177,1,100,20.644805908203125,0.20644805908203126
123,random,Full Model (+ViennaRNA 7d),89acfee2dd1e,177,1,100,33.379859924316406,0.3337985992431641
123,random,Full Model (+ViennaRNA 7d),8bc6201ea72c,177,1,100,10.554404258728027,0.10554404258728027
123,random,Full Model (+ViennaRNA 7d),8c64548738ce,177,1,100,14.173337936401367,0.14173337936401367
123,random,Full Model (+ViennaRNA 7d),8ceed4d7508e,177,1,100,17.590333938598633,0.17590333938598632
123,random,Full Model (+ViennaRNA 7d),8ddabc63b536,177,2,200,51.46171951293945,0.25730859756469726
123,random,Full Model (+ViennaRNA 7d),8fc727a29eab,177,1,100,12.546375274658203,0.12546375274658203
123,random,Full Model (+ViennaRNA 7d),90e9a691d5ab,177,2,200,37.404497146606445,0.18702248573303223
123,random,Full Model (+ViennaRNA 7d),9210f821f5c4,177,1,100,19.83974838256836,0.1983974838256836
123,random,Full Model (+ViennaRNA 7d),92f70f72c7d2,170,1,103,24.94571876525879,0.24219144432290088
123,random,Full Model (+ViennaRNA 7d),9324ba10c598,177,1,100,12.017780303955078,0.12017780303955078
123,random,Full Model (+ViennaRNA 7d),960dd79b67aa,177,1,100,18.073076248168945,0.18073076248168946
123,random,Full Model (+ViennaRNA 7d),986ab29cb57b,170,1,103,29.33367919921875,0.2847930019341626
123,random,Full Model (+ViennaRNA 7d),989362102b4a,177,1,100,17.86420440673828,0.17864204406738282
123,random,Full Model (+ViennaRNA 7d),98f3c12df095,177,1,100,24.8306941986084,0.248306941986084
123,random,Full Model (+ViennaRNA 7d),9a6a4f63f2be,177,1,100,24.7218017578125,0.247218017578125
123,random,Full Model (+ViennaRNA 7d),9ac65806a800,177,1,100,12.953960418701172,0.12953960418701171
123,random,Full Model (+ViennaRNA 7d),9b74b0082440,177,1,100,10.959333419799805,0.10959333419799805
123,random,Full Model (+ViennaRNA 7d),9bc7e2a7f83a,115,2,138,22.68753433227539,0.16440242269764777
123,random,Full Model (+ViennaRNA 7d),9c1cccf13174,177,1,100,25.283573150634766,0.25283573150634764
123,random,Full Model (+ViennaRNA 7d),9daa955b65af,115,3,207,42.61777687072754,0.20588298005182387
123,random,Full Model (+ViennaRNA 7d),9e0c6be6025c,177,1,100,14.795242309570312,0.1479524230957031
123,random,Full Model (+ViennaRNA 7d),9e2580c1c3b4,177,1,100,21.84986114501953,0.2184986114501953
123,random,Full Model (+ViennaRNA 7d),9e90976be28e,177,1,100,27.749847412109375,0.27749847412109374
123,random,Full Model (+ViennaRNA 7d),a06d91676a20,177,2,200,36.256229400634766,0.18128114700317383
123,random,Full Model (+ViennaRNA 7d),a09d5074d26a,177,1,100,11.329392433166504,0.11329392433166503
123,random,Full Model (+ViennaRNA 7d),a1fefb14b835,170,1,103,22.969440460205078,0.22300427631267067
123,random,Full Model (+ViennaRNA 7d),a3f0f0407dcd,177,1,100,17.042049407958984,0.17042049407958984
123,random,Full Model (+ViennaRNA 7d),a61792acfbdd,177,1,100,19.961759567260742,0.19961759567260742
123,random,Full Model (+ViennaRNA 7d),a67652b6c3e3,177,1,100,14.572331428527832,0.14572331428527832
123,random,Full Model (+ViennaRNA 7d),a9af1572df82,177,1,100,23.02828598022461,0.23028285980224608
123,random,Full Model (+ViennaRNA 7d),a9f8050fd561,177,1,100,19.093372344970703,0.19093372344970702
123,random,Full Model (+ViennaRNA 7d),abe0c14c2ecf,177,1,100,17.032390594482422,0.17032390594482422
123,random,Full Model (+ViennaRNA 7d),aeccc50aed27,177,1,100,16.639026641845703,0.16639026641845703
123,random,Full Model (+ViennaRNA 7d),aede7f6fbd67,177,1,100,23.542295455932617,0.23542295455932616
123,random,Full Model (+ViennaRNA 7d),b0af9222dd8f,177,2,200,31.147677421569824,0.15573838710784912
123,random,Full Model (+ViennaRNA 7d),b0ba773e0fa3,177,1,100,22.766773223876953,0.22766773223876954
123,random,Full Model (+ViennaRNA 7d),b1c247dbef89,177,1,100,11.215694427490234,0.11215694427490235
123,random,Full Model (+ViennaRNA 7d),b20be06331ae,177,1,100,17.580524444580078,0.17580524444580078
123,random,Full Model (+ViennaRNA 7d),b2eb8cb8079c,177,1,100,28.79110336303711,0.28791103363037107
123,random,Full Model (+ViennaRNA 7d),b3b4a16c3cb0,177,1,100,17.479154586791992,0.17479154586791992
123,random,Full Model (+ViennaRNA 7d),b540f7263327,177,2,200,40.29825210571289,0.20149126052856445
123,random,Full Model (+ViennaRNA 7d),b559c25e3d44,170,1,103,23.05635643005371,0.22384812068013313
123,random,Full Model (+ViennaRNA 7d),b649c9b489c6,177,1,100,30.443714141845703,0.304437141418457
123,random,Full Model (+ViennaRNA 7d),b68e1a17d498,206,1,139,23.827674865722656,0.17142212133613421
123,random,Full Model (+ViennaRNA 7d),b7b6b49beb27,170,1,103,28.520198822021484,0.27689513419438333
123,random,Full Model (+ViennaRNA 7d),b82d405e5cb1,177,1,100,31.10514259338379,0.3110514259338379
123,random,Full Model (+ViennaRNA 7d),b9948beb1124,177,1,100,16.314239501953125,0.16314239501953126
123,random,Full Model (+ViennaRNA 7d),baa8b19465ae,170,1,103,23.64007568359375,0.22951529789896843
123,random,Full Model (+ViennaRNA 7d),bbdc7839dfbf,177,1,100,24.2081298828125,0.242081298828125
123,random,Full Model (+ViennaRNA 7d),bd9c43ea1b3a,177,1,100,22.19256591796875,0.2219256591796875
123,random,Full Model (+ViennaRNA 7d),bdf89284d3e5,177,1,100,10.341808319091797,0.10341808319091797
123,random,Full Model (+ViennaRNA 7d),be61ceb80581,177,1,100,32.438865661621094,0.3243886566162109
123,random,Full Model (+ViennaRNA 7d),bfd6750fafea,177,2,200,36.23208427429199,0.18116042137145996
123,random,Full Model (+ViennaRNA 7d),bfd9a4c1a093,177,1,100,17.430381774902344,0.17430381774902343
123,random,Full Model (+ViennaRNA 7d),c0083aac8de1,177,1,100,11.520936965942383,0.11520936965942383
123,random,Full Model (+ViennaRNA 7d),c12c53d05954,177,1,100,20.76653480529785,0.2076653480529785
123,random,Full Model (+ViennaRNA 7d),c12f92aba230,177,1,100,16.08868408203125,0.1608868408203125
123,random,Full Model (+ViennaRNA 7d),c149705a3820,177,1,100,22.732261657714844,0.22732261657714845
123,random,Full Model (+ViennaRNA 7d),c1a98c83235e,177,1,100,17.81015396118164,0.1781015396118164
123,random,Full Model (+ViennaRNA 7d),c4455c321186,177,1,100,15.246472358703613,0.15246472358703614
123,random,Full Model (+ViennaRNA 7d),c6158741f146,155,1,109,13.921363830566406,0.1277189342253799
123,random,Full Model (+ViennaRNA 7d),c7f04ed66424,177,1,100,21.638839721679688,0.21638839721679687
123,random,Full Model (+ViennaRNA 7d),c83e2ebca514,177,1,100,28.576923370361328,0.2857692337036133
123,random,Full Model (+ViennaRNA 7d),c8aea1ac5c55,170,2,206,50.88856887817383,0.24703188775812537
123,random,Full Model (+ViennaRNA 7d),c8d0641e7611,177,1,100,14.334748268127441,0.14334748268127442
123,random,Full Model (+ViennaRNA 7d),cb36b74ebf01,177,1,100,27.066303253173828,0.2706630325317383
123,random,Full Model (+ViennaRNA 7d),cc2fc3be96b8,177,1,100,37.63431930541992,0.3763431930541992
123,random,Full Model (+ViennaRNA 7d),cd9ee27de81f,177,1,100,21.86867332458496,0.2186867332458496
123,random,Full Model (+ViennaRNA 7d),ce0ec321e728,177,1,100,20.68729019165039,0.2068729019165039
123,random,Full Model (+ViennaRNA 7d),ce185849ab6d,177,1,100,20.32180404663086,0.2032180404663086
123,random,Full Model (+ViennaRNA 7d),d07ff0df3e83,177,1,100,12.91707992553711,0.1291707992553711
123,random,Full Model (+ViennaRNA 7d),d082ba6874b8,177,1,100,17.672828674316406,0.17672828674316407
123,random,Full Model (+ViennaRNA 7d),d0cfa35d2874,177,1,100,17.196670532226562,0.17196670532226563
123,random,Full Model (+ViennaRNA 7d),d198b0ed159f,177,1,100,18.087173461914062,0.18087173461914063
123,random,Full Model (+ViennaRNA 7d),d24dec8676d7,177,1,100,13.002864837646484,0.13002864837646486
123,random,Full Model (+ViennaRNA 7d),d3d3e6010940,177,1,100,11.71151351928711,0.11711513519287109
123,random,Full Model (+ViennaRNA 7d),d3f107370fc7,177,1,100,16.486923217773438,0.1648692321777344
123,random,Full Model (+ViennaRNA 7d),d6a643cf0586,177,1,100,12.541107177734375,0.12541107177734376
123,random,Full Model (+ViennaRNA 7d),d6f26e07215a,177,1,100,22.03293800354004,0.2203293800354004
123,random,Full Model (+ViennaRNA 7d),d70bbd49b4bc,177,1,100,24.470352172851562,0.24470352172851562
123,random,Full Model (+ViennaRNA 7d),d9c5eca9fc2f,177,1,100,25.327823638916016,0.25327823638916014
123,random,Full Model (+ViennaRNA 7d),da0787b57a03,177,1,100,16.160388946533203,0.16160388946533202
123,random,Full Model (+ViennaRNA 7d),da3a82e39fbc,177,1,100,19.26313591003418,0.1926313591003418
123,random,Full Model (+ViennaRNA 7d),db1e6650c405,177,2,200,35.44920539855957,0.17724602699279784
123,random,Full Model (+ViennaRNA 7d),db473c1c9134,177,1,100,10.073955535888672,0.10073955535888672
123,random,Full Model (+ViennaRNA 7d),db587e94a819,177,2,200,39.939754486083984,0.19969877243041992
123,random,Full Model (+ViennaRNA 7d),dd84a5bb6420,170,1,103,25.991886138916016,0.25234840911568945
123,random,Full Model (+ViennaRNA 7d),ddaba4d0f57a,177,2,200,45.70092964172363,0.22850464820861816
123,random,Full Model (+ViennaRNA 7d),ddc7771b98ea,177,1,100,15.100704193115234,0.15100704193115233
123,random,Full Model (+ViennaRNA 7d),e0855b3c9469,170,1,103,22.93195152282715,0.22264030604686552
123,random,Full Model (+ViennaRNA 7d),e2566b3e73bc,177,1,100,10.510461807250977,0.10510461807250976
123,random,Full Model (+ViennaRNA 7d),e29e108be40a,170,1,103,16.629451751708984,0.16145098788066975
123,random,Full Model (+ViennaRNA 7d),e51742eb7a0b,177,1,100,13.140249252319336,0.13140249252319336
123,random,Full Model (+ViennaRNA 7d),e5ae560b03ef,177,1,100,20.345195770263672,0.20345195770263672
123,random,Full Model (+ViennaRNA 7d),e5f912daeacc,170,1,103,37.3377799987793,0.36250271843475046
123,random,Full Model (+ViennaRNA 7d),e763248cd849,177,1,100,19.149581909179688,0.1914958190917969
123,random,Full Model (+ViennaRNA 7d),eb86cc06ac7d,177,2,200,28.861568450927734,0.14430784225463866
123,random,Full Model (+ViennaRNA 7d),ef76ddb4ecf8,177,1,100,26.7816219329834,0.26781621932983396
123,random,Full Model (+ViennaRNA 7d),f0f83f90bb1e,177,1,100,10.001039505004883,0.10001039505004883
123,random,Full Model (+ViennaRNA 7d),f1910a65a0ba,177,1,100,10.627328872680664,0.10627328872680664
123,random,Full Model (+ViennaRNA 7d),f277d5cbe2b7,177,2,200,33.60459518432617,0.16802297592163085
123,random,Full Model (+ViennaRNA 7d),f4928c3ca73d,177,1,100,17.00786781311035,0.17007867813110353
123,random,Full Model (+ViennaRNA 7d),f6dcc64a0bda,170,1,103,32.11945724487305,0.3118393907269228
123,random,Full Model (+ViennaRNA 7d),f7328a417154,177,1,100,22.038938522338867,0.22038938522338866
123,random,Full Model (+ViennaRNA 7d),f7b83ed80d32,115,3,207,38.20411491394043,0.1845609416132388
123,random,Full Model (+ViennaRNA 7d),f84d2adefa38,177,1,100,15.631683349609375,0.15631683349609374
123,random,Full Model (+ViennaRNA 7d),f85727b6ee58,177,1,100,21.109603881835938,0.21109603881835937
123,random,Full Model (+ViennaRNA 7d),f9ec3cae1256,177,1,100,19.866024017333984,0.19866024017333983
123,random,Full Model (+ViennaRNA 7d),fa2161af97a3,170,1,103,25.071086883544922,0.2434086105198536
123,random,Full Model (+ViennaRNA 7d),fb48c5f7a889,177,1,100,16.338546752929688,0.16338546752929686
123,random,Full Model (+ViennaRNA 7d),fb85e858e626,177,1,100,17.689401626586914,0.17689401626586915
123,random,Full Model (+ViennaRNA 7d),fe0b5fe3429f,115,2,138,24.65517807006836,0.17866071065266928
123,random,Full Model (+ViennaRNA 7d),ff2176e368bd,177,1,100,19.925846099853516,0.19925846099853517
123,random,Full Model (+ViennaRNA 7d),ff24b783265e,177,1,100,27.126277923583984,0.27126277923583986
123,random,Full Model (+ViennaRNA 7d),ffeb117251f6,177,1,100,21.85910987854004,0.2185910987854004
2026,grouped,CNN + Bi-LSTM,0460275d933c,177,2,200,35.12234115600586,0.1756117057800293
2026,grouped,CNN + Bi-LSTM,0532bb8b3d17,177,2,200,40.58670425415039,0.20293352127075195
2026,grouped,CNN + Bi-LSTM,06e906366872,177,2,200,43.64589309692383,0.21822946548461913
2026,grouped,CNN + Bi-LSTM,0b8057b073ff,177,1,100,20.077966690063477,0.20077966690063476
2026,grouped,CNN + Bi-LSTM,0c95a923acf5,177,1,100,21.888765335083008,0.21888765335083007
2026,grouped,CNN + Bi-LSTM,0ce9a702972c,177,2,200,38.92369842529297,0.19461849212646484
2026,grouped,CNN + Bi-LSTM,0e1a1d6242c4,170,2,206,54.793094635009766,0.2659858962864552
2026,grouped,CNN + Bi-LSTM,0fd452b752a6,177,2,200,41.295711517333984,0.20647855758666991
2026,grouped,CNN + Bi-LSTM,109795b6e4e4,177,1,100,24.97385025024414,0.2497385025024414
2026,grouped,CNN + Bi-LSTM,11ca36d1390c,177,1,100,17.690242767333984,0.17690242767333986
2026,grouped,CNN + Bi-LSTM,11d527519b73,177,2,200,41.409433364868164,0.20704716682434082
2026,grouped,CNN + Bi-LSTM,1282e0fef708,177,2,200,45.183860778808594,0.22591930389404297
2026,grouped,CNN + Bi-LSTM,133bc73bff77,177,1,100,21.745811462402344,0.21745811462402342
2026,grouped,CNN + Bi-LSTM,172099153dac,177,1,100,15.276212692260742,0.15276212692260743
2026,grouped,CNN + Bi-LSTM,1807494a3143,177,2,200,40.120840072631836,0.20060420036315918
2026,grouped,CNN + Bi-LSTM,188ab75824ee,177,2,200,42.559532165527344,0.2127976608276367
2026,grouped,CNN + Bi-LSTM,1bce6ff8d38e,177,2,200,46.12003517150879,0.23060017585754394
2026,grouped,CNN + Bi-LSTM,1c10b1cb9417,177,2,200,34.81843090057373,0.17409215450286866
2026,grouped,CNN + Bi-LSTM,211f20813195,206,2,278,49.37703514099121,0.17761523432011228
2026,grouped,CNN + Bi-LSTM,232992701729,177,1,100,25.12989616394043,0.2512989616394043
2026,grouped,CNN + Bi-LSTM,249946ac888e,177,2,200,36.0133113861084,0.180066556930542
2026,grouped,CNN + Bi-LSTM,2571bdb75e88,177,2,200,48.12482833862305,0.24062414169311525
2026,grouped,CNN + Bi-LSTM,25f2170b08a7,177,2,200,60.79106521606445,0.3039553260803223
2026,grouped,CNN + Bi-LSTM,2627630aaca8,177,2,200,36.801347732543945,0.18400673866271972
2026,grouped,CNN + Bi-LSTM,27c9e51f4122,177,2,200,36.407466888427734,0.18203733444213868
2026,grouped,CNN + Bi-LSTM,28f93b5c2972,177,2,200,33.51782989501953,0.16758914947509765
2026,grouped,CNN + Bi-LSTM,294cc1503b06,177,2,200,47.995880126953125,0.23997940063476564
2026,grouped,CNN + Bi-LSTM,2b726bf27d94,177,1,100,17.827701568603516,0.17827701568603516
2026,grouped,CNN + Bi-LSTM,2e06b23eb94a,177,1,100,26.577856063842773,0.26577856063842775
2026,grouped,CNN + Bi-LSTM,300177e4ff12,177,2,200,37.86306285858154,0.1893153142929077
2026,grouped,CNN + Bi-LSTM,302c27aa86be,177,1,100,14.264622688293457,0.14264622688293457
2026,grouped,CNN + Bi-LSTM,307c1f08e04a,177,1,100,16.625442504882812,0.16625442504882812
2026,grouped,CNN + Bi-LSTM,32a8faec67ef,177,2,200,56.40392303466797,0.28201961517333984
2026,grouped,CNN + Bi-LSTM,32e3df454dac,177,2,200,39.82868194580078,0.1991434097290039
2026,grouped,CNN + Bi-LSTM,3426d40eb72e,115,10,690,131.96906089782715,0.1912595085475756
2026,grouped,CNN + Bi-LSTM,3493a8f3518e,177,2,200,50.04132080078125,0.25020660400390626
2026,grouped,CNN + Bi-LSTM,37d1fa58af77,177,2,200,37.0070276260376,0.185035138130188
2026,grouped,CNN + Bi-LSTM,38fdd8a2fc75,177,2,200,38.55021286010742,0.19275106430053712
2026,grouped,CNN + Bi-LSTM,39949df91891,177,1,100,20.167888641357422,0.20167888641357423
2026,grouped,CNN + Bi-LSTM,39a1d74cc6b5,177,1,100,21.358997344970703,0.21358997344970704
2026,grouped,CNN + Bi-LSTM,39a91d5ff5a3,177,2,200,38.87527084350586,0.1943763542175293
2026,grouped,CNN + Bi-LSTM,39c5f5272926,177,1,100,24.206863403320312,0.2420686340332031
2026,grouped,CNN + Bi-LSTM,3a018097004f,115,10,690,123.7266616821289,0.179314002437868
2026,grouped,CNN + Bi-LSTM,3a8ebf9252ae,177,2,200,49.31203079223633,0.24656015396118164
2026,grouped,CNN + Bi-LSTM,3ae137de3da5,177,1,100,19.653514862060547,0.19653514862060548
2026,grouped,CNN + Bi-LSTM,3b3d506086c6,177,1,100,21.218547821044922,0.21218547821044922
2026,grouped,CNN + Bi-LSTM,3bfc68dbe99f,206,2,278,51.071807861328125,0.18371153906952564
2026,grouped,CNN + Bi-LSTM,3c98a2bba159,177,2,200,40.44163703918457,0.20220818519592285
2026,grouped,CNN + Bi-LSTM,3ecde0ad67f8,177,2,200,39.75024604797363,0.19875123023986815
2026,grouped,CNN + Bi-LSTM,3fc9caae73df,177,2,200,42.73144340515137,0.21365721702575682
2026,grouped,CNN + Bi-LSTM,40681a2e92fa,177,2,200,47.811676025390625,0.23905838012695313
2026,grouped,CNN + Bi-LSTM,4231ecf710a5,177,2,200,34.27184009552002,0.1713592004776001
2026,grouped,CNN + Bi-LSTM,425ef6f4891e,115,10,690,146.75338745117188,0.2126860687698143
2026,grouped,CNN + Bi-LSTM,440663bb0bd5,177,2,200,50.28323936462402,0.2514161968231201
2026,grouped,CNN + Bi-LSTM,4718c54ded63,177,1,100,22.059396743774414,0.22059396743774415
2026,grouped,CNN + Bi-LSTM,4eb42f96ee6e,177,2,200,39.529319763183594,0.19764659881591798
2026,grouped,CNN + Bi-LSTM,4f4e8f84bd2f,177,2,200,33.04266929626465,0.16521334648132324
2026,grouped,CNN + Bi-LSTM,502ae29f8d55,177,2,200,42.24143409729004,0.21120717048645019
2026,grouped,CNN + Bi-LSTM,504108aa0aab,177,1,100,20.95700454711914,0.2095700454711914
2026,grouped,CNN + Bi-LSTM,51eb05be889c,177,2,200,44.23125076293945,0.22115625381469728
2026,grouped,CNN + Bi-LSTM,5275a583d478,177,2,200,42.28927040100098,0.2114463520050049
2026,grouped,CNN + Bi-LSTM,52f6d479762b,177,1,100,19.399354934692383,0.19399354934692384
2026,grouped,CNN + Bi-LSTM,53071cbd27d5,177,2,200,36.61763000488281,0.18308815002441406
2026,grouped,CNN + Bi-LSTM,5382aa6b3a3e,170,2,206,60.62580490112305,0.29430002379185943
2026,grouped,CNN + Bi-LSTM,53a8ea1572fc,177,2,200,37.61696434020996,0.18808482170104981
2026,grouped,CNN + Bi-LSTM,56340500f232,177,1,100,16.863754272460938,0.16863754272460937
2026,grouped,CNN + Bi-LSTM,59014dbb36e4,177,2,200,38.20748710632324,0.1910374355316162
2026,grouped,CNN + Bi-LSTM,59f346f6e4a2,177,2,200,55.54243278503418,0.2777121639251709
2026,grouped,CNN + Bi-LSTM,5ad59819262c,177,2,200,42.3377742767334,0.211688871383667
2026,grouped,CNN + Bi-LSTM,5b9e6e6afede,177,1,100,21.763317108154297,0.21763317108154298
2026,grouped,CNN + Bi-LSTM,5db27aa280ac,177,2,200,40.598440170288086,0.20299220085144043
2026,grouped,CNN + Bi-LSTM,5f84020d7a3d,170,2,206,52.20449256896973,0.2534198668396589
2026,grouped,CNN + Bi-LSTM,60cf0b17559a,177,1,100,18.8753662109375,0.188753662109375
2026,grouped,CNN + Bi-LSTM,60d5e94ba99e,177,2,200,38.66487121582031,0.19332435607910156
2026,grouped,CNN + Bi-LSTM,6177e1b4d62d,177,1,100,21.572568893432617,0.21572568893432617
2026,grouped,CNN + Bi-LSTM,63db43af120f,177,2,200,46.705331802368164,0.23352665901184083
2026,grouped,CNN + Bi-LSTM,67f68a7217b3,177,2,200,45.80686378479004,0.2290343189239502
2026,grouped,CNN + Bi-LSTM,68861f9982ec,177,1,100,15.889541625976562,0.15889541625976564
2026,grouped,CNN + Bi-LSTM,6bef2e6199c5,177,1,100,25.65127182006836,0.2565127182006836
2026,grouped,CNN + Bi-LSTM,6e0e8fab5c50,177,2,200,33.69017314910889,0.16845086574554444
2026,grouped,CNN + Bi-LSTM,6e643483a2f3,170,2,206,61.93382263183594,0.30064962442638804
2026,grouped,CNN + Bi-LSTM,7079a1a65bd7,177,1,100,14.269598007202148,0.14269598007202147
2026,grouped,CNN + Bi-LSTM,72d6523439bc,177,2,200,37.58202362060547,0.18791011810302735
2026,grouped,CNN + Bi-LSTM,7340051cbcda,177,2,200,38.90922164916992,0.1945461082458496
2026,grouped,CNN + Bi-LSTM,76d2f7267390,155,6,654,139.5476417541504,0.21337559901246236
2026,grouped,CNN + Bi-LSTM,7e0dd2e9c666,177,1,100,17.13494110107422,0.1713494110107422
2026,grouped,CNN + Bi-LSTM,7efd6906a270,177,2,200,38.52376174926758,0.19261880874633788
2026,grouped,CNN + Bi-LSTM,840b8ecaba46,206,2,278,46.397512435913086,0.1668975267478888
2026,grouped,CNN + Bi-LSTM,88a6e9e3dabc,177,2,200,49.971975326538086,0.24985987663269044
2026,grouped,CNN + Bi-LSTM,8951cda616ab,177,1,100,17.835763931274414,0.17835763931274415
2026,grouped,CNN + Bi-LSTM,89a967dc8f73,177,1,100,20.130203247070312,0.20130203247070313
2026,grouped,CNN + Bi-LSTM,89acfee2dd1e,177,2,200,58.134578704833984,0.2906728935241699
2026,grouped,CNN + Bi-LSTM,8c64548738ce,177,1,100,17.966129302978516,0.17966129302978515
2026,grouped,CNN + Bi-LSTM,8da9117f426e,177,2,200,36.532328605651855,0.18266164302825927
2026,grouped,CNN + Bi-LSTM,8f2436c25cff,170,2,206,44.41812515258789,0.2156219667601354
2026,grouped,CNN + Bi-LSTM,9210f821f5c4,177,1,100,18.8205509185791,0.18820550918579101
2026,grouped,CNN + Bi-LSTM,9432b1eec9a5,177,2,200,42.04936218261719,0.21024681091308595
2026,grouped,CNN + Bi-LSTM,97fb190455b5,177,2,200,36.99109935760498,0.1849554967880249
2026,grouped,CNN + Bi-LSTM,986ab29cb57b,170,1,103,28.950233459472656,0.28107022776187046
2026,grouped,CNN + Bi-LSTM,9c05cb47f7ab,170,2,206,70.81962966918945,0.343784610044609
2026,grouped,CNN + Bi-LSTM,9c602f0a779c,177,2,200,35.56191062927246,0.1778095531463623
2026,grouped,CNN + Bi-LSTM,9ea798b5d78f,177,2,200,38.9294319152832,0.194647159576416
2026,grouped,CNN + Bi-LSTM,a0382b293f90,177,2,200,46.267112731933594,0.23133556365966798
2026,grouped,CNN + Bi-LSTM,a1fefb14b835,170,2,206,45.47542953491211,0.22075451230539858
2026,grouped,CNN + Bi-LSTM,a8718d937714,177,1,100,15.8306245803833,0.158306245803833
2026,grouped,CNN + Bi-LSTM,a8904a2b0a79,177,2,200,49.368024826049805,0.24684012413024903
2026,grouped,CNN + Bi-LSTM,a9067a423e49,177,1,100,20.301084518432617,0.20301084518432616
2026,grouped,CNN + Bi-LSTM,aab65b775f42,177,1,100,17.05419158935547,0.1705419158935547
2026,grouped,CNN + Bi-LSTM,b158cf6abf2a,177,1,100,22.823936462402344,0.22823936462402344
2026,grouped,CNN + Bi-LSTM,b3065f9235b4,177,2,200,43.04989242553711,0.21524946212768556
2026,grouped,CNN + Bi-LSTM,b49321bfc357,177,1,100,21.997119903564453,0.21997119903564452
2026,grouped,CNN + Bi-LSTM,b540f7263327,177,2,200,40.49802207946777,0.20249011039733886
2026,grouped,CNN + Bi-LSTM,b63caaba4317,177,2,200,38.32247352600098,0.1916123676300049
2026,grouped,CNN + Bi-LSTM,b63eff82a632,177,2,200,44.34777069091797,0.22173885345458985
2026,grouped,CNN + Bi-LSTM,b649c9b489c6,177,2,200,48.77350044250488,0.2438675022125244
2026,grouped,CNN + Bi-LSTM,b6bb255225d7,177,1,100,20.2170467376709,0.202170467376709
2026,grouped,CNN + Bi-LSTM,b7cc1c81e6ca,177,2,200,36.281864166259766,0.18140932083129882
2026,grouped,CNN + Bi-LSTM,b82d405e5cb1,177,2,200,51.103424072265625,0.2555171203613281
2026,grouped,CNN + Bi-LSTM,b9948beb1124,177,2,200,46.285762786865234,0.23142881393432618
2026,grouped,CNN + Bi-LSTM,bb6f403d0436,177,1,100,27.369342803955078,0.27369342803955077
2026,grouped,CNN + Bi-LSTM,c3e8658ea020,177,2,200,49.727272033691406,0.24863636016845703
2026,grouped,CNN + Bi-LSTM,c48267a1ea4e,177,1,100,32.54737091064453,0.3254737091064453
2026,grouped,CNN + Bi-LSTM,c79905006a4e,177,2,200,44.68229293823242,0.2234114646911621
2026,grouped,CNN + Bi-LSTM,c841ec642a01,177,2,200,46.87260818481445,0.23436304092407226
2026,grouped,CNN + Bi-LSTM,c8d0641e7611,177,2,200,42.195072174072266,0.21097536087036134
2026,grouped,CNN + Bi-LSTM,c9cb6651e60f,177,2,200,39.70630073547363,0.19853150367736816
2026,grouped,CNN + Bi-LSTM,cb747c3303c3,177,2,200,45.115915298461914,0.22557957649230956
2026,grouped,CNN + Bi-LSTM,cba9187ab09f,177,2,200,47.74102210998535,0.23870511054992677
2026,grouped,CNN + Bi-LSTM,cc85c5cf1b74,177,2,200,50.31916046142578,0.2515958023071289
2026,grouped,CNN + Bi-LSTM,ce185849ab6d,177,2,200,37.35843372344971,0.18679216861724854
2026,grouped,CNN + Bi-LSTM,cfe3fcb92e4d,177,2,200,55.9094181060791,0.2795470905303955
2026,grouped,CNN + Bi-LSTM,d22c898564c6,170,1,103,28.018817901611328,0.2720273582680712
2026,grouped,CNN + Bi-LSTM,d22eb18e379f,177,2,200,46.71887397766113,0.23359436988830568
2026,grouped,CNN + Bi-LSTM,d3d3e6010940,177,2,200,34.74736309051514,0.1737368154525757
2026,grouped,CNN + Bi-LSTM,d6f26e07215a,177,2,200,46.56871032714844,0.2328435516357422
2026,grouped,CNN + Bi-LSTM,da0787b57a03,177,2,200,46.33642578125,0.23168212890625
2026,grouped,CNN + Bi-LSTM,de9e9e1af25b,177,2,200,36.38584899902344,0.1819292449951172
2026,grouped,CNN + Bi-LSTM,e0d54913863d,170,2,206,69.30805969238281,0.33644689171059616
2026,grouped,CNN + Bi-LSTM,e978f48c92fc,177,1,100,19.652446746826172,0.19652446746826172
2026,grouped,CNN + Bi-LSTM,ea81b8aea9e8,177,2,200,31.732553482055664,0.15866276741027832
2026,grouped,CNN + Bi-LSTM,ea89cb3d1265,177,1,100,19.195785522460938,0.19195785522460937
2026,grouped,CNN + Bi-LSTM,f0f83f90bb1e,177,2,200,37.6435604095459,0.1882178020477295
2026,grouped,CNN + Bi-LSTM,f2ff2459e5b7,177,1,100,24.761083602905273,0.24761083602905273
2026,grouped,CNN + Bi-LSTM,f3992e0cf1d1,177,2,200,51.56569480895996,0.2578284740447998
2026,grouped,CNN + Bi-LSTM,f6dcc64a0bda,170,2,206,58.923147201538086,0.2860346951530975
2026,grouped,CNN + Bi-LSTM,f81e4c5d3777,177,1,100,36.09193420410156,0.3609193420410156
2026,grouped,CNN + Bi-LSTM,fd7d48522776,177,2,200,48.69008445739746,0.2434504222869873
2026,grouped,CNN + Bi-LSTM,fe0b5fe3429f,115,10,690,152.89245223999023,0.22158326411592788
2026,grouped,CNN + Bi-LSTM,fe2c32fa6924,177,2,200,43.514291763305664,0.2175714588165283
2026,grouped,CNN + Bi-LSTM,ff66ac014bd3,177,1,100,22.97586441040039,0.2297586441040039
2026,grouped,CNN + LSTM + Transformer,0460275d933c,177,2,200,36.881866455078125,0.18440933227539064
2026,grouped,CNN + LSTM + Transformer,0532bb8b3d17,177,2,200,47.43376541137695,0.23716882705688477
2026,grouped,CNN + LSTM + Transformer,06e906366872,177,2,200,48.261260986328125,0.24130630493164062
2026,grouped,CNN + LSTM + Transformer,0b8057b073ff,177,1,100,20.11253547668457,0.2011253547668457
2026,grouped,CNN + LSTM + Transformer,0c95a923acf5,177,1,100,22.214067459106445,0.22214067459106446
2026,grouped,CNN + LSTM + Transformer,0ce9a702972c,177,2,200,40.12272644042969,0.20061363220214845
2026,grouped,CNN + LSTM + Transformer,0e1a1d6242c4,170,2,206,55.75572204589844,0.2706588448830021
2026,grouped,CNN + LSTM + Transformer,0fd452b752a6,177,2,200,41.43058776855469,0.20715293884277344
2026,grouped,CNN + LSTM + Transformer,109795b6e4e4,177,1,100,27.065479278564453,0.2706547927856445
2026,grouped,CNN + LSTM + Transformer,11ca36d1390c,177,1,100,16.98252296447754,0.1698252296447754
2026,grouped,CNN + LSTM + Transformer,11d527519b73,177,2,200,42.745548248291016,0.21372774124145508
2026,grouped,CNN + LSTM + Transformer,1282e0fef708,177,2,200,48.05679893493652,0.24028399467468262
2026,grouped,CNN + LSTM + Transformer,133bc73bff77,177,1,100,21.96039581298828,0.21960395812988281
2026,grouped,CNN + LSTM + Transformer,172099153dac,177,1,100,15.871923446655273,0.15871923446655273
2026,grouped,CNN + LSTM + Transformer,1807494a3143,177,2,200,37.776145935058594,0.18888072967529296
2026,grouped,CNN + LSTM + Transformer,188ab75824ee,177,2,200,42.045034408569336,0.2102251720428467
2026,grouped,CNN + LSTM + Transformer,1bce6ff8d38e,177,2,200,45.75600242614746,0.22878001213073731
2026,grouped,CNN + LSTM + Transformer,1c10b1cb9417,177,2,200,43.029584884643555,0.21514792442321778
2026,grouped,CNN + LSTM + Transformer,211f20813195,206,2,278,59.39361381530762,0.21364609286081876
2026,grouped,CNN + LSTM + Transformer,232992701729,177,1,100,26.20803451538086,0.26208034515380857
2026,grouped,CNN + LSTM + Transformer,249946ac888e,177,2,200,39.72304916381836,0.1986152458190918
2026,grouped,CNN + LSTM + Transformer,2571bdb75e88,177,2,200,48.78934097290039,0.24394670486450196
2026,grouped,CNN + LSTM + Transformer,25f2170b08a7,177,2,200,61.61497116088867,0.3080748558044434
2026,grouped,CNN + LSTM + Transformer,2627630aaca8,177,2,200,37.6614875793457,0.18830743789672852
2026,grouped,CNN + LSTM + Transformer,27c9e51f4122,177,2,200,37.7030668258667,0.1885153341293335
2026,grouped,CNN + LSTM + Transformer,28f93b5c2972,177,2,200,40.191471099853516,0.20095735549926758
2026,grouped,CNN + LSTM + Transformer,294cc1503b06,177,2,200,47.03107833862305,0.23515539169311522
2026,grouped,CNN + LSTM + Transformer,2b726bf27d94,177,1,100,18.468753814697266,0.18468753814697267
2026,grouped,CNN + LSTM + Transformer,2e06b23eb94a,177,1,100,26.093225479125977,0.26093225479125975
2026,grouped,CNN + LSTM + Transformer,300177e4ff12,177,2,200,37.769775390625,0.188848876953125
2026,grouped,CNN + LSTM + Transformer,302c27aa86be,177,1,100,15.212417602539062,0.15212417602539063
2026,grouped,CNN + LSTM + Transformer,307c1f08e04a,177,1,100,16.55557632446289,0.1655557632446289
2026,grouped,CNN + LSTM + Transformer,32a8faec67ef,177,2,200,54.06855010986328,0.2703427505493164
2026,grouped,CNN + LSTM + Transformer,32e3df454dac,177,2,200,44.80990409851074,0.22404952049255372
2026,grouped,CNN + LSTM + Transformer,3426d40eb72e,115,10,690,149.13704204559326,0.21614064064578734
2026,grouped,CNN + LSTM + Transformer,3493a8f3518e,177,2,200,51.73404121398926,0.2586702060699463
2026,grouped,CNN + LSTM + Transformer,37d1fa58af77,177,2,200,34.96331787109375,0.17481658935546876
2026,grouped,CNN + LSTM + Transformer,38fdd8a2fc75,177,2,200,43.663936614990234,0.21831968307495117
2026,grouped,CNN + LSTM + Transformer,39949df91891,177,1,100,20.179689407348633,0.20179689407348633
2026,grouped,CNN + LSTM + Transformer,39a1d74cc6b5,177,1,100,21.946142196655273,0.21946142196655274
2026,grouped,CNN + LSTM + Transformer,39a91d5ff5a3,177,2,200,43.31884574890137,0.21659422874450684
2026,grouped,CNN + LSTM + Transformer,39c5f5272926,177,1,100,25.029159545898438,0.2502915954589844
2026,grouped,CNN + LSTM + Transformer,3a018097004f,115,10,690,137.11183261871338,0.19871280089668605
2026,grouped,CNN + LSTM + Transformer,3a8ebf9252ae,177,2,200,50.91640281677246,0.25458201408386233
2026,grouped,CNN + LSTM + Transformer,3ae137de3da5,177,1,100,19.72344207763672,0.1972344207763672
2026,grouped,CNN + LSTM + Transformer,3b3d506086c6,177,1,100,21.5810546875,0.215810546875
2026,grouped,CNN + LSTM + Transformer,3bfc68dbe99f,206,2,278,60.99555206298828,0.21940846065823122
2026,grouped,CNN + LSTM + Transformer,3c98a2bba159,177,2,200,40.86494445800781,0.20432472229003906
2026,grouped,CNN + LSTM + Transformer,3ecde0ad67f8,177,2,200,40.822221755981445,0.20411110877990724
2026,grouped,CNN + LSTM + Transformer,3fc9caae73df,177,2,200,42.23641014099121,0.21118205070495605
2026,grouped,CNN + LSTM + Transformer,40681a2e92fa,177,2,200,50.163429260253906,0.25081714630126956
2026,grouped,CNN + LSTM + Transformer,4231ecf710a5,177,2,200,34.99124622344971,0.17495623111724853
2026,grouped,CNN + LSTM + Transformer,425ef6f4891e,115,10,690,161.11278629302979,0.23349679172902868
2026,grouped,CNN + LSTM + Transformer,440663bb0bd5,177,2,200,50.534488677978516,0.2526724433898926
2026,grouped,CNN + LSTM + Transformer,4718c54ded63,177,1,100,24.268577575683594,0.24268577575683595
2026,grouped,CNN + LSTM + Transformer,4eb42f96ee6e,177,2,200,40.261173248291016,0.20130586624145508
2026,grouped,CNN + LSTM + Transformer,4f4e8f84bd2f,177,2,200,36.01987648010254,0.1800993824005127
2026,grouped,CNN + LSTM + Transformer,502ae29f8d55,177,2,200,41.20965385437012,0.20604826927185058
2026,grouped,CNN + LSTM + Transformer,504108aa0aab,177,1,100,23.358322143554688,0.23358322143554688
2026,grouped,CNN + LSTM + Transformer,51eb05be889c,177,2,200,42.60659217834473,0.21303296089172363
2026,grouped,CNN + LSTM + Transformer,5275a583d478,177,2,200,42.34312438964844,0.2117156219482422
2026,grouped,CNN + LSTM + Transformer,52f6d479762b,177,1,100,19.229930877685547,0.19229930877685547
2026,grouped,CNN + LSTM + Transformer,53071cbd27d5,177,2,200,42.58059501647949,0.21290297508239747
2026,grouped,CNN + LSTM + Transformer,5382aa6b3a3e,170,2,206,61.81830596923828,0.30008886392834117
2026,grouped,CNN + LSTM + Transformer,53a8ea1572fc,177,2,200,43.69709014892578,0.2184854507446289
2026,grouped,CNN + LSTM + Transformer,56340500f232,177,1,100,19.809659957885742,0.19809659957885742
2026,grouped,CNN + LSTM + Transformer,59014dbb36e4,177,2,200,42.99898910522461,0.21499494552612305
2026,grouped,CNN + LSTM + Transformer,59f346f6e4a2,177,2,200,56.869625091552734,0.28434812545776367
2026,grouped,CNN + LSTM + Transformer,5ad59819262c,177,2,200,48.092262268066406,0.24046131134033202
2026,grouped,CNN + LSTM + Transformer,5b9e6e6afede,177,1,100,25.39288902282715,0.2539288902282715
2026,grouped,CNN + LSTM + Transformer,5db27aa280ac,177,2,200,41.20410919189453,0.20602054595947267
2026,grouped,CNN + LSTM + Transformer,5f84020d7a3d,170,2,206,53.17838096618652,0.2581474804183812
2026,grouped,CNN + LSTM + Transformer,60cf0b17559a,177,1,100,18.34398651123047,0.1834398651123047
2026,grouped,CNN + LSTM + Transformer,60d5e94ba99e,177,2,200,40.01786422729492,0.2000893211364746
2026,grouped,CNN + LSTM + Transformer,6177e1b4d62d,177,1,100,22.193601608276367,0.22193601608276367
2026,grouped,CNN + LSTM + Transformer,63db43af120f,177,2,200,49.10024833679199,0.24550124168395995
2026,grouped,CNN + LSTM + Transformer,67f68a7217b3,177,2,200,45.002973556518555,0.22501486778259278
2026,grouped,CNN + LSTM + Transformer,68861f9982ec,177,1,100,15.573760986328125,0.15573760986328125
2026,grouped,CNN + LSTM + Transformer,6bef2e6199c5,177,1,100,25.23246192932129,0.25232461929321287
2026,grouped,CNN + LSTM + Transformer,6e0e8fab5c50,177,2,200,35.922964096069336,0.1796148204803467
2026,grouped,CNN + LSTM + Transformer,6e643483a2f3,170,2,206,67.03275299072266,0.3254017135471974
2026,grouped,CNN + LSTM + Transformer,7079a1a65bd7,177,1,100,13.720850944519043,0.13720850944519042
2026,grouped,CNN + LSTM + Transformer,72d6523439bc,177,2,200,37.9735746383667,0.18986787319183349
2026,grouped,CNN + LSTM + Transformer,7340051cbcda,177,2,200,43.08816146850586,0.2154408073425293
2026,grouped,CNN + LSTM + Transformer,76d2f7267390,155,6,654,137.7336826324463,0.21060196121169159
2026,grouped,CNN + LSTM + Transformer,7e0dd2e9c666,177,1,100,19.351285934448242,0.19351285934448242
2026,grouped,CNN + LSTM + Transformer,7efd6906a270,177,2,200,39.34181022644043,0.19670905113220216
2026,grouped,CNN + LSTM + Transformer,840b8ecaba46,206,2,278,57.76637077331543,0.2077927006234368
2026,grouped,CNN + LSTM + Transformer,88a6e9e3dabc,177,2,200,51.04415321350098,0.2552207660675049
2026,grouped,CNN + LSTM + Transformer,8951cda616ab,177,1,100,19.892379760742188,0.19892379760742188
2026,grouped,CNN + LSTM + Transformer,89a967dc8f73,177,1,100,22.36593246459961,0.22365932464599608
2026,grouped,CNN + LSTM + Transformer,89acfee2dd1e,177,2,200,58.36079216003418,0.2918039608001709
2026,grouped,CNN + LSTM + Transformer,8c64548738ce,177,1,100,19.87409782409668,0.1987409782409668
2026,grouped,CNN + LSTM + Transformer,8da9117f426e,177,2,200,36.85341835021973,0.18426709175109862
2026,grouped,CNN + LSTM + Transformer,8f2436c25cff,170,2,206,45.98662567138672,0.2232360469484792
2026,grouped,CNN + LSTM + Transformer,9210f821f5c4,177,1,100,19.2320499420166,0.19232049942016602
2026,grouped,CNN + LSTM + Transformer,9432b1eec9a5,177,2,200,45.5335807800293,0.2276679039001465
2026,grouped,CNN + LSTM + Transformer,97fb190455b5,177,2,200,37.42305374145508,0.18711526870727538
2026,grouped,CNN + LSTM + Transformer,986ab29cb57b,170,1,103,29.90448760986328,0.29033483116372116
2026,grouped,CNN + LSTM + Transformer,9c05cb47f7ab,170,2,206,71.06428527832031,0.3449722586326229
2026,grouped,CNN + LSTM + Transformer,9c602f0a779c,177,2,200,42.859642028808594,0.21429821014404296
2026,grouped,CNN + LSTM + Transformer,9ea798b5d78f,177,2,200,45.03658866882324,0.2251829433441162
2026,grouped,CNN + LSTM + Transformer,a0382b293f90,177,2,200,48.95012664794922,0.2447506332397461
2026,grouped,CNN + LSTM + Transformer,a1fefb14b835,170,2,206,45.72950744628906,0.2219879002247042
2026,grouped,CNN + LSTM + Transformer,a8718d937714,177,1,100,15.893503189086914,0.15893503189086913
2026,grouped,CNN + LSTM + Transformer,a8904a2b0a79,177,2,200,51.244558334350586,0.25622279167175294
2026,grouped,CNN + LSTM + Transformer,a9067a423e49,177,1,100,23.608102798461914,0.23608102798461914
2026,grouped,CNN + LSTM + Transformer,aab65b775f42,177,1,100,16.60476303100586,0.1660476303100586
2026,grouped,CNN + LSTM + Transformer,b158cf6abf2a,177,1,100,24.259733200073242,0.2425973320007324
2026,grouped,CNN + LSTM + Transformer,b3065f9235b4,177,2,200,43.58561706542969,0.21792808532714844
2026,grouped,CNN + LSTM + Transformer,b49321bfc357,177,1,100,21.78624725341797,0.21786247253417967
2026,grouped,CNN + LSTM + Transformer,b540f7263327,177,2,200,41.116716384887695,0.20558358192443849
2026,grouped,CNN + LSTM + Transformer,b63caaba4317,177,2,200,45.244279861450195,0.22622139930725096
2026,grouped,CNN + LSTM + Transformer,b63eff82a632,177,2,200,48.06280326843262,0.2403140163421631
2026,grouped,CNN + LSTM + Transformer,b649c9b489c6,177,2,200,49.16413497924805,0.24582067489624024
2026,grouped,CNN + LSTM + Transformer,b6bb255225d7,177,1,100,20.626558303833008,0.2062655830383301
2026,grouped,CNN + LSTM + Transformer,b7cc1c81e6ca,177,2,200,37.90345859527588,0.1895172929763794
2026,grouped,CNN + LSTM + Transformer,b82d405e5cb1,177,2,200,51.45184516906738,0.2572592258453369
2026,grouped,CNN + LSTM + Transformer,b9948beb1124,177,2,200,44.228851318359375,0.22114425659179687
2026,grouped,CNN + LSTM + Transformer,bb6f403d0436,177,1,100,30.68671417236328,0.30686714172363283
2026,grouped,CNN + LSTM + Transformer,c3e8658ea020,177,2,200,47.038198471069336,0.23519099235534668
2026,grouped,CNN + LSTM + Transformer,c48267a1ea4e,177,1,100,34.22119903564453,0.34221199035644534
2026,grouped,CNN + LSTM + Transformer,c79905006a4e,177,2,200,44.160348892211914,0.22080174446105957
2026,grouped,CNN + LSTM + Transformer,c841ec642a01,177,2,200,48.56766128540039,0.24283830642700197
2026,grouped,CNN + LSTM + Transformer,c8d0641e7611,177,2,200,46.31368637084961,0.23156843185424805
2026,grouped,CNN + LSTM + Transformer,c9cb6651e60f,177,2,200,40.57317924499512,0.20286589622497558
2026,grouped,CNN + LSTM + Transformer,cb747c3303c3,177,2,200,51.64570617675781,0.25822853088378905
2026,grouped,CNN + LSTM + Transformer,cba9187ab09f,177,2,200,47.50570487976074,0.2375285243988037
2026,grouped,CNN + LSTM + Transformer,cc85c5cf1b74,177,2,200,51.91421890258789,0.25957109451293947
2026,grouped,CNN + LSTM + Transformer,ce185849ab6d,177,2,200,42.24308967590332,0.2112154483795166
2026,grouped,CNN + LSTM + Transformer,cfe3fcb92e4d,177,2,200,56.027854919433594,0.280139274597168
2026,grouped,CNN + LSTM + Transformer,d22c898564c6,170,1,103,31.59176254272461,0.30671614119150103
2026,grouped,CNN + LSTM + Transformer,d22eb18e379f,177,2,200,44.66129112243652,0.22330645561218262
2026,grouped,CNN + LSTM + Transformer,d3d3e6010940,177,2,200,36.339914321899414,0.18169957160949707
2026,grouped,CNN + LSTM + Transformer,d6f26e07215a,177,2,200,49.55059623718262,0.24775298118591307
2026,grouped,CNN + LSTM + Transformer,da0787b57a03,177,2,200,52.76000213623047,0.26380001068115233
2026,grouped,CNN + LSTM + Transformer,de9e9e1af25b,177,2,200,37.735721588134766,0.18867860794067381
2026,grouped,CNN + LSTM + Transformer,e0d54913863d,170,2,206,70.87914276123047,0.34407350854966245
2026,grouped,CNN + LSTM + Transformer,e978f48c92fc,177,1,100,21.91619110107422,0.2191619110107422
2026,grouped,CNN + LSTM + Transformer,ea81b8aea9e8,177,2,200,39.28586196899414,0.1964293098449707
2026,grouped,CNN + LSTM + Transformer,ea89cb3d1265,177,1,100,18.516738891601562,0.1851673889160156
2026,grouped,CNN + LSTM + Transformer,f0f83f90bb1e,177,2,200,44.023454666137695,0.22011727333068848
2026,grouped,CNN + LSTM + Transformer,f2ff2459e5b7,177,1,100,25.332550048828125,0.25332550048828123
2026,grouped,CNN + LSTM + Transformer,f3992e0cf1d1,177,2,200,51.34355545043945,0.25671777725219724
2026,grouped,CNN + LSTM + Transformer,f6dcc64a0bda,170,2,206,61.458791732788086,0.2983436491882917
2026,grouped,CNN + LSTM + Transformer,f81e4c5d3777,177,1,100,35.30690002441406,0.3530690002441406
2026,grouped,CNN + LSTM + Transformer,fd7d48522776,177,2,200,46.100337982177734,0.23050168991088868
2026,grouped,CNN + LSTM + Transformer,fe0b5fe3429f,115,10,690,153.08859539031982,0.22186752955118816
2026,grouped,CNN + LSTM + Transformer,fe2c32fa6924,177,2,200,46.01275634765625,0.23006378173828124
2026,grouped,CNN + LSTM + Transformer,ff66ac014bd3,177,1,100,23.113298416137695,0.23113298416137695
2026,grouped,CNN Only,0460275d933c,177,2,200,37.38210201263428,0.1869105100631714
2026,grouped,CNN Only,0532bb8b3d17,177,2,200,45.6435432434082,0.228217716217041
2026,grouped,CNN Only,06e906366872,177,2,200,46.860416412353516,0.23430208206176759
2026,grouped,CNN Only,0b8057b073ff,177,1,100,21.483993530273438,0.21483993530273438
2026,grouped,CNN Only,0c95a923acf5,177,1,100,22.285926818847656,0.22285926818847657
2026,grouped,CNN Only,0ce9a702972c,177,2,200,42.227779388427734,0.21113889694213867
2026,grouped,CNN Only,0e1a1d6242c4,170,2,206,54.17484474182129,0.2629846832127247
2026,grouped,CNN Only,0fd452b752a6,177,2,200,41.81196212768555,0.20905981063842774
2026,grouped,CNN Only,109795b6e4e4,177,1,100,26.221466064453125,0.26221466064453125
2026,grouped,CNN Only,11ca36d1390c,177,1,100,18.04505157470703,0.1804505157470703
2026,grouped,CNN Only,11d527519b73,177,2,200,43.532230377197266,0.21766115188598634
2026,grouped,CNN Only,1282e0fef708,177,2,200,45.20669174194336,0.2260334587097168
2026,grouped,CNN Only,133bc73bff77,177,1,100,21.906166076660156,0.21906166076660155
2026,grouped,CNN Only,172099153dac,177,1,100,14.893560409545898,0.14893560409545897
2026,grouped,CNN Only,1807494a3143,177,2,200,40.274343490600586,0.20137171745300292
2026,grouped,CNN Only,188ab75824ee,177,2,200,40.87635040283203,0.20438175201416015
2026,grouped,CNN Only,1bce6ff8d38e,177,2,200,44.363380432128906,0.22181690216064454
2026,grouped,CNN Only,1c10b1cb9417,177,2,200,41.86558151245117,0.20932790756225586
2026,grouped,CNN Only,211f20813195,206,2,278,58.08712959289551,0.20894650932696227
2026,grouped,CNN Only,232992701729,177,1,100,25.50012969970703,0.2550012969970703
2026,grouped,CNN Only,249946ac888e,177,2,200,39.98885726928711,0.19994428634643555
2026,grouped,CNN Only,2571bdb75e88,177,2,200,47.65162467956543,0.23825812339782715
2026,grouped,CNN Only,25f2170b08a7,177,2,200,60.90358352661133,0.30451791763305663
2026,grouped,CNN Only,2627630aaca8,177,2,200,37.127553939819336,0.18563776969909668
2026,grouped,CNN Only,27c9e51f4122,177,2,200,39.42709827423096,0.1971354913711548
2026,grouped,CNN Only,28f93b5c2972,177,2,200,40.2237548828125,0.2011187744140625
2026,grouped,CNN Only,294cc1503b06,177,2,200,47.20757293701172,0.2360378646850586
2026,grouped,CNN Only,2b726bf27d94,177,1,100,18.743011474609375,0.18743011474609375
2026,grouped,CNN Only,2e06b23eb94a,177,1,100,26.70645523071289,0.2670645523071289
2026,grouped,CNN Only,300177e4ff12,177,2,200,36.347177505493164,0.18173588752746583
2026,grouped,CNN Only,302c27aa86be,177,1,100,15.756251335144043,0.15756251335144042
2026,grouped,CNN Only,307c1f08e04a,177,1,100,16.61542510986328,0.1661542510986328
2026,grouped,CNN Only,32a8faec67ef,177,2,200,54.573402404785156,0.27286701202392577
2026,grouped,CNN Only,32e3df454dac,177,2,200,42.70646095275879,0.21353230476379395
2026,grouped,CNN Only,3426d40eb72e,115,10,690,152.54071712493896,0.22107350307962167
2026,grouped,CNN Only,3493a8f3518e,177,2,200,51.6324348449707,0.2581621742248535
2026,grouped,CNN Only,37d1fa58af77,177,2,200,34.529178619384766,0.17264589309692382
2026,grouped,CNN Only,38fdd8a2fc75,177,2,200,42.63485145568848,0.2131742572784424
2026,grouped,CNN Only,39949df91891,177,1,100,20.229019165039062,0.20229019165039064
2026,grouped,CNN Only,39a1d74cc6b5,177,1,100,22.910873413085938,0.2291087341308594
2026,grouped,CNN Only,39a91d5ff5a3,177,2,200,44.17278861999512,0.2208639430999756
2026,grouped,CNN Only,39c5f5272926,177,1,100,27.706727981567383,0.2770672798156738
2026,grouped,CNN Only,3a018097004f,115,10,690,132.97154998779297,0.1927123912866565
2026,grouped,CNN Only,3a8ebf9252ae,177,2,200,46.62531852722168,0.2331265926361084
2026,grouped,CNN Only,3ae137de3da5,177,1,100,20.265270233154297,0.20265270233154298
2026,grouped,CNN Only,3b3d506086c6,177,1,100,20.72740936279297,0.2072740936279297
2026,grouped,CNN Only,3bfc68dbe99f,206,2,278,57.92768859863281,0.20837298057062162
2026,grouped,CNN Only,3c98a2bba159,177,2,200,44.10467529296875,0.22052337646484374
2026,grouped,CNN Only,3ecde0ad67f8,177,2,200,41.570533752441406,0.20785266876220704
2026,grouped,CNN Only,3fc9caae73df,177,2,200,44.25038528442383,0.22125192642211913
2026,grouped,CNN Only,40681a2e92fa,177,2,200,49.96030044555664,0.2498015022277832
2026,grouped,CNN Only,4231ecf710a5,177,2,200,34.74534225463867,0.17372671127319336
2026,grouped,CNN Only,425ef6f4891e,115,10,690,155.50371265411377,0.2253676994987156
2026,grouped,CNN Only,440663bb0bd5,177,2,200,50.433494567871094,0.2521674728393555
2026,grouped,CNN Only,4718c54ded63,177,1,100,22.453824996948242,0.22453824996948243
2026,grouped,CNN Only,4eb42f96ee6e,177,2,200,39.426645278930664,0.19713322639465333
2026,grouped,CNN Only,4f4e8f84bd2f,177,2,200,35.18148231506348,0.1759074115753174
2026,grouped,CNN Only,502ae29f8d55,177,2,200,39.821895599365234,0.19910947799682618
2026,grouped,CNN Only,504108aa0aab,177,1,100,24.354084014892578,0.24354084014892577
2026,grouped,CNN Only,51eb05be889c,177,2,200,41.791709899902344,0.20895854949951173
2026,grouped,CNN Only,5275a583d478,177,2,200,41.504446029663086,0.20752223014831542
2026,grouped,CNN Only,52f6d479762b,177,1,100,19.633867263793945,0.19633867263793944
2026,grouped,CNN Only,53071cbd27d5,177,2,200,41.07339859008789,0.20536699295043945
2026,grouped,CNN Only,5382aa6b3a3e,170,2,206,58.04890823364258,0.28179081666816785
2026,grouped,CNN Only,53a8ea1572fc,177,2,200,43.47594451904297,0.21737972259521485
2026,grouped,CNN Only,56340500f232,177,1,100,19.82953453063965,0.19829534530639648
2026,grouped,CNN Only,59014dbb36e4,177,2,200,41.9580020904541,0.2097900104522705
2026,grouped,CNN Only,59f346f6e4a2,177,2,200,60.31497573852539,0.30157487869262695
2026,grouped,CNN Only,5ad59819262c,177,2,200,46.720712661743164,0.23360356330871582
2026,grouped,CNN Only,5b9e6e6afede,177,1,100,23.611778259277344,0.23611778259277344
2026,grouped,CNN Only,5db27aa280ac,177,2,200,44.53439521789551,0.22267197608947753
2026,grouped,CNN Only,5f84020d7a3d,170,2,206,53.46594429016113,0.25954341888427734
2026,grouped,CNN Only,60cf0b17559a,177,1,100,19.070724487304688,0.19070724487304688
2026,grouped,CNN Only,60d5e94ba99e,177,2,200,41.689151763916016,0.20844575881958008
2026,grouped,CNN Only,6177e1b4d62d,177,1,100,22.669803619384766,0.22669803619384765
2026,grouped,CNN Only,63db43af120f,177,2,200,47.969804763793945,0.23984902381896972
2026,grouped,CNN Only,67f68a7217b3,177,2,200,46.355607986450195,0.231778039932251
2026,grouped,CNN Only,68861f9982ec,177,1,100,17.08247947692871,0.1708247947692871
2026,grouped,CNN Only,6bef2e6199c5,177,1,100,23.652339935302734,0.23652339935302735
2026,grouped,CNN Only,6e0e8fab5c50,177,2,200,42.94097900390625,0.21470489501953124
2026,grouped,CNN Only,6e643483a2f3,170,2,206,63.31900215148926,0.3073737968518896
2026,grouped,CNN Only,7079a1a65bd7,177,1,100,14.929407119750977,0.14929407119750976
2026,grouped,CNN Only,72d6523439bc,177,2,200,39.81483173370361,0.19907415866851808
2026,grouped,CNN Only,7340051cbcda,177,2,200,40.64155960083008,0.2032077980041504
2026,grouped,CNN Only,76d2f7267390,155,6,654,141.23472023010254,0.2159552297096369
2026,grouped,CNN Only,7e0dd2e9c666,177,1,100,19.21662139892578,0.19216621398925782
2026,grouped,CNN Only,7efd6906a270,177,2,200,39.795753479003906,0.19897876739501952
2026,grouped,CNN Only,840b8ecaba46,206,2,278,55.829179763793945,0.20082438763954658
2026,grouped,CNN Only,88a6e9e3dabc,177,2,200,50.73702621459961,0.25368513107299806
2026,grouped,CNN Only,8951cda616ab,177,1,100,18.831546783447266,0.18831546783447264
2026,grouped,CNN Only,89a967dc8f73,177,1,100,22.279186248779297,0.22279186248779298
2026,grouped,CNN Only,89acfee2dd1e,177,2,200,58.5513801574707,0.2927569007873535
2026,grouped,CNN Only,8c64548738ce,177,1,100,19.44507598876953,0.1944507598876953
2026,grouped,CNN Only,8da9117f426e,177,2,200,39.02270317077637,0.19511351585388184
2026,grouped,CNN Only,8f2436c25cff,170,2,206,47.35980987548828,0.2299019896868363
2026,grouped,CNN Only,9210f821f5c4,177,1,100,19.37340545654297,0.1937340545654297
2026,grouped,CNN Only,9432b1eec9a5,177,2,200,48.97001838684082,0.2448500919342041
2026,grouped,CNN Only,97fb190455b5,177,2,200,36.80424404144287,0.18402122020721434
2026,grouped,CNN Only,986ab29cb57b,170,1,103,29.538433074951172,0.2867809036403026
2026,grouped,CNN Only,9c05cb47f7ab,170,2,206,68.3524055480957,0.3318077939227947
2026,grouped,CNN Only,9c602f0a779c,177,2,200,41.57216262817383,0.20786081314086913
2026,grouped,CNN Only,9ea798b5d78f,177,2,200,42.40264892578125,0.21201324462890625
2026,grouped,CNN Only,a0382b293f90,177,2,200,44.776920318603516,0.22388460159301757
2026,grouped,CNN Only,a1fefb14b835,170,2,206,45.845529556274414,0.22255111435084668
2026,grouped,CNN Only,a8718d937714,177,1,100,16.55928611755371,0.16559286117553712
2026,grouped,CNN Only,a8904a2b0a79,177,2,200,51.49428749084473,0.25747143745422363
2026,grouped,CNN Only,a9067a423e49,177,1,100,21.289024353027344,0.21289024353027344
2026,grouped,CNN Only,aab65b775f42,177,1,100,16.43973159790039,0.1643973159790039
2026,grouped,CNN Only,b158cf6abf2a,177,1,100,23.188045501708984,0.23188045501708984
2026,grouped,CNN Only,b3065f9235b4,177,2,200,44.292320251464844,0.22146160125732423
2026,grouped,CNN Only,b49321bfc357,177,1,100,23.653820037841797,0.23653820037841797
2026,grouped,CNN Only,b540f7263327,177,2,200,41.190025329589844,0.2059501266479492
2026,grouped,CNN Only,b63caaba4317,177,2,200,41.905792236328125,0.20952896118164063
2026,grouped,CNN Only,b63eff82a632,177,2,200,46.787750244140625,0.23393875122070312
2026,grouped,CNN Only,b649c9b489c6,177,2,200,47.03743553161621,0.23518717765808106
2026,grouped,CNN Only,b6bb255225d7,177,1,100,21.760009765625,0.21760009765625
2026,grouped,CNN Only,b7cc1c81e6ca,177,2,200,41.06441307067871,0.20532206535339356
2026,grouped,CNN Only,b82d405e5cb1,177,2,200,52.98134231567383,0.26490671157836915
2026,grouped,CNN Only,b9948beb1124,177,2,200,44.9968147277832,0.224984073638916
2026,grouped,CNN Only,bb6f403d0436,177,1,100,28.914236068725586,0.28914236068725585
2026,grouped,CNN Only,c3e8658ea020,177,2,200,50.31933784484863,0.25159668922424316
2026,grouped,CNN Only,c48267a1ea4e,177,1,100,31.68028450012207,0.3168028450012207
2026,grouped,CNN Only,c79905006a4e,177,2,200,41.47796058654785,0.20738980293273926
2026,grouped,CNN Only,c841ec642a01,177,2,200,48.10198974609375,0.24050994873046874
2026,grouped,CNN Only,c8d0641e7611,177,2,200,45.875226974487305,0.22937613487243652
2026,grouped,CNN Only,c9cb6651e60f,177,2,200,42.24056625366211,0.21120283126831055
2026,grouped,CNN Only,cb747c3303c3,177,2,200,48.82695007324219,0.24413475036621093
2026,grouped,CNN Only,cba9187ab09f,177,2,200,47.773324966430664,0.23886662483215332
2026,grouped,CNN Only,cc85c5cf1b74,177,2,200,54.69963264465332,0.2734981632232666
2026,grouped,CNN Only,ce185849ab6d,177,2,200,41.22430992126465,0.20612154960632323
2026,grouped,CNN Only,cfe3fcb92e4d,177,2,200,57.93751907348633,0.28968759536743166
2026,grouped,CNN Only,d22c898564c6,170,1,103,29.658475875854492,0.28794636772674265
2026,grouped,CNN Only,d22eb18e379f,177,2,200,48.10323524475098,0.24051617622375487
2026,grouped,CNN Only,d3d3e6010940,177,2,200,37.684475898742676,0.18842237949371338
2026,grouped,CNN Only,d6f26e07215a,177,2,200,48.161935806274414,0.24080967903137207
2026,grouped,CNN Only,da0787b57a03,177,2,200,50.48087692260742,0.2524043846130371
2026,grouped,CNN Only,de9e9e1af25b,177,2,200,39.71804618835449,0.19859023094177247
2026,grouped,CNN Only,e0d54913863d,170,2,206,68.69503021240234,0.3334710204485551
2026,grouped,CNN Only,e978f48c92fc,177,1,100,21.589527130126953,0.21589527130126954
2026,grouped,CNN Only,ea81b8aea9e8,177,2,200,38.270870208740234,0.19135435104370116
2026,grouped,CNN Only,ea89cb3d1265,177,1,100,18.758224487304688,0.18758224487304687
2026,grouped,CNN Only,f0f83f90bb1e,177,2,200,44.29437828063965,0.22147189140319823
2026,grouped,CNN Only,f2ff2459e5b7,177,1,100,25.111265182495117,0.2511126518249512
2026,grouped,CNN Only,f3992e0cf1d1,177,2,200,52.78500938415527,0.26392504692077634
2026,grouped,CNN Only,f6dcc64a0bda,170,2,206,59.08402442932129,0.2868156525695208
2026,grouped,CNN Only,f81e4c5d3777,177,1,100,35.02569580078125,0.3502569580078125
2026,grouped,CNN Only,fd7d48522776,177,2,200,45.46482849121094,0.2273241424560547
2026,grouped,CNN Only,fe0b5fe3429f,115,10,690,159.64739894866943,0.23137304195459338
2026,grouped,CNN Only,fe2c32fa6924,177,2,200,47.72169876098633,0.23860849380493165
2026,grouped,CNN Only,ff66ac014bd3,177,1,100,22.68703842163086,0.2268703842163086
2026,grouped,Full Model (+ViennaRNA 7d),0460275d933c,177,2,200,34.593467712402344,0.1729673385620117
2026,grouped,Full Model (+ViennaRNA 7d),0532bb8b3d17,177,2,200,35.742072105407715,0.17871036052703856
2026,grouped,Full Model (+ViennaRNA 7d),06e906366872,177,2,200,29.539799690246582,0.1476989984512329
2026,grouped,Full Model (+ViennaRNA 7d),0b8057b073ff,177,1,100,22.53448486328125,0.2253448486328125
2026,grouped,Full Model (+ViennaRNA 7d),0c95a923acf5,177,1,100,19.962051391601562,0.19962051391601562
2026,grouped,Full Model (+ViennaRNA 7d),0ce9a702972c,177,2,200,41.242788314819336,0.20621394157409667
2026,grouped,Full Model (+ViennaRNA 7d),0e1a1d6242c4,170,2,206,48.788944244384766,0.23683953516691633
2026,grouped,Full Model (+ViennaRNA 7d),0fd452b752a6,177,2,200,40.38874435424805,0.20194372177124023
2026,grouped,Full Model (+ViennaRNA 7d),109795b6e4e4,177,1,100,17.179044723510742,0.17179044723510742
2026,grouped,Full Model (+ViennaRNA 7d),11ca36d1390c,177,1,100,15.830775260925293,0.15830775260925292
2026,grouped,Full Model (+ViennaRNA 7d),11d527519b73,177,2,200,44.24806213378906,0.2212403106689453
2026,grouped,Full Model (+ViennaRNA 7d),1282e0fef708,177,2,200,25.05250072479248,0.1252625036239624
2026,grouped,Full Model (+ViennaRNA 7d),133bc73bff77,177,1,100,26.203475952148438,0.26203475952148436
2026,grouped,Full Model (+ViennaRNA 7d),172099153dac,177,1,100,9.766887664794922,0.09766887664794922
2026,grouped,Full Model (+ViennaRNA 7d),1807494a3143,177,2,200,42.82562828063965,0.21412814140319825
2026,grouped,Full Model (+ViennaRNA 7d),188ab75824ee,177,2,200,38.02284812927246,0.19011424064636231
2026,grouped,Full Model (+ViennaRNA 7d),1bce6ff8d38e,177,2,200,45.260459899902344,0.22630229949951172
2026,grouped,Full Model (+ViennaRNA 7d),1c10b1cb9417,177,2,200,25.955357551574707,0.12977678775787355
2026,grouped,Full Model (+ViennaRNA 7d),211f20813195,206,2,278,47.00006103515625,0.1690649677523606
2026,grouped,Full Model (+ViennaRNA 7d),232992701729,177,1,100,20.232208251953125,0.20232208251953124
2026,grouped,Full Model (+ViennaRNA 7d),249946ac888e,177,2,200,37.134483337402344,0.18567241668701173
2026,grouped,Full Model (+ViennaRNA 7d),2571bdb75e88,177,2,200,40.34535312652588,0.2017267656326294
2026,grouped,Full Model (+ViennaRNA 7d),25f2170b08a7,177,2,200,68.16313934326172,0.34081569671630857
2026,grouped,Full Model (+ViennaRNA 7d),2627630aaca8,177,2,200,32.0437068939209,0.1602185344696045
2026,grouped,Full Model (+ViennaRNA 7d),27c9e51f4122,177,2,200,36.81692695617676,0.1840846347808838
2026,grouped,Full Model (+ViennaRNA 7d),28f93b5c2972,177,2,200,26.241477012634277,0.1312073850631714
2026,grouped,Full Model (+ViennaRNA 7d),294cc1503b06,177,2,200,39.78327465057373,0.19891637325286865
2026,grouped,Full Model (+ViennaRNA 7d),2b726bf27d94,177,1,100,17.480060577392578,0.17480060577392578
2026,grouped,Full Model (+ViennaRNA 7d),2e06b23eb94a,177,1,100,22.577003479003906,0.22577003479003907
2026,grouped,Full Model (+ViennaRNA 7d),300177e4ff12,177,2,200,22.54566764831543,0.11272833824157714
2026,grouped,Full Model (+ViennaRNA 7d),302c27aa86be,177,1,100,15.372825622558594,0.15372825622558595
2026,grouped,Full Model (+ViennaRNA 7d),307c1f08e04a,177,1,100,18.10880470275879,0.18108804702758788
2026,grouped,Full Model (+ViennaRNA 7d),32a8faec67ef,177,2,200,41.303091049194336,0.20651545524597167
2026,grouped,Full Model (+ViennaRNA 7d),32e3df454dac,177,2,200,34.3692741394043,0.1718463706970215
2026,grouped,Full Model (+ViennaRNA 7d),3426d40eb72e,115,10,690,128.16888236999512,0.18575200343477552
2026,grouped,Full Model (+ViennaRNA 7d),3493a8f3518e,177,2,200,35.33024215698242,0.1766512107849121
2026,grouped,Full Model (+ViennaRNA 7d),37d1fa58af77,177,2,200,27.94961643218994,0.1397480821609497
2026,grouped,Full Model (+ViennaRNA 7d),38fdd8a2fc75,177,2,200,30.438188552856445,0.15219094276428222
2026,grouped,Full Model (+ViennaRNA 7d),39949df91891,177,1,100,16.383630752563477,0.16383630752563477
2026,grouped,Full Model (+ViennaRNA 7d),39a1d74cc6b5,177,1,100,22.990158081054688,0.22990158081054687
2026,grouped,Full Model (+ViennaRNA 7d),39a91d5ff5a3,177,2,200,30.077909469604492,0.15038954734802246
2026,grouped,Full Model (+ViennaRNA 7d),39c5f5272926,177,1,100,26.14841079711914,0.2614841079711914
2026,grouped,Full Model (+ViennaRNA 7d),3a018097004f,115,10,690,103.5700626373291,0.15010154005410015
2026,grouped,Full Model (+ViennaRNA 7d),3a8ebf9252ae,177,2,200,36.11316680908203,0.18056583404541016
2026,grouped,Full Model (+ViennaRNA 7d),3ae137de3da5,177,1,100,19.041309356689453,0.19041309356689454
2026,grouped,Full Model (+ViennaRNA 7d),3b3d506086c6,177,1,100,22.53285789489746,0.22532857894897462
2026,grouped,Full Model (+ViennaRNA 7d),3bfc68dbe99f,206,2,278,45.51500701904297,0.16372304683108982
2026,grouped,Full Model (+ViennaRNA 7d),3c98a2bba159,177,2,200,42.78692054748535,0.21393460273742676
2026,grouped,Full Model (+ViennaRNA 7d),3ecde0ad67f8,177,2,200,31.38957977294922,0.15694789886474608
2026,grouped,Full Model (+ViennaRNA 7d),3fc9caae73df,177,2,200,44.872636795043945,0.22436318397521973
2026,grouped,Full Model (+ViennaRNA 7d),40681a2e92fa,177,2,200,44.89572525024414,0.2244786262512207
2026,grouped,Full Model (+ViennaRNA 7d),4231ecf710a5,177,2,200,28.31909942626953,0.14159549713134767
2026,grouped,Full Model (+ViennaRNA 7d),425ef6f4891e,115,10,690,119.94787788391113,0.17383750417958135
2026,grouped,Full Model (+ViennaRNA 7d),440663bb0bd5,177,2,200,33.58108043670654,0.16790540218353273
2026,grouped,Full Model (+ViennaRNA 7d),4718c54ded63,177,1,100,10.533248901367188,0.10533248901367187
2026,grouped,Full Model (+ViennaRNA 7d),4eb42f96ee6e,177,2,200,31.77989959716797,0.15889949798583985
2026,grouped,Full Model (+ViennaRNA 7d),4f4e8f84bd2f,177,2,200,34.416653633117676,0.1720832681655884
2026,grouped,Full Model (+ViennaRNA 7d),502ae29f8d55,177,2,200,30.858266830444336,0.15429133415222168
2026,grouped,Full Model (+ViennaRNA 7d),504108aa0aab,177,1,100,16.654155731201172,0.16654155731201173
2026,grouped,Full Model (+ViennaRNA 7d),51eb05be889c,177,2,200,34.33721160888672,0.1716860580444336
2026,grouped,Full Model (+ViennaRNA 7d),5275a583d478,177,2,200,32.17998695373535,0.16089993476867676
2026,grouped,Full Model (+ViennaRNA 7d),52f6d479762b,177,1,100,15.461438179016113,0.15461438179016113
2026,grouped,Full Model (+ViennaRNA 7d),53071cbd27d5,177,2,200,32.30097198486328,0.1615048599243164
2026,grouped,Full Model (+ViennaRNA 7d),5382aa6b3a3e,170,2,206,47.57623291015625,0.23095258694250606
2026,grouped,Full Model (+ViennaRNA 7d),53a8ea1572fc,177,2,200,28.151774406433105,0.14075887203216553
2026,grouped,Full Model (+ViennaRNA 7d),56340500f232,177,1,100,11.109854698181152,0.11109854698181153
2026,grouped,Full Model (+ViennaRNA 7d),59014dbb36e4,177,2,200,31.982848167419434,0.15991424083709715
2026,grouped,Full Model (+ViennaRNA 7d),59f346f6e4a2,177,2,200,52.98337745666504,0.2649168872833252
2026,grouped,Full Model (+ViennaRNA 7d),5ad59819262c,177,2,200,35.69979381561279,0.17849896907806395
2026,grouped,Full Model (+ViennaRNA 7d),5b9e6e6afede,177,1,100,24.253429412841797,0.24253429412841798
2026,grouped,Full Model (+ViennaRNA 7d),5db27aa280ac,177,2,200,43.471025466918945,0.21735512733459472
2026,grouped,Full Model (+ViennaRNA 7d),5f84020d7a3d,170,2,206,53.71213150024414,0.2607385024283696
2026,grouped,Full Model (+ViennaRNA 7d),60cf0b17559a,177,1,100,15.850656509399414,0.15850656509399413
2026,grouped,Full Model (+ViennaRNA 7d),60d5e94ba99e,177,2,200,37.46758270263672,0.1873379135131836
2026,grouped,Full Model (+ViennaRNA 7d),6177e1b4d62d,177,1,100,18.282819747924805,0.18282819747924806
2026,grouped,Full Model (+ViennaRNA 7d),63db43af120f,177,2,200,37.26737976074219,0.18633689880371093
2026,grouped,Full Model (+ViennaRNA 7d),67f68a7217b3,177,2,200,40.23315238952637,0.20116576194763183
2026,grouped,Full Model (+ViennaRNA 7d),68861f9982ec,177,1,100,16.219635009765625,0.16219635009765626
2026,grouped,Full Model (+ViennaRNA 7d),6bef2e6199c5,177,1,100,22.479713439941406,0.22479713439941407
2026,grouped,Full Model (+ViennaRNA 7d),6e0e8fab5c50,177,2,200,40.48134422302246,0.2024067211151123
2026,grouped,Full Model (+ViennaRNA 7d),6e643483a2f3,170,2,206,62.17575645446777,0.3018240604585814
2026,grouped,Full Model (+ViennaRNA 7d),7079a1a65bd7,177,1,100,15.744331359863281,0.1574433135986328
2026,grouped,Full Model (+ViennaRNA 7d),72d6523439bc,177,2,200,35.14345836639404,0.1757172918319702
2026,grouped,Full Model (+ViennaRNA 7d),7340051cbcda,177,2,200,35.83706283569336,0.1791853141784668
2026,grouped,Full Model (+ViennaRNA 7d),76d2f7267390,155,6,654,139.36033630371094,0.21308919924114822
2026,grouped,Full Model (+ViennaRNA 7d),7e0dd2e9c666,177,1,100,13.192720413208008,0.1319272041320801
2026,grouped,Full Model (+ViennaRNA 7d),7efd6906a270,177,2,200,37.4237003326416,0.187118501663208
2026,grouped,Full Model (+ViennaRNA 7d),840b8ecaba46,206,2,278,38.94733428955078,0.14009832478255677
2026,grouped,Full Model (+ViennaRNA 7d),88a6e9e3dabc,177,2,200,52.530290603637695,0.2626514530181885
2026,grouped,Full Model (+ViennaRNA 7d),8951cda616ab,177,1,100,8.962442398071289,0.0896244239807129
2026,grouped,Full Model (+ViennaRNA 7d),89a967dc8f73,177,1,100,16.496828079223633,0.16496828079223633
2026,grouped,Full Model (+ViennaRNA 7d),89acfee2dd1e,177,2,200,55.080841064453125,0.2754042053222656
2026,grouped,Full Model (+ViennaRNA 7d),8c64548738ce,177,1,100,14.308177947998047,0.14308177947998046
2026,grouped,Full Model (+ViennaRNA 7d),8da9117f426e,177,2,200,37.52347183227539,0.18761735916137695
2026,grouped,Full Model (+ViennaRNA 7d),8f2436c25cff,170,2,206,44.868919372558594,0.21781028821630385
2026,grouped,Full Model (+ViennaRNA 7d),9210f821f5c4,177,1,100,18.52927017211914,0.18529270172119142
2026,grouped,Full Model (+ViennaRNA 7d),9432b1eec9a5,177,2,200,42.352943420410156,0.21176471710205078
2026,grouped,Full Model (+ViennaRNA 7d),97fb190455b5,177,2,200,43.71974754333496,0.21859873771667482
2026,grouped,Full Model (+ViennaRNA 7d),986ab29cb57b,170,1,103,28.993268966674805,0.2814880482201437
2026,grouped,Full Model (+ViennaRNA 7d),9c05cb47f7ab,170,2,206,61.92504119873047,0.3006069961103421
2026,grouped,Full Model (+ViennaRNA 7d),9c602f0a779c,177,2,200,27.305484771728516,0.13652742385864258
2026,grouped,Full Model (+ViennaRNA 7d),9ea798b5d78f,177,2,200,37.43187141418457,0.18715935707092285
2026,grouped,Full Model (+ViennaRNA 7d),a0382b293f90,177,2,200,22.19045066833496,0.1109522533416748
2026,grouped,Full Model (+ViennaRNA 7d),a1fefb14b835,170,2,206,46.41913032531738,0.22533558410348245
2026,grouped,Full Model (+ViennaRNA 7d),a8718d937714,177,1,100,17.9294376373291,0.17929437637329101
2026,grouped,Full Model (+ViennaRNA 7d),a8904a2b0a79,177,2,200,47.90718078613281,0.23953590393066407
2026,grouped,Full Model (+ViennaRNA 7d),a9067a423e49,177,1,100,20.224491119384766,0.20224491119384766
2026,grouped,Full Model (+ViennaRNA 7d),aab65b775f42,177,1,100,11.842048645019531,0.11842048645019532
2026,grouped,Full Model (+ViennaRNA 7d),b158cf6abf2a,177,1,100,23.015819549560547,0.23015819549560546
2026,grouped,Full Model (+ViennaRNA 7d),b3065f9235b4,177,2,200,38.58079242706299,0.19290396213531494
2026,grouped,Full Model (+ViennaRNA 7d),b49321bfc357,177,1,100,15.708806991577148,0.15708806991577148
2026,grouped,Full Model (+ViennaRNA 7d),b540f7263327,177,2,200,40.22996139526367,0.20114980697631835
2026,grouped,Full Model (+ViennaRNA 7d),b63caaba4317,177,2,200,33.39461326599121,0.16697306632995607
2026,grouped,Full Model (+ViennaRNA 7d),b63eff82a632,177,2,200,36.34501838684082,0.1817250919342041
2026,grouped,Full Model (+ViennaRNA 7d),b649c9b489c6,177,2,200,47.88345527648926,0.23941727638244628
2026,grouped,Full Model (+ViennaRNA 7d),b6bb255225d7,177,1,100,21.654434204101562,0.21654434204101564
2026,grouped,Full Model (+ViennaRNA 7d),b7cc1c81e6ca,177,2,200,43.2984561920166,0.216492280960083
2026,grouped,Full Model (+ViennaRNA 7d),b82d405e5cb1,177,2,200,53.28098678588867,0.26640493392944337
2026,grouped,Full Model (+ViennaRNA 7d),b9948beb1124,177,2,200,42.63798522949219,0.21318992614746093
2026,grouped,Full Model (+ViennaRNA 7d),bb6f403d0436,177,1,100,26.057052612304688,0.2605705261230469
2026,grouped,Full Model (+ViennaRNA 7d),c3e8658ea020,177,2,200,43.16238594055176,0.21581192970275878
2026,grouped,Full Model (+ViennaRNA 7d),c48267a1ea4e,177,1,100,21.88327980041504,0.2188327980041504
2026,grouped,Full Model (+ViennaRNA 7d),c79905006a4e,177,2,200,35.39308738708496,0.1769654369354248
2026,grouped,Full Model (+ViennaRNA 7d),c841ec642a01,177,2,200,37.13797569274902,0.18568987846374513
2026,grouped,Full Model (+ViennaRNA 7d),c8d0641e7611,177,2,200,37.97358703613281,0.18986793518066405
2026,grouped,Full Model (+ViennaRNA 7d),c9cb6651e60f,177,2,200,40.86184883117676,0.20430924415588378
2026,grouped,Full Model (+ViennaRNA 7d),cb747c3303c3,177,2,200,35.096031188964844,0.17548015594482422
2026,grouped,Full Model (+ViennaRNA 7d),cba9187ab09f,177,2,200,49.43520736694336,0.24717603683471678
2026,grouped,Full Model (+ViennaRNA 7d),cc85c5cf1b74,177,2,200,51.736331939697266,0.25868165969848633
2026,grouped,Full Model (+ViennaRNA 7d),ce185849ab6d,177,2,200,34.812522888183594,0.17406261444091797
2026,grouped,Full Model (+ViennaRNA 7d),cfe3fcb92e4d,177,2,200,55.111440658569336,0.27555720329284666
2026,grouped,Full Model (+ViennaRNA 7d),d22c898564c6,170,1,103,34.34284210205078,0.33342565147622116
2026,grouped,Full Model (+ViennaRNA 7d),d22eb18e379f,177,2,200,39.2480411529541,0.1962402057647705
2026,grouped,Full Model (+ViennaRNA 7d),d3d3e6010940,177,2,200,39.9110746383667,0.1995553731918335
2026,grouped,Full Model (+ViennaRNA 7d),d6f26e07215a,177,2,200,37.97256851196289,0.18986284255981445
2026,grouped,Full Model (+ViennaRNA 7d),da0787b57a03,177,2,200,39.16905403137207,0.19584527015686035
2026,grouped,Full Model (+ViennaRNA 7d),de9e9e1af25b,177,2,200,29.08216094970703,0.14541080474853516
2026,grouped,Full Model (+ViennaRNA 7d),e0d54913863d,170,2,206,71.96171569824219,0.3493287169817582
2026,grouped,Full Model (+ViennaRNA 7d),e978f48c92fc,177,1,100,13.212535858154297,0.13212535858154298
2026,grouped,Full Model (+ViennaRNA 7d),ea81b8aea9e8,177,2,200,26.5937442779541,0.1329687213897705
2026,grouped,Full Model (+ViennaRNA 7d),ea89cb3d1265,177,1,100,16.068519592285156,0.16068519592285158
2026,grouped,Full Model (+ViennaRNA 7d),f0f83f90bb1e,177,2,200,22.820364952087402,0.11410182476043701
2026,grouped,Full Model (+ViennaRNA 7d),f2ff2459e5b7,177,1,100,21.053985595703125,0.21053985595703126
2026,grouped,Full Model (+ViennaRNA 7d),f3992e0cf1d1,177,2,200,55.348052978515625,0.27674026489257814
2026,grouped,Full Model (+ViennaRNA 7d),f6dcc64a0bda,170,2,206,60.28543281555176,0.29264773211432893
2026,grouped,Full Model (+ViennaRNA 7d),f81e4c5d3777,177,1,100,36.82678985595703,0.3682678985595703
2026,grouped,Full Model (+ViennaRNA 7d),fd7d48522776,177,2,200,38.77993869781494,0.1938996934890747
2026,grouped,Full Model (+ViennaRNA 7d),fe0b5fe3429f,115,10,690,146.21908950805664,0.21191172392471977
2026,grouped,Full Model (+ViennaRNA 7d),fe2c32fa6924,177,2,200,50.69692420959473,0.25348462104797365
2026,grouped,Full Model (+ViennaRNA 7d),ff66ac014bd3,177,1,100,23.835861206054688,0.23835861206054687
2026,random,CNN + Bi-LSTM,0272ab36bc3b,115,2,138,31.834087371826172,0.23068179254946503
2026,random,CNN + Bi-LSTM,035e9e6cf34c,115,3,207,34.54855537414551,0.16690123369152418
2026,random,CNN + Bi-LSTM,03f96eb1828c,115,1,69,8.811058044433594,0.12769649339758832
2026,random,CNN + Bi-LSTM,04396fb86ca3,177,1,100,15.72399616241455,0.1572399616241455
2026,random,CNN + Bi-LSTM,04e856bc5974,170,1,103,25.117441177368164,0.2438586522074579
2026,random,CNN + Bi-LSTM,08512c001196,177,1,100,17.82025146484375,0.1782025146484375
2026,random,CNN + Bi-LSTM,085903ed7e59,177,1,100,18.901723861694336,0.18901723861694336
2026,random,CNN + Bi-LSTM,0898c68f6259,177,1,100,20.088668823242188,0.20088668823242187
2026,random,CNN + Bi-LSTM,089e61c944a9,206,1,139,28.536596298217773,0.20529925394401277
2026,random,CNN + Bi-LSTM,0b8057b073ff,177,1,100,19.954998016357422,0.19954998016357423
2026,random,CNN + Bi-LSTM,0bb1fef9c01f,115,5,345,84.68221092224121,0.24545568383258323
2026,random,CNN + Bi-LSTM,0cd68d709c4d,170,1,103,25.146923065185547,0.24414488412801502
2026,random,CNN + Bi-LSTM,0dccb529bf3c,177,1,100,32.92890548706055,0.32928905487060545
2026,random,CNN + Bi-LSTM,0f22f7cd7fe8,177,1,100,19.931188583374023,0.19931188583374024
2026,random,CNN + Bi-LSTM,0f360b425026,177,1,100,19.072847366333008,0.19072847366333007
2026,random,CNN + Bi-LSTM,0fd452b752a6,177,1,100,24.435070037841797,0.24435070037841797
2026,random,CNN + Bi-LSTM,102a7ca52232,177,1,100,13.57153034210205,0.1357153034210205
2026,random,CNN + Bi-LSTM,1036b341cec4,177,1,100,26.394744873046875,0.26394744873046877
2026,random,CNN + Bi-LSTM,11d527519b73,177,1,100,26.827003479003906,0.2682700347900391
2026,random,CNN + Bi-LSTM,126043caf177,177,1,100,21.42015266418457,0.2142015266418457
2026,random,CNN + Bi-LSTM,153bfcfca279,177,1,100,22.12901496887207,0.2212901496887207
2026,random,CNN + Bi-LSTM,1779958216e1,155,1,109,20.81684684753418,0.19098024630765303
2026,random,CNN + Bi-LSTM,189c05ad7878,177,1,100,14.95280933380127,0.1495280933380127
2026,random,CNN + Bi-LSTM,1a37fae9bc4d,177,1,100,28.927396774291992,0.2892739677429199
2026,random,CNN + Bi-LSTM,1a8ade2eb711,177,1,100,19.70956039428711,0.1970956039428711
2026,random,CNN + Bi-LSTM,1addba38ac05,177,1,100,26.201194763183594,0.26201194763183594
2026,random,CNN + Bi-LSTM,1bbd9d595bb3,177,1,100,26.670373916625977,0.2667037391662598
2026,random,CNN + Bi-LSTM,1d236c0283a5,177,1,100,13.23111629486084,0.1323111629486084
2026,random,CNN + Bi-LSTM,1e88517b6fa8,177,1,100,16.57172393798828,0.1657172393798828
2026,random,CNN + Bi-LSTM,20651db0eb9e,115,2,138,21.149879932403564,0.15325999951017075
2026,random,CNN + Bi-LSTM,20e55234592e,177,1,100,26.856388092041016,0.26856388092041017
2026,random,CNN + Bi-LSTM,216f53030b5b,177,1,100,19.251888275146484,0.19251888275146484
2026,random,CNN + Bi-LSTM,2295a7fe6cae,177,1,100,17.75475311279297,0.17754753112792968
2026,random,CNN + Bi-LSTM,24dcf6d98330,177,1,100,18.787029266357422,0.18787029266357422
2026,random,CNN + Bi-LSTM,252932faf3f5,170,1,103,29.351551055908203,0.28496651510590487
2026,random,CNN + Bi-LSTM,2627630aaca8,177,1,100,20.25742530822754,0.2025742530822754
2026,random,CNN + Bi-LSTM,26859f0d3bd0,177,1,100,23.4383544921875,0.234383544921875
2026,random,CNN + Bi-LSTM,26bd1dc7890f,177,2,200,44.82610321044922,0.2241305160522461
2026,random,CNN + Bi-LSTM,26ffb691d725,177,1,100,23.789743423461914,0.23789743423461915
2026,random,CNN + Bi-LSTM,27e5b80e391c,177,1,100,20.44638442993164,0.2044638442993164
2026,random,CNN + Bi-LSTM,283c352fade2,177,1,100,25.271953582763672,0.25271953582763673
2026,random,CNN + Bi-LSTM,28bc4e22ceaf,206,1,139,26.710214614868164,0.19215981737315227
2026,random,CNN + Bi-LSTM,2918b4232e00,177,2,200,39.15245056152344,0.1957622528076172
2026,random,CNN + Bi-LSTM,295136924321,177,1,100,20.098358154296875,0.20098358154296875
2026,random,CNN + Bi-LSTM,29cbd86eabdd,177,1,100,25.53046417236328,0.2553046417236328
2026,random,CNN + Bi-LSTM,29ee7d0025b8,177,2,200,40.458364486694336,0.20229182243347169
2026,random,CNN + Bi-LSTM,2b726bf27d94,177,1,100,18.293983459472656,0.18293983459472657
2026,random,CNN + Bi-LSTM,300177e4ff12,177,1,100,14.116792678833008,0.14116792678833007
2026,random,CNN + Bi-LSTM,3022c6c6a9f2,170,1,103,23.908889770507812,0.23212514340298848
2026,random,CNN + Bi-LSTM,307c1f08e04a,177,1,100,17.07423210144043,0.17074232101440429
2026,random,CNN + Bi-LSTM,317753dcba04,177,1,100,19.283794403076172,0.1928379440307617
2026,random,CNN + Bi-LSTM,33008566a4a3,177,1,100,19.615951538085938,0.19615951538085938
2026,random,CNN + Bi-LSTM,3426d40eb72e,115,2,138,25.269673347473145,0.18311357498168945
2026,random,CNN + Bi-LSTM,34721178b1ba,177,1,100,16.08643341064453,0.16086433410644532
2026,random,CNN + Bi-LSTM,3493a8f3518e,177,1,100,28.981306076049805,0.28981306076049806
2026,random,CNN + Bi-LSTM,34d54e4d6312,177,1,100,12.960861206054688,0.12960861206054688
2026,random,CNN + Bi-LSTM,34eef325c359,177,1,100,26.370006561279297,0.26370006561279297
2026,random,CNN + Bi-LSTM,358ee8f86b9a,177,1,100,26.185924530029297,0.261859245300293
2026,random,CNN + Bi-LSTM,359089533e94,177,1,100,16.341882705688477,0.16341882705688476
2026,random,CNN + Bi-LSTM,361c669eb3cb,177,1,100,26.343978881835938,0.2634397888183594
2026,random,CNN + Bi-LSTM,37736c9a44a1,177,1,100,33.58940124511719,0.3358940124511719
2026,random,CNN + Bi-LSTM,3821b3cc46c7,170,1,103,21.466266632080078,0.2084103556512629
2026,random,CNN + Bi-LSTM,38fdd8a2fc75,177,1,100,21.6539306640625,0.216539306640625
2026,random,CNN + Bi-LSTM,396b2159ef2b,115,2,138,22.34465217590332,0.16191776939060376
2026,random,CNN + Bi-LSTM,3a8ebf9252ae,177,1,100,24.634355545043945,0.24634355545043946
2026,random,CNN + Bi-LSTM,3afc9019d631,177,1,100,22.238853454589844,0.22238853454589844
2026,random,CNN + Bi-LSTM,3bb2327e03aa,177,1,100,10.736776351928711,0.1073677635192871
2026,random,CNN + Bi-LSTM,3cc3a93aeaf5,177,1,100,17.159400939941406,0.17159400939941405
2026,random,CNN + Bi-LSTM,3d5eaa4b3556,177,1,100,15.760558128356934,0.15760558128356933
2026,random,CNN + Bi-LSTM,4067ea5de969,177,1,100,21.487028121948242,0.21487028121948243
2026,random,CNN + Bi-LSTM,407d4fef56da,177,1,100,22.395309448242188,0.22395309448242187
2026,random,CNN + Bi-LSTM,425ef6f4891e,115,3,207,40.07440376281738,0.19359615344356224
2026,random,CNN + Bi-LSTM,4436038443ae,177,1,100,23.449142456054688,0.23449142456054686
2026,random,CNN + Bi-LSTM,44bef388f93c,177,1,100,20.283384323120117,0.20283384323120118
2026,random,CNN + Bi-LSTM,473f8a76ad35,177,1,100,21.984575271606445,0.21984575271606446
2026,random,CNN + Bi-LSTM,47e70bea92cb,177,1,100,27.2574405670166,0.272574405670166
2026,random,CNN + Bi-LSTM,48ce5ae2bbd0,177,1,100,28.184101104736328,0.28184101104736325
2026,random,CNN + Bi-LSTM,4b4008b731a6,177,1,100,27.241222381591797,0.27241222381591795
2026,random,CNN + Bi-LSTM,4c2e91d47371,177,1,100,24.338151931762695,0.24338151931762694
2026,random,CNN + Bi-LSTM,4c4a792fef44,177,1,100,17.51842498779297,0.1751842498779297
2026,random,CNN + Bi-LSTM,4eb42f96ee6e,177,1,100,16.672042846679688,0.16672042846679688
2026,random,CNN + Bi-LSTM,4f61f14d7ccd,177,1,100,28.459394454956055,0.28459394454956055
2026,random,CNN + Bi-LSTM,516f03eda3bd,177,1,100,25.824037551879883,0.2582403755187988
2026,random,CNN + Bi-LSTM,51eb05be889c,177,1,100,17.804244995117188,0.17804244995117188
2026,random,CNN + Bi-LSTM,52881c2d896b,177,1,100,33.80927276611328,0.3380927276611328
2026,random,CNN + Bi-LSTM,5382aa6b3a3e,170,1,103,32.68128204345703,0.3172940004219129
2026,random,CNN + Bi-LSTM,543016117713,177,1,100,28.33101463317871,0.2833101463317871
2026,random,CNN + Bi-LSTM,56340500f232,177,1,100,16.611614227294922,0.1661161422729492
2026,random,CNN + Bi-LSTM,56834490e48c,177,1,100,22.599136352539062,0.22599136352539062
2026,random,CNN + Bi-LSTM,57b301d4b23c,177,1,100,24.17116928100586,0.24171169281005858
2026,random,CNN + Bi-LSTM,59f78fe3e6e1,177,1,100,10.056235313415527,0.10056235313415528
2026,random,CNN + Bi-LSTM,5a1ac43bb51f,177,1,100,33.126556396484375,0.33126556396484375
2026,random,CNN + Bi-LSTM,5ad59819262c,177,1,100,18.154094696044922,0.18154094696044923
2026,random,CNN + Bi-LSTM,5b6873b846ac,177,1,100,18.044361114501953,0.18044361114501953
2026,random,CNN + Bi-LSTM,5db27aa280ac,177,1,100,20.537418365478516,0.20537418365478516
2026,random,CNN + Bi-LSTM,5f589c58a1e5,177,1,100,11.784265518188477,0.11784265518188476
2026,random,CNN + Bi-LSTM,6303e65be1f9,177,1,100,23.662761688232422,0.23662761688232423
2026,random,CNN + Bi-LSTM,6566b9d16a4f,177,2,200,32.18001651763916,0.1609000825881958
2026,random,CNN + Bi-LSTM,66ffec07e4eb,177,1,100,14.549776077270508,0.14549776077270507
2026,random,CNN + Bi-LSTM,681f424d2a28,177,1,100,18.9969482421875,0.189969482421875
2026,random,CNN + Bi-LSTM,69eb3238a425,177,1,100,22.06984519958496,0.22069845199584961
2026,random,CNN + Bi-LSTM,6af096752fb1,177,1,100,18.199403762817383,0.18199403762817382
2026,random,CNN + Bi-LSTM,6bef2e6199c5,177,1,100,25.26668930053711,0.2526668930053711
2026,random,CNN + Bi-LSTM,6c58175512b8,177,1,100,15.07571792602539,0.1507571792602539
2026,random,CNN + Bi-LSTM,6cecd82a8297,177,1,100,29.342411041259766,0.29342411041259764
2026,random,CNN + Bi-LSTM,6e0e8fab5c50,177,1,100,14.231926918029785,0.14231926918029786
2026,random,CNN + Bi-LSTM,6e4b8bc6a732,177,1,100,26.46510124206543,0.2646510124206543
2026,random,CNN + Bi-LSTM,6e643483a2f3,170,1,103,27.560888290405273,0.26758143971267256
2026,random,CNN + Bi-LSTM,70eecb8b1ddd,177,1,100,12.230583190917969,0.1223058319091797
2026,random,CNN + Bi-LSTM,72445f6483f6,177,1,100,31.61806869506836,0.3161806869506836
2026,random,CNN + Bi-LSTM,72d6523439bc,177,1,100,24.992450714111328,0.24992450714111328
2026,random,CNN + Bi-LSTM,7340051cbcda,177,1,100,17.32584571838379,0.1732584571838379
2026,random,CNN + Bi-LSTM,75604c2f991f,177,1,100,15.952048301696777,0.15952048301696778
2026,random,CNN + Bi-LSTM,777cb59044bb,177,1,100,13.932690620422363,0.13932690620422364
2026,random,CNN + Bi-LSTM,787c9c25d533,177,1,100,18.850940704345703,0.18850940704345703
2026,random,CNN + Bi-LSTM,7b3e71bbe05f,177,1,100,24.001773834228516,0.24001773834228515
2026,random,CNN + Bi-LSTM,7b700750f538,177,2,200,42.592148780822754,0.21296074390411376
2026,random,CNN + Bi-LSTM,7b8e1643f60f,177,1,100,21.323877334594727,0.21323877334594726
2026,random,CNN + Bi-LSTM,7c99cd421bef,177,1,100,25.057628631591797,0.250576286315918
2026,random,CNN + Bi-LSTM,7dba70a356c4,177,1,100,22.829816818237305,0.22829816818237306
2026,random,CNN + Bi-LSTM,803a17a5c1c8,177,1,100,14.212286949157715,0.14212286949157715
2026,random,CNN + Bi-LSTM,80631598f86f,177,1,100,21.729684829711914,0.21729684829711915
2026,random,CNN + Bi-LSTM,807abc329263,177,1,100,18.732688903808594,0.18732688903808595
2026,random,CNN + Bi-LSTM,80fa18d8ce56,177,1,100,21.12676239013672,0.2112676239013672
2026,random,CNN + Bi-LSTM,814435e2f515,177,1,100,17.782039642333984,0.17782039642333985
2026,random,CNN + Bi-LSTM,819f3bba1521,177,1,100,21.141324996948242,0.2114132499694824
2026,random,CNN + Bi-LSTM,8270669437e3,170,1,103,24.85266876220703,0.24128804623501973
2026,random,CNN + Bi-LSTM,831d0e00c1ca,177,1,100,13.589713096618652,0.13589713096618652
2026,random,CNN + Bi-LSTM,84b6668ed69a,177,1,100,30.562353134155273,0.30562353134155273
2026,random,CNN + Bi-LSTM,851f33bb5b99,177,2,200,45.988359451293945,0.22994179725646974
2026,random,CNN + Bi-LSTM,86cc9f022072,177,1,100,27.271800994873047,0.27271800994873047
2026,random,CNN + Bi-LSTM,8719373052f3,177,1,100,16.671890258789062,0.16671890258789063
2026,random,CNN + Bi-LSTM,87ba6aa041c5,177,1,100,23.545673370361328,0.23545673370361328
2026,random,CNN + Bi-LSTM,8866b39d0dbc,177,1,100,16.471088409423828,0.16471088409423829
2026,random,CNN + Bi-LSTM,88a6e9e3dabc,177,1,100,24.972124099731445,0.24972124099731446
2026,random,CNN + Bi-LSTM,88cd62ad83dc,177,1,100,15.064703941345215,0.15064703941345214
2026,random,CNN + Bi-LSTM,8951cda616ab,177,1,100,18.913833618164062,0.18913833618164064
2026,random,CNN + Bi-LSTM,89acfee2dd1e,177,1,100,33.63453674316406,0.3363453674316406
2026,random,CNN + Bi-LSTM,8bbcfb9df552,177,1,100,23.53839874267578,0.2353839874267578
2026,random,CNN + Bi-LSTM,8d65802c93f6,177,1,100,16.56855583190918,0.1656855583190918
2026,random,CNN + Bi-LSTM,8d8898afeacd,177,1,100,24.779632568359375,0.24779632568359375
2026,random,CNN + Bi-LSTM,8da9117f426e,177,1,100,22.002361297607422,0.22002361297607423
2026,random,CNN + Bi-LSTM,8fc727a29eab,177,1,100,16.28032684326172,0.1628032684326172
2026,random,CNN + Bi-LSTM,915d2eedd3bf,177,2,200,46.502031326293945,0.23251015663146973
2026,random,CNN + Bi-LSTM,91780f043406,177,1,100,28.108901977539062,0.28108901977539064
2026,random,CNN + Bi-LSTM,922507e201d3,177,1,100,16.96583366394043,0.1696583366394043
2026,random,CNN + Bi-LSTM,929650a237b9,177,1,100,20.174373626708984,0.20174373626708986
2026,random,CNN + Bi-LSTM,944239be6004,177,1,100,21.384000778198242,0.21384000778198242
2026,random,CNN + Bi-LSTM,972ed350fb2b,177,1,100,34.03308868408203,0.3403308868408203
2026,random,CNN + Bi-LSTM,976ff9c0495d,177,1,100,21.863126754760742,0.21863126754760742
2026,random,CNN + Bi-LSTM,977d8b31b015,177,1,100,20.51004409790039,0.2051004409790039
2026,random,CNN + Bi-LSTM,97fb190455b5,177,1,100,13.632102966308594,0.13632102966308593
2026,random,CNN + Bi-LSTM,989362102b4a,177,1,100,15.047426223754883,0.15047426223754884
2026,random,CNN + Bi-LSTM,98a61599d61d,177,1,100,27.79232406616211,0.2779232406616211
2026,random,CNN + Bi-LSTM,99749eca5b03,177,1,100,13.899036407470703,0.13899036407470702
2026,random,CNN + Bi-LSTM,9a462a03096b,177,1,100,21.8693790435791,0.218693790435791
2026,random,CNN + Bi-LSTM,9a6a4f63f2be,177,1,100,19.416828155517578,0.1941682815551758
2026,random,CNN + Bi-LSTM,9a8223d89a30,177,1,100,15.200826644897461,0.1520082664489746
2026,random,CNN + Bi-LSTM,9ac65806a800,177,1,100,11.729515075683594,0.11729515075683594
2026,random,CNN + Bi-LSTM,9bc7e2a7f83a,115,1,69,15.460121154785156,0.2240597268809443
2026,random,CNN + Bi-LSTM,9d5f7013084c,177,1,100,27.95352554321289,0.2795352554321289
2026,random,CNN + Bi-LSTM,9daa955b65af,115,3,207,39.768348693847656,0.19211762654032685
2026,random,CNN + Bi-LSTM,9e90976be28e,177,1,100,26.41655731201172,0.2641655731201172
2026,random,CNN + Bi-LSTM,a06d91676a20,177,1,100,21.696123123168945,0.21696123123168945
2026,random,CNN + Bi-LSTM,a0b0ef4e1f35,177,1,100,19.81061553955078,0.1981061553955078
2026,random,CNN + Bi-LSTM,a105b526b8dc,177,1,100,29.073699951171875,0.2907369995117188
2026,random,CNN + Bi-LSTM,a1fefb14b835,170,1,103,23.884227752685547,0.23188570633675287
2026,random,CNN + Bi-LSTM,a243952c28ea,177,1,100,24.33877182006836,0.24338771820068358
2026,random,CNN + Bi-LSTM,a424ac1d4a52,177,1,100,15.682528495788574,0.15682528495788575
2026,random,CNN + Bi-LSTM,a5088241dda4,177,1,100,23.058013916015625,0.23058013916015624
2026,random,CNN + Bi-LSTM,a8718d937714,177,1,100,15.869843482971191,0.1586984348297119
2026,random,CNN + Bi-LSTM,ab1e419ea120,177,1,100,16.72472381591797,0.1672472381591797
2026,random,CNN + Bi-LSTM,abe0c14c2ecf,177,1,100,22.607868194580078,0.22607868194580077
2026,random,CNN + Bi-LSTM,ac56a24c00ae,177,1,100,23.559335708618164,0.23559335708618165
2026,random,CNN + Bi-LSTM,ae32d5576d78,177,1,100,33.36491394042969,0.33364913940429686
2026,random,CNN + Bi-LSTM,b0af9222dd8f,177,1,100,16.858009338378906,0.16858009338378907
2026,random,CNN + Bi-LSTM,b0ba773e0fa3,177,1,100,23.847166061401367,0.23847166061401368
2026,random,CNN + Bi-LSTM,b10323c415dc,177,1,100,17.1988468170166,0.17198846817016603
2026,random,CNN + Bi-LSTM,b353b38ef89a,177,1,100,15.765649795532227,0.15765649795532227
2026,random,CNN + Bi-LSTM,b3b4a16c3cb0,177,1,100,17.70699119567871,0.17706991195678712
2026,random,CNN + Bi-LSTM,b45a1c2acaf7,177,1,100,18.178573608398438,0.18178573608398438
2026,random,CNN + Bi-LSTM,b45f64bff0ec,170,1,103,32.43680191040039,0.31492040689709117
2026,random,CNN + Bi-LSTM,b58966773d48,177,1,100,22.94991683959961,0.2294991683959961
2026,random,CNN + Bi-LSTM,b6a20c074b42,177,1,100,16.637300491333008,0.16637300491333007
2026,random,CNN + Bi-LSTM,bb3f9866fb78,177,1,100,19.371505737304688,0.19371505737304687
2026,random,CNN + Bi-LSTM,bba029af6113,177,1,100,26.460758209228516,0.26460758209228513
2026,random,CNN + Bi-LSTM,bd49e78c5fc6,177,1,100,18.635337829589844,0.18635337829589843
2026,random,CNN + Bi-LSTM,bd9c43ea1b3a,177,1,100,18.97650909423828,0.1897650909423828
2026,random,CNN + Bi-LSTM,bdb01a966035,177,1,100,21.40083122253418,0.2140083122253418
2026,random,CNN + Bi-LSTM,bf52fe408d2d,170,1,103,20.871849060058594,0.2026393112627048
2026,random,CNN + Bi-LSTM,c12c53d05954,177,1,100,20.97907257080078,0.2097907257080078
2026,random,CNN + Bi-LSTM,c3e8658ea020,177,1,100,21.812097549438477,0.21812097549438478
2026,random,CNN + Bi-LSTM,c516516687ad,206,1,139,25.86334991455078,0.18606726557230777
2026,random,CNN + Bi-LSTM,c6158741f146,155,2,218,44.37240219116211,0.20354312931725738
2026,random,CNN + Bi-LSTM,c63697fb7d10,115,1,69,12.032919883728027,0.17439014324243518
2026,random,CNN + Bi-LSTM,c75b2d358afd,170,1,103,30.978416442871094,0.3007613246880689
2026,random,CNN + Bi-LSTM,c79d1823a62a,177,1,100,22.16721534729004,0.2216721534729004
2026,random,CNN + Bi-LSTM,c8d0641e7611,177,1,100,16.372203826904297,0.16372203826904297
2026,random,CNN + Bi-LSTM,ca2055b0bc50,177,1,100,22.53981590270996,0.22539815902709961
2026,random,CNN + Bi-LSTM,ca7ef59e8a1f,177,1,100,22.995609283447266,0.22995609283447266
2026,random,CNN + Bi-LSTM,cc85c5cf1b74,177,1,100,25.991212844848633,0.2599121284484863
2026,random,CNN + Bi-LSTM,ce363e7d2b21,177,1,100,18.526424407958984,0.18526424407958986
2026,random,CNN + Bi-LSTM,cee1ae18f9ba,177,1,100,26.94945526123047,0.2694945526123047
2026,random,CNN + Bi-LSTM,d082ba6874b8,177,1,100,23.175662994384766,0.23175662994384766
2026,random,CNN + Bi-LSTM,d22c898564c6,170,1,103,29.060640335083008,0.2821421391755632
2026,random,CNN + Bi-LSTM,d22eb18e379f,177,1,100,20.445510864257812,0.20445510864257813
2026,random,CNN + Bi-LSTM,d2ff03fe8f31,177,1,100,24.485122680664062,0.24485122680664062
2026,random,CNN + Bi-LSTM,d4d4798aece8,177,2,200,51.1262321472168,0.255631160736084
2026,random,CNN + Bi-LSTM,d4ebee2dcd9f,177,1,100,20.731834411621094,0.20731834411621095
2026,random,CNN + Bi-LSTM,d6a643cf0586,177,1,100,19.31216812133789,0.19312168121337892
2026,random,CNN + Bi-LSTM,d70bbd49b4bc,177,2,200,38.5301628112793,0.19265081405639647
2026,random,CNN + Bi-LSTM,d7a8b2131ba8,177,1,100,23.121295928955078,0.23121295928955077
2026,random,CNN + Bi-LSTM,d83ac864c470,177,1,100,23.45339584350586,0.2345339584350586
2026,random,CNN + Bi-LSTM,d8524c7987d9,177,1,100,22.487621307373047,0.22487621307373046
2026,random,CNN + Bi-LSTM,db473c1c9134,177,1,100,19.832653045654297,0.19832653045654297
2026,random,CNN + Bi-LSTM,db984589a911,177,1,100,22.82065200805664,0.2282065200805664
2026,random,CNN + Bi-LSTM,ddaba4d0f57a,177,1,100,22.48383331298828,0.2248383331298828
2026,random,CNN + Bi-LSTM,ddc7771b98ea,177,2,200,35.988874435424805,0.17994437217712403
2026,random,CNN + Bi-LSTM,e17505dfad4f,177,1,100,24.65350914001465,0.24653509140014648
2026,random,CNN + Bi-LSTM,e2566b3e73bc,177,1,100,13.437469482421875,0.13437469482421874
2026,random,CNN + Bi-LSTM,e4990f59c0e6,177,1,100,16.18299102783203,0.1618299102783203
2026,random,CNN + Bi-LSTM,e5f912daeacc,170,1,103,37.24592971801758,0.361610968136093
2026,random,CNN + Bi-LSTM,e85dbbc1e389,177,1,100,18.699155807495117,0.18699155807495116
2026,random,CNN + Bi-LSTM,e94324fb08d2,177,1,100,12.839106559753418,0.1283910655975342
2026,random,CNN + Bi-LSTM,ea440686c5f3,177,1,100,21.40819549560547,0.2140819549560547
2026,random,CNN + Bi-LSTM,ea828aee2706,170,1,103,16.4349422454834,0.15956254607265435
2026,random,CNN + Bi-LSTM,eaa924622a92,177,1,100,28.04031753540039,0.2804031753540039
2026,random,CNN + Bi-LSTM,eb86cc06ac7d,177,1,100,24.941238403320312,0.24941238403320312
2026,random,CNN + Bi-LSTM,ec2155bf79b1,177,1,100,22.911876678466797,0.22911876678466797
2026,random,CNN + Bi-LSTM,edce1b5caf37,177,1,100,19.099788665771484,0.19099788665771483
2026,random,CNN + Bi-LSTM,ee8a77927da7,177,2,200,35.808162689208984,0.17904081344604492
2026,random,CNN + Bi-LSTM,ef76ddb4ecf8,177,1,100,24.85406494140625,0.2485406494140625
2026,random,CNN + Bi-LSTM,f1910a65a0ba,177,1,100,25.78485107421875,0.2578485107421875
2026,random,CNN + Bi-LSTM,f277d5cbe2b7,177,1,100,21.448699951171875,0.21448699951171876
2026,random,CNN + Bi-LSTM,f324bf040057,177,1,100,23.616466522216797,0.23616466522216797
2026,random,CNN + Bi-LSTM,f53fd985bf4f,177,1,100,16.97274398803711,0.1697274398803711
2026,random,CNN + Bi-LSTM,f7328a417154,177,1,100,26.61246109008789,0.2661246109008789
2026,random,CNN + Bi-LSTM,f79f1ddf3adf,177,1,100,24.418529510498047,0.24418529510498047
2026,random,CNN + Bi-LSTM,f7b83ed80d32,115,2,138,23.610514640808105,0.17109068580295728
2026,random,CNN + Bi-LSTM,f8e4234a38dd,177,1,100,21.39944076538086,0.2139944076538086
2026,random,CNN + Bi-LSTM,f9ec3cae1256,177,1,100,17.354137420654297,0.17354137420654298
2026,random,CNN + Bi-LSTM,fa4a785a1e2c,177,1,100,11.663883209228516,0.11663883209228515
2026,random,CNN + Bi-LSTM,fe0b5fe3429f,115,1,69,17.502180099487305,0.25365478405054065
2026,random,CNN + Bi-LSTM,ff7b4f60348d,177,1,100,14.998279571533203,0.14998279571533202
2026,random,CNN + Bi-LSTM,ffc7594f7c75,177,1,100,15.080327033996582,0.15080327033996582
2026,random,CNN + Bi-LSTM,ffeb117251f6,177,1,100,22.20920181274414,0.2220920181274414
2026,random,CNN + LSTM + Transformer,0272ab36bc3b,115,2,138,33.90276622772217,0.245672219041465
2026,random,CNN + LSTM + Transformer,035e9e6cf34c,115,3,207,40.87430000305176,0.19746038648817274
2026,random,CNN + LSTM + Transformer,03f96eb1828c,115,1,69,9.358292579650879,0.13562742869059244
2026,random,CNN + LSTM + Transformer,04396fb86ca3,177,1,100,14.907687187194824,0.14907687187194824
2026,random,CNN + LSTM + Transformer,04e856bc5974,170,1,103,26.006938934326172,0.25249455276044824
2026,random,CNN + LSTM + Transformer,08512c001196,177,1,100,19.98578453063965,0.1998578453063965
2026,random,CNN + LSTM + Transformer,085903ed7e59,177,1,100,20.75530242919922,0.20755302429199218
2026,random,CNN + LSTM + Transformer,0898c68f6259,177,1,100,20.383163452148438,0.20383163452148437
2026,random,CNN + LSTM + Transformer,089e61c944a9,206,1,139,29.435848236083984,0.21176869234592793
2026,random,CNN + LSTM + Transformer,0b8057b073ff,177,1,100,20.531892776489258,0.20531892776489258
2026,random,CNN + LSTM + Transformer,0bb1fef9c01f,115,5,345,86.53583717346191,0.2508285135462664
2026,random,CNN + LSTM + Transformer,0cd68d709c4d,170,1,103,25.3858642578125,0.24646470153216019
2026,random,CNN + LSTM + Transformer,0dccb529bf3c,177,1,100,32.90962600708008,0.3290962600708008
2026,random,CNN + LSTM + Transformer,0f22f7cd7fe8,177,1,100,21.861740112304688,0.21861740112304687
2026,random,CNN + LSTM + Transformer,0f360b425026,177,1,100,18.427845001220703,0.18427845001220702
2026,random,CNN + LSTM + Transformer,0fd452b752a6,177,1,100,24.29254722595215,0.2429254722595215
2026,random,CNN + LSTM + Transformer,102a7ca52232,177,1,100,13.990337371826172,0.13990337371826173
2026,random,CNN + LSTM + Transformer,1036b341cec4,177,1,100,26.03382110595703,0.26033821105957033
2026,random,CNN + LSTM + Transformer,11d527519b73,177,1,100,27.23757553100586,0.2723757553100586
2026,random,CNN + LSTM + Transformer,126043caf177,177,1,100,21.34720802307129,0.2134720802307129
2026,random,CNN + LSTM + Transformer,153bfcfca279,177,1,100,21.95038604736328,0.21950386047363282
2026,random,CNN + LSTM + Transformer,1779958216e1,155,1,109,21.215194702148438,0.19463481378117833
2026,random,CNN + LSTM + Transformer,189c05ad7878,177,1,100,15.270809173583984,0.15270809173583985
2026,random,CNN + LSTM + Transformer,1a37fae9bc4d,177,1,100,28.30463409423828,0.2830463409423828
2026,random,CNN + LSTM + Transformer,1a8ade2eb711,177,1,100,22.213346481323242,0.22213346481323243
2026,random,CNN + LSTM + Transformer,1addba38ac05,177,1,100,29.544275283813477,0.29544275283813476
2026,random,CNN + LSTM + Transformer,1bbd9d595bb3,177,1,100,26.32016944885254,0.2632016944885254
2026,random,CNN + LSTM + Transformer,1d236c0283a5,177,1,100,15.117476463317871,0.15117476463317872
2026,random,CNN + LSTM + Transformer,1e88517b6fa8,177,1,100,18.518590927124023,0.18518590927124023
2026,random,CNN + LSTM + Transformer,20651db0eb9e,115,2,138,24.267532348632812,0.17585168368574502
2026,random,CNN + LSTM + Transformer,20e55234592e,177,1,100,27.877777099609375,0.27877777099609374
2026,random,CNN + LSTM + Transformer,216f53030b5b,177,1,100,19.912912368774414,0.19912912368774413
2026,random,CNN + LSTM + Transformer,2295a7fe6cae,177,1,100,19.095378875732422,0.19095378875732422
2026,random,CNN + LSTM + Transformer,24dcf6d98330,177,1,100,18.572521209716797,0.18572521209716797
2026,random,CNN + LSTM + Transformer,252932faf3f5,170,1,103,31.313579559326172,0.30401533552743853
2026,random,CNN + LSTM + Transformer,2627630aaca8,177,1,100,22.976726531982422,0.22976726531982422
2026,random,CNN + LSTM + Transformer,26859f0d3bd0,177,1,100,23.80961036682129,0.23809610366821288
2026,random,CNN + LSTM + Transformer,26bd1dc7890f,177,2,200,44.76839065551758,0.22384195327758788
2026,random,CNN + LSTM + Transformer,26ffb691d725,177,1,100,24.333335876464844,0.24333335876464843
2026,random,CNN + LSTM + Transformer,27e5b80e391c,177,1,100,20.719133377075195,0.20719133377075194
2026,random,CNN + LSTM + Transformer,283c352fade2,177,1,100,27.95047378540039,0.2795047378540039
2026,random,CNN + LSTM + Transformer,28bc4e22ceaf,206,1,139,33.95442199707031,0.24427641724511015
2026,random,CNN + LSTM + Transformer,2918b4232e00,177,2,200,41.646310806274414,0.20823155403137206
2026,random,CNN + LSTM + Transformer,295136924321,177,1,100,20.981399536132812,0.20981399536132814
2026,random,CNN + LSTM + Transformer,29cbd86eabdd,177,1,100,27.69881820678711,0.27698818206787107
2026,random,CNN + LSTM + Transformer,29ee7d0025b8,177,2,200,40.76656913757324,0.20383284568786622
2026,random,CNN + LSTM + Transformer,2b726bf27d94,177,1,100,18.644390106201172,0.18644390106201172
2026,random,CNN + LSTM + Transformer,300177e4ff12,177,1,100,14.30003547668457,0.1430003547668457
2026,random,CNN + LSTM + Transformer,3022c6c6a9f2,170,1,103,23.00310516357422,0.22333111809295358
2026,random,CNN + LSTM + Transformer,307c1f08e04a,177,1,100,16.46630096435547,0.16466300964355468
2026,random,CNN + LSTM + Transformer,317753dcba04,177,1,100,19.813827514648438,0.19813827514648438
2026,random,CNN + LSTM + Transformer,33008566a4a3,177,1,100,21.919437408447266,0.21919437408447265
2026,random,CNN + LSTM + Transformer,3426d40eb72e,115,2,138,30.324567794799805,0.21974324488985367
2026,random,CNN + LSTM + Transformer,34721178b1ba,177,1,100,16.65528106689453,0.1665528106689453
2026,random,CNN + LSTM + Transformer,3493a8f3518e,177,1,100,29.824800491333008,0.2982480049133301
2026,random,CNN + LSTM + Transformer,34d54e4d6312,177,1,100,14.836097717285156,0.14836097717285157
2026,random,CNN + LSTM + Transformer,34eef325c359,177,1,100,26.24815559387207,0.2624815559387207
2026,random,CNN + LSTM + Transformer,358ee8f86b9a,177,1,100,26.034347534179688,0.26034347534179686
2026,random,CNN + LSTM + Transformer,359089533e94,177,1,100,17.172630310058594,0.17172630310058593
2026,random,CNN + LSTM + Transformer,361c669eb3cb,177,1,100,26.503034591674805,0.26503034591674807
2026,random,CNN + LSTM + Transformer,37736c9a44a1,177,1,100,34.87886047363281,0.3487886047363281
2026,random,CNN + LSTM + Transformer,3821b3cc46c7,170,1,103,27.225717544555664,0.2643273548015113
2026,random,CNN + LSTM + Transformer,38fdd8a2fc75,177,1,100,25.10102081298828,0.25101020812988284
2026,random,CNN + LSTM + Transformer,396b2159ef2b,115,2,138,29.185033798217773,0.21148575216099835
2026,random,CNN + LSTM + Transformer,3a8ebf9252ae,177,1,100,23.692777633666992,0.23692777633666992
2026,random,CNN + LSTM + Transformer,3afc9019d631,177,1,100,23.800729751586914,0.23800729751586913
2026,random,CNN + LSTM + Transformer,3bb2327e03aa,177,1,100,10.86955738067627,0.1086955738067627
2026,random,CNN + LSTM + Transformer,3cc3a93aeaf5,177,1,100,16.523069381713867,0.16523069381713867
2026,random,CNN + LSTM + Transformer,3d5eaa4b3556,177,1,100,19.107769012451172,0.19107769012451173
2026,random,CNN + LSTM + Transformer,4067ea5de969,177,1,100,23.005924224853516,0.23005924224853516
2026,random,CNN + LSTM + Transformer,407d4fef56da,177,1,100,24.301782608032227,0.24301782608032227
2026,random,CNN + LSTM + Transformer,425ef6f4891e,115,3,207,44.585777282714844,0.21539022841891228
2026,random,CNN + LSTM + Transformer,4436038443ae,177,1,100,25.676334381103516,0.25676334381103516
2026,random,CNN + LSTM + Transformer,44bef388f93c,177,1,100,22.0712947845459,0.22071294784545897
2026,random,CNN + LSTM + Transformer,473f8a76ad35,177,1,100,22.39345932006836,0.2239345932006836
2026,random,CNN + LSTM + Transformer,47e70bea92cb,177,1,100,30.22621726989746,0.3022621726989746
2026,random,CNN + LSTM + Transformer,48ce5ae2bbd0,177,1,100,29.47671127319336,0.29476711273193357
2026,random,CNN + LSTM + Transformer,4b4008b731a6,177,1,100,26.63237953186035,0.2663237953186035
2026,random,CNN + LSTM + Transformer,4c2e91d47371,177,1,100,24.918500900268555,0.24918500900268556
2026,random,CNN + LSTM + Transformer,4c4a792fef44,177,1,100,16.063737869262695,0.16063737869262695
2026,random,CNN + LSTM + Transformer,4eb42f96ee6e,177,1,100,17.084035873413086,0.17084035873413086
2026,random,CNN + LSTM + Transformer,4f61f14d7ccd,177,1,100,31.613332748413086,0.31613332748413087
2026,random,CNN + LSTM + Transformer,516f03eda3bd,177,1,100,26.33285903930664,0.2633285903930664
2026,random,CNN + LSTM + Transformer,51eb05be889c,177,1,100,17.552217483520508,0.17552217483520507
2026,random,CNN + LSTM + Transformer,52881c2d896b,177,1,100,32.65643310546875,0.3265643310546875
2026,random,CNN + LSTM + Transformer,5382aa6b3a3e,170,1,103,32.32162094116211,0.3138021450598263
2026,random,CNN + LSTM + Transformer,543016117713,177,1,100,28.244287490844727,0.2824428749084473
2026,random,CNN + LSTM + Transformer,56340500f232,177,1,100,18.937458038330078,0.1893745803833008
2026,random,CNN + LSTM + Transformer,56834490e48c,177,1,100,20.852020263671875,0.20852020263671875
2026,random,CNN + LSTM + Transformer,57b301d4b23c,177,1,100,28.25478744506836,0.2825478744506836
2026,random,CNN + LSTM + Transformer,59f78fe3e6e1,177,1,100,11.804733276367188,0.11804733276367188
2026,random,CNN + LSTM + Transformer,5a1ac43bb51f,177,1,100,35.21306610107422,0.3521306610107422
2026,random,CNN + LSTM + Transformer,5ad59819262c,177,1,100,21.09200668334961,0.2109200668334961
2026,random,CNN + LSTM + Transformer,5b6873b846ac,177,1,100,17.89752197265625,0.1789752197265625
2026,random,CNN + LSTM + Transformer,5db27aa280ac,177,1,100,19.88675308227539,0.1988675308227539
2026,random,CNN + LSTM + Transformer,5f589c58a1e5,177,1,100,13.084750175476074,0.13084750175476073
2026,random,CNN + LSTM + Transformer,6303e65be1f9,177,1,100,25.240036010742188,0.2524003601074219
2026,random,CNN + LSTM + Transformer,6566b9d16a4f,177,2,200,32.06032943725586,0.1603016471862793
2026,random,CNN + LSTM + Transformer,66ffec07e4eb,177,1,100,15.117084503173828,0.15117084503173828
2026,random,CNN + LSTM + Transformer,681f424d2a28,177,1,100,20.847267150878906,0.20847267150878906
2026,random,CNN + LSTM + Transformer,69eb3238a425,177,1,100,23.565263748168945,0.23565263748168946
2026,random,CNN + LSTM + Transformer,6af096752fb1,177,1,100,19.563735961914062,0.19563735961914064
2026,random,CNN + LSTM + Transformer,6bef2e6199c5,177,1,100,26.102251052856445,0.26102251052856446
2026,random,CNN + LSTM + Transformer,6c58175512b8,177,1,100,16.365154266357422,0.1636515426635742
2026,random,CNN + LSTM + Transformer,6cecd82a8297,177,1,100,30.03937530517578,0.3003937530517578
2026,random,CNN + LSTM + Transformer,6e0e8fab5c50,177,1,100,16.745590209960938,0.16745590209960937
2026,random,CNN + LSTM + Transformer,6e4b8bc6a732,177,1,100,27.242816925048828,0.2724281692504883
2026,random,CNN + LSTM + Transformer,6e643483a2f3,170,1,103,31.773441314697266,0.3084800127640511
2026,random,CNN + LSTM + Transformer,70eecb8b1ddd,177,1,100,12.180855751037598,0.12180855751037598
2026,random,CNN + LSTM + Transformer,72445f6483f6,177,1,100,32.248268127441406,0.32248268127441404
2026,random,CNN + LSTM + Transformer,72d6523439bc,177,1,100,24.0468807220459,0.240468807220459
2026,random,CNN + LSTM + Transformer,7340051cbcda,177,1,100,18.492467880249023,0.18492467880249022
2026,random,CNN + LSTM + Transformer,75604c2f991f,177,1,100,17.004276275634766,0.17004276275634767
2026,random,CNN + LSTM + Transformer,777cb59044bb,177,1,100,13.875882148742676,0.13875882148742677
2026,random,CNN + LSTM + Transformer,787c9c25d533,177,1,100,18.885658264160156,0.18885658264160157
2026,random,CNN + LSTM + Transformer,7b3e71bbe05f,177,1,100,26.98261260986328,0.2698261260986328
2026,random,CNN + LSTM + Transformer,7b700750f538,177,2,200,44.39518165588379,0.22197590827941893
2026,random,CNN + LSTM + Transformer,7b8e1643f60f,177,1,100,24.301023483276367,0.24301023483276368
2026,random,CNN + LSTM + Transformer,7c99cd421bef,177,1,100,29.1508846282959,0.291508846282959
2026,random,CNN + LSTM + Transformer,7dba70a356c4,177,1,100,24.780288696289062,0.24780288696289063
2026,random,CNN + LSTM + Transformer,803a17a5c1c8,177,1,100,15.356134414672852,0.1535613441467285
2026,random,CNN + LSTM + Transformer,80631598f86f,177,1,100,22.897659301757812,0.2289765930175781
2026,random,CNN + LSTM + Transformer,807abc329263,177,1,100,17.861392974853516,0.17861392974853516
2026,random,CNN + LSTM + Transformer,80fa18d8ce56,177,1,100,23.14554214477539,0.2314554214477539
2026,random,CNN + LSTM + Transformer,814435e2f515,177,1,100,18.215225219726562,0.18215225219726563
2026,random,CNN + LSTM + Transformer,819f3bba1521,177,1,100,21.292438507080078,0.21292438507080078
2026,random,CNN + LSTM + Transformer,8270669437e3,170,1,103,25.381134033203125,0.24641877702138956
2026,random,CNN + LSTM + Transformer,831d0e00c1ca,177,1,100,14.213147163391113,0.14213147163391113
2026,random,CNN + LSTM + Transformer,84b6668ed69a,177,1,100,31.831912994384766,0.31831912994384765
2026,random,CNN + LSTM + Transformer,851f33bb5b99,177,2,200,44.96707344055176,0.2248353672027588
2026,random,CNN + LSTM + Transformer,86cc9f022072,177,1,100,27.982215881347656,0.27982215881347655
2026,random,CNN + LSTM + Transformer,8719373052f3,177,1,100,17.529590606689453,0.17529590606689452
2026,random,CNN + LSTM + Transformer,87ba6aa041c5,177,1,100,24.14187240600586,0.2414187240600586
2026,random,CNN + LSTM + Transformer,8866b39d0dbc,177,1,100,17.565174102783203,0.17565174102783204
2026,random,CNN + LSTM + Transformer,88a6e9e3dabc,177,1,100,26.328758239746094,0.2632875823974609
2026,random,CNN + LSTM + Transformer,88cd62ad83dc,177,1,100,14.536825180053711,0.1453682518005371
2026,random,CNN + LSTM + Transformer,8951cda616ab,177,1,100,19.00281524658203,0.1900281524658203
2026,random,CNN + LSTM + Transformer,89acfee2dd1e,177,1,100,35.37561798095703,0.3537561798095703
2026,random,CNN + LSTM + Transformer,8bbcfb9df552,177,1,100,23.787622451782227,0.23787622451782225
2026,random,CNN + LSTM + Transformer,8d65802c93f6,177,1,100,17.411014556884766,0.17411014556884766
2026,random,CNN + LSTM + Transformer,8d8898afeacd,177,1,100,27.430957794189453,0.27430957794189453
2026,random,CNN + LSTM + Transformer,8da9117f426e,177,1,100,22.410053253173828,0.22410053253173828
2026,random,CNN + LSTM + Transformer,8fc727a29eab,177,1,100,16.605674743652344,0.16605674743652343
2026,random,CNN + LSTM + Transformer,915d2eedd3bf,177,2,200,50.431718826293945,0.25215859413146974
2026,random,CNN + LSTM + Transformer,91780f043406,177,1,100,26.751178741455078,0.2675117874145508
2026,random,CNN + LSTM + Transformer,922507e201d3,177,1,100,17.621681213378906,0.17621681213378906
2026,random,CNN + LSTM + Transformer,929650a237b9,177,1,100,20.16366195678711,0.2016366195678711
2026,random,CNN + LSTM + Transformer,944239be6004,177,1,100,23.076217651367188,0.23076217651367187
2026,random,CNN + LSTM + Transformer,972ed350fb2b,177,1,100,35.66736602783203,0.3566736602783203
2026,random,CNN + LSTM + Transformer,976ff9c0495d,177,1,100,21.374603271484375,0.21374603271484374
2026,random,CNN + LSTM + Transformer,977d8b31b015,177,1,100,24.513994216918945,0.24513994216918944
2026,random,CNN + LSTM + Transformer,97fb190455b5,177,1,100,13.474020004272461,0.1347402000427246
2026,random,CNN + LSTM + Transformer,989362102b4a,177,1,100,14.730256080627441,0.1473025608062744
2026,random,CNN + LSTM + Transformer,98a61599d61d,177,1,100,30.761077880859375,0.3076107788085938
2026,random,CNN + LSTM + Transformer,99749eca5b03,177,1,100,13.638071060180664,0.13638071060180665
2026,random,CNN + LSTM + Transformer,9a462a03096b,177,1,100,22.810543060302734,0.22810543060302735
2026,random,CNN + LSTM + Transformer,9a6a4f63f2be,177,1,100,20.693330764770508,0.20693330764770507
2026,random,CNN + LSTM + Transformer,9a8223d89a30,177,1,100,13.986308097839355,0.13986308097839356
2026,random,CNN + LSTM + Transformer,9ac65806a800,177,1,100,14.035005569458008,0.1403500556945801
2026,random,CNN + LSTM + Transformer,9bc7e2a7f83a,115,1,69,19.222379684448242,0.27858521281809046
2026,random,CNN + LSTM + Transformer,9d5f7013084c,177,1,100,28.810590744018555,0.28810590744018555
2026,random,CNN + LSTM + Transformer,9daa955b65af,115,3,207,49.607343673706055,0.23964900325461863
2026,random,CNN + LSTM + Transformer,9e90976be28e,177,1,100,26.798084259033203,0.26798084259033206
2026,random,CNN + LSTM + Transformer,a06d91676a20,177,1,100,23.164627075195312,0.23164627075195313
2026,random,CNN + LSTM + Transformer,a0b0ef4e1f35,177,1,100,24.503463745117188,0.24503463745117188
2026,random,CNN + LSTM + Transformer,a105b526b8dc,177,1,100,28.096696853637695,0.2809669685363769
2026,random,CNN + LSTM + Transformer,a1fefb14b835,170,1,103,22.987009048461914,0.22317484513069819
2026,random,CNN + LSTM + Transformer,a243952c28ea,177,1,100,25.355632781982422,0.25355632781982423
2026,random,CNN + LSTM + Transformer,a424ac1d4a52,177,1,100,15.872297286987305,0.15872297286987305
2026,random,CNN + LSTM + Transformer,a5088241dda4,177,1,100,23.316099166870117,0.23316099166870116
2026,random,CNN + LSTM + Transformer,a8718d937714,177,1,100,16.058265686035156,0.16058265686035156
2026,random,CNN + LSTM + Transformer,ab1e419ea120,177,1,100,16.288957595825195,0.16288957595825196
2026,random,CNN + LSTM + Transformer,abe0c14c2ecf,177,1,100,26.996675491333008,0.26996675491333005
2026,random,CNN + LSTM + Transformer,ac56a24c00ae,177,1,100,25.11174774169922,0.2511174774169922
2026,random,CNN + LSTM + Transformer,ae32d5576d78,177,1,100,35.0821418762207,0.350821418762207
2026,random,CNN + LSTM + Transformer,b0af9222dd8f,177,1,100,17.678361892700195,0.17678361892700195
2026,random,CNN + LSTM + Transformer,b0ba773e0fa3,177,1,100,23.615602493286133,0.23615602493286134
2026,random,CNN + LSTM + Transformer,b10323c415dc,177,1,100,18.363317489624023,0.18363317489624023
2026,random,CNN + LSTM + Transformer,b353b38ef89a,177,1,100,17.560474395751953,0.17560474395751954
2026,random,CNN + LSTM + Transformer,b3b4a16c3cb0,177,1,100,19.547584533691406,0.19547584533691406
2026,random,CNN + LSTM + Transformer,b45a1c2acaf7,177,1,100,18.91265106201172,0.18912651062011718
2026,random,CNN + LSTM + Transformer,b45f64bff0ec,170,1,103,32.430458068847656,0.3148588162024044
2026,random,CNN + LSTM + Transformer,b58966773d48,177,1,100,23.940486907958984,0.23940486907958985
2026,random,CNN + LSTM + Transformer,b6a20c074b42,177,1,100,18.912954330444336,0.18912954330444337
2026,random,CNN + LSTM + Transformer,bb3f9866fb78,177,1,100,18.999061584472656,0.18999061584472657
2026,random,CNN + LSTM + Transformer,bba029af6113,177,1,100,27.763999938964844,0.27763999938964845
2026,random,CNN + LSTM + Transformer,bd49e78c5fc6,177,1,100,18.928733825683594,0.18928733825683594
2026,random,CNN + LSTM + Transformer,bd9c43ea1b3a,177,1,100,19.287109375,0.19287109375
2026,random,CNN + LSTM + Transformer,bdb01a966035,177,1,100,20.97462272644043,0.20974622726440428
2026,random,CNN + LSTM + Transformer,bf52fe408d2d,170,1,103,19.858455657958984,0.19280054036853383
2026,random,CNN + LSTM + Transformer,c12c53d05954,177,1,100,21.479570388793945,0.21479570388793945
2026,random,CNN + LSTM + Transformer,c3e8658ea020,177,1,100,22.03337287902832,0.2203337287902832
2026,random,CNN + LSTM + Transformer,c516516687ad,206,1,139,30.611148834228516,0.22022409233257925
2026,random,CNN + LSTM + Transformer,c6158741f146,155,2,218,47.514869689941406,0.21795811784376792
2026,random,CNN + LSTM + Transformer,c63697fb7d10,115,1,69,12.394652366638184,0.1796326429947563
2026,random,CNN + LSTM + Transformer,c75b2d358afd,170,1,103,30.273483276367188,0.2939173133627882
2026,random,CNN + LSTM + Transformer,c79d1823a62a,177,1,100,21.687929153442383,0.21687929153442384
2026,random,CNN + LSTM + Transformer,c8d0641e7611,177,1,100,16.414718627929688,0.16414718627929686
2026,random,CNN + LSTM + Transformer,ca2055b0bc50,177,1,100,22.820817947387695,0.22820817947387695
2026,random,CNN + LSTM + Transformer,ca7ef59e8a1f,177,1,100,22.8740177154541,0.228740177154541
2026,random,CNN + LSTM + Transformer,cc85c5cf1b74,177,1,100,27.806947708129883,0.2780694770812988
2026,random,CNN + LSTM + Transformer,ce363e7d2b21,177,1,100,18.416259765625,0.18416259765625
2026,random,CNN + LSTM + Transformer,cee1ae18f9ba,177,1,100,27.29535484313965,0.27295354843139646
2026,random,CNN + LSTM + Transformer,d082ba6874b8,177,1,100,26.395362854003906,0.26395362854003906
2026,random,CNN + LSTM + Transformer,d22c898564c6,170,1,103,32.8404655456543,0.318839471317032
2026,random,CNN + LSTM + Transformer,d22eb18e379f,177,1,100,21.129331588745117,0.21129331588745118
2026,random,CNN + LSTM + Transformer,d2ff03fe8f31,177,1,100,25.45783233642578,0.2545783233642578
2026,random,CNN + LSTM + Transformer,d4d4798aece8,177,2,200,50.30649948120117,0.25153249740600586
2026,random,CNN + LSTM + Transformer,d4ebee2dcd9f,177,1,100,21.99666976928711,0.21996669769287108
2026,random,CNN + LSTM + Transformer,d6a643cf0586,177,1,100,19.015357971191406,0.19015357971191407
2026,random,CNN + LSTM + Transformer,d70bbd49b4bc,177,2,200,43.07333183288574,0.2153666591644287
2026,random,CNN + LSTM + Transformer,d7a8b2131ba8,177,1,100,22.228214263916016,0.22228214263916016
2026,random,CNN + LSTM + Transformer,d83ac864c470,177,1,100,22.45516014099121,0.22455160140991212
2026,random,CNN + LSTM + Transformer,d8524c7987d9,177,1,100,23.372610092163086,0.23372610092163085
2026,random,CNN + LSTM + Transformer,db473c1c9134,177,1,100,23.388702392578125,0.23388702392578126
2026,random,CNN + LSTM + Transformer,db984589a911,177,1,100,21.243391036987305,0.21243391036987305
2026,random,CNN + LSTM + Transformer,ddaba4d0f57a,177,1,100,23.719202041625977,0.23719202041625975
2026,random,CNN + LSTM + Transformer,ddc7771b98ea,177,2,200,40.912696838378906,0.20456348419189452
2026,random,CNN + LSTM + Transformer,e17505dfad4f,177,1,100,25.262435913085938,0.2526243591308594
2026,random,CNN + LSTM + Transformer,e2566b3e73bc,177,1,100,14.94702434539795,0.1494702434539795
2026,random,CNN + LSTM + Transformer,e4990f59c0e6,177,1,100,15.859658241271973,0.15859658241271973
2026,random,CNN + LSTM + Transformer,e5f912daeacc,170,1,103,37.88526153564453,0.36781807316159737
2026,random,CNN + LSTM + Transformer,e85dbbc1e389,177,1,100,23.86618995666504,0.2386618995666504
2026,random,CNN + LSTM + Transformer,e94324fb08d2,177,1,100,11.972746849060059,0.11972746849060059
2026,random,CNN + LSTM + Transformer,ea440686c5f3,177,1,100,23.75856590270996,0.2375856590270996
2026,random,CNN + LSTM + Transformer,ea828aee2706,170,1,103,17.145763397216797,0.16646372230307568
2026,random,CNN + LSTM + Transformer,eaa924622a92,177,1,100,27.41195297241211,0.27411952972412107
2026,random,CNN + LSTM + Transformer,eb86cc06ac7d,177,1,100,28.054033279418945,0.28054033279418944
2026,random,CNN + LSTM + Transformer,ec2155bf79b1,177,1,100,21.763643264770508,0.21763643264770507
2026,random,CNN + LSTM + Transformer,edce1b5caf37,177,1,100,20.146282196044922,0.2014628219604492
2026,random,CNN + LSTM + Transformer,ee8a77927da7,177,2,200,35.582454681396484,0.17791227340698243
2026,random,CNN + LSTM + Transformer,ef76ddb4ecf8,177,1,100,26.168975830078125,0.26168975830078123
2026,random,CNN + LSTM + Transformer,f1910a65a0ba,177,1,100,29.046863555908203,0.29046863555908203
2026,random,CNN + LSTM + Transformer,f277d5cbe2b7,177,1,100,20.848066329956055,0.20848066329956055
2026,random,CNN + LSTM + Transformer,f324bf040057,177,1,100,25.586383819580078,0.2558638381958008
2026,random,CNN + LSTM + Transformer,f53fd985bf4f,177,1,100,17.53522300720215,0.1753522300720215
2026,random,CNN + LSTM + Transformer,f7328a417154,177,1,100,27.114473342895508,0.27114473342895506
2026,random,CNN + LSTM + Transformer,f79f1ddf3adf,177,1,100,25.346370697021484,0.25346370697021486
2026,random,CNN + LSTM + Transformer,f7b83ed80d32,115,2,138,25.58369255065918,0.18538907645405203
2026,random,CNN + LSTM + Transformer,f8e4234a38dd,177,1,100,24.381336212158203,0.24381336212158203
2026,random,CNN + LSTM + Transformer,f9ec3cae1256,177,1,100,17.30299186706543,0.1730299186706543
2026,random,CNN + LSTM + Transformer,fa4a785a1e2c,177,1,100,11.795228004455566,0.11795228004455566
2026,random,CNN + LSTM + Transformer,fe0b5fe3429f,115,1,69,17.29456329345703,0.2506458448327106
2026,random,CNN + LSTM + Transformer,ff7b4f60348d,177,1,100,15.54189395904541,0.1554189395904541
2026,random,CNN + LSTM + Transformer,ffc7594f7c75,177,1,100,14.850154876708984,0.14850154876708985
2026,random,CNN + LSTM + Transformer,ffeb117251f6,177,1,100,23.767086029052734,0.23767086029052734
2026,random,CNN Only,0272ab36bc3b,115,2,138,33.84913635253906,0.24528359675752945
2026,random,CNN Only,035e9e6cf34c,115,3,207,38.51009750366211,0.18603911837517928
2026,random,CNN Only,03f96eb1828c,115,1,69,9.054052352905273,0.1312181500421054
2026,random,CNN Only,04396fb86ca3,177,1,100,14.746594429016113,0.14746594429016113
2026,random,CNN Only,04e856bc5974,170,1,103,24.514997482299805,0.23800968429417285
2026,random,CNN Only,08512c001196,177,1,100,18.783300399780273,0.18783300399780273
2026,random,CNN Only,085903ed7e59,177,1,100,19.870725631713867,0.19870725631713868
2026,random,CNN Only,0898c68f6259,177,1,100,19.21640396118164,0.1921640396118164
2026,random,CNN Only,089e61c944a9,206,1,139,30.50353240966797,0.2194498734508487
2026,random,CNN Only,0b8057b073ff,177,1,100,21.697433471679688,0.21697433471679686
2026,random,CNN Only,0bb1fef9c01f,115,5,345,93.16766357421875,0.27005119876585143
2026,random,CNN Only,0cd68d709c4d,170,1,103,27.889083862304688,0.27076780448839505
2026,random,CNN Only,0dccb529bf3c,177,1,100,32.60308837890625,0.3260308837890625
2026,random,CNN Only,0f22f7cd7fe8,177,1,100,21.31633758544922,0.2131633758544922
2026,random,CNN Only,0f360b425026,177,1,100,18.15306854248047,0.1815306854248047
2026,random,CNN Only,0fd452b752a6,177,1,100,24.261898040771484,0.24261898040771485
2026,random,CNN Only,102a7ca52232,177,1,100,14.315479278564453,0.14315479278564452
2026,random,CNN Only,1036b341cec4,177,1,100,25.532161712646484,0.25532161712646484
2026,random,CNN Only,11d527519b73,177,1,100,28.152027130126953,0.28152027130126955
2026,random,CNN Only,126043caf177,177,1,100,21.384567260742188,0.21384567260742188
2026,random,CNN Only,153bfcfca279,177,1,100,22.984115600585938,0.2298411560058594
2026,random,CNN Only,1779958216e1,155,1,109,22.848543167114258,0.20961966208361704
2026,random,CNN Only,189c05ad7878,177,1,100,14.975425720214844,0.14975425720214844
2026,random,CNN Only,1a37fae9bc4d,177,1,100,27.786014556884766,0.27786014556884764
2026,random,CNN Only,1a8ade2eb711,177,1,100,19.66958236694336,0.19669582366943358
2026,random,CNN Only,1addba38ac05,177,1,100,27.47317123413086,0.2747317123413086
2026,random,CNN Only,1bbd9d595bb3,177,1,100,27.20613670349121,0.2720613670349121
2026,random,CNN Only,1d236c0283a5,177,1,100,16.290443420410156,0.16290443420410156
2026,random,CNN Only,1e88517b6fa8,177,1,100,17.881498336791992,0.17881498336791993
2026,random,CNN Only,20651db0eb9e,115,2,138,27.937915802001953,0.20244866523189822
2026,random,CNN Only,20e55234592e,177,1,100,27.752296447753906,0.27752296447753905
2026,random,CNN Only,216f53030b5b,177,1,100,18.80806541442871,0.1880806541442871
2026,random,CNN Only,2295a7fe6cae,177,1,100,18.794845581054688,0.18794845581054687
2026,random,CNN Only,24dcf6d98330,177,1,100,20.683391571044922,0.2068339157104492
2026,random,CNN Only,252932faf3f5,170,1,103,28.47243881225586,0.2764314447791831
2026,random,CNN Only,2627630aaca8,177,1,100,22.3045654296875,0.223045654296875
2026,random,CNN Only,26859f0d3bd0,177,1,100,23.300338745117188,0.23300338745117188
2026,random,CNN Only,26bd1dc7890f,177,2,200,48.813560485839844,0.24406780242919923
2026,random,CNN Only,26ffb691d725,177,1,100,27.12555694580078,0.27125556945800783
2026,random,CNN Only,27e5b80e391c,177,1,100,21.01612091064453,0.2101612091064453
2026,random,CNN Only,283c352fade2,177,1,100,25.770160675048828,0.25770160675048825
2026,random,CNN Only,28bc4e22ceaf,206,1,139,31.553878784179688,0.22700632218834307
2026,random,CNN Only,2918b4232e00,177,2,200,42.35551452636719,0.21177757263183594
2026,random,CNN Only,295136924321,177,1,100,20.53565216064453,0.20535652160644532
2026,random,CNN Only,29cbd86eabdd,177,1,100,28.297740936279297,0.282977409362793
2026,random,CNN Only,29ee7d0025b8,177,2,200,39.68022155761719,0.19840110778808595
2026,random,CNN Only,2b726bf27d94,177,1,100,18.47041893005371,0.1847041893005371
2026,random,CNN Only,300177e4ff12,177,1,100,13.484832763671875,0.13484832763671875
2026,random,CNN Only,3022c6c6a9f2,170,1,103,24.966337203979492,0.24239162333960673
2026,random,CNN Only,307c1f08e04a,177,1,100,16.120264053344727,0.16120264053344727
2026,random,CNN Only,317753dcba04,177,1,100,18.437339782714844,0.18437339782714843
2026,random,CNN Only,33008566a4a3,177,1,100,21.047565460205078,0.21047565460205078
2026,random,CNN Only,3426d40eb72e,115,2,138,33.07741928100586,0.23969144406525986
2026,random,CNN Only,34721178b1ba,177,1,100,17.095932006835938,0.17095932006835937
2026,random,CNN Only,3493a8f3518e,177,1,100,29.482770919799805,0.29482770919799806
2026,random,CNN Only,34d54e4d6312,177,1,100,14.427802085876465,0.14427802085876465
2026,random,CNN Only,34eef325c359,177,1,100,25.754539489746094,0.2575453948974609
2026,random,CNN Only,358ee8f86b9a,177,1,100,29.081666946411133,0.29081666946411133
2026,random,CNN Only,359089533e94,177,1,100,17.411474227905273,0.17411474227905274
2026,random,CNN Only,361c669eb3cb,177,1,100,26.974287033081055,0.26974287033081057
2026,random,CNN Only,37736c9a44a1,177,1,100,32.227195739746094,0.32227195739746095
2026,random,CNN Only,3821b3cc46c7,170,1,103,21.9139347076416,0.21275664764700583
2026,random,CNN Only,38fdd8a2fc75,177,1,100,23.752288818359375,0.23752288818359374
2026,random,CNN Only,396b2159ef2b,115,2,138,23.691645622253418,0.1716785914656045
2026,random,CNN Only,3a8ebf9252ae,177,1,100,22.625205993652344,0.22625205993652345
2026,random,CNN Only,3afc9019d631,177,1,100,25.199474334716797,0.251994743347168
2026,random,CNN Only,3bb2327e03aa,177,1,100,11.632461547851562,0.11632461547851562
2026,random,CNN Only,3cc3a93aeaf5,177,1,100,17.06855010986328,0.1706855010986328
2026,random,CNN Only,3d5eaa4b3556,177,1,100,18.853046417236328,0.18853046417236327
2026,random,CNN Only,4067ea5de969,177,1,100,24.395017623901367,0.24395017623901366
2026,random,CNN Only,407d4fef56da,177,1,100,23.63975715637207,0.2363975715637207
2026,random,CNN Only,425ef6f4891e,115,3,207,44.501587867736816,0.21498351626926
2026,random,CNN Only,4436038443ae,177,1,100,24.76519012451172,0.24765190124511718
2026,random,CNN Only,44bef388f93c,177,1,100,21.229108810424805,0.21229108810424804
2026,random,CNN Only,473f8a76ad35,177,1,100,21.750770568847656,0.21750770568847655
2026,random,CNN Only,47e70bea92cb,177,1,100,26.9979305267334,0.269979305267334
2026,random,CNN Only,48ce5ae2bbd0,177,1,100,28.39322280883789,0.2839322280883789
2026,random,CNN Only,4b4008b731a6,177,1,100,26.812240600585938,0.26812240600585935
2026,random,CNN Only,4c2e91d47371,177,1,100,27.002323150634766,0.27002323150634766
2026,random,CNN Only,4c4a792fef44,177,1,100,16.067550659179688,0.16067550659179688
2026,random,CNN Only,4eb42f96ee6e,177,1,100,16.78651237487793,0.1678651237487793
2026,random,CNN Only,4f61f14d7ccd,177,1,100,28.725730895996094,0.28725730895996093
2026,random,CNN Only,516f03eda3bd,177,1,100,25.804452896118164,0.25804452896118163
2026,random,CNN Only,51eb05be889c,177,1,100,17.20557403564453,0.1720557403564453
2026,random,CNN Only,52881c2d896b,177,1,100,34.1910400390625,0.341910400390625
2026,random,CNN Only,5382aa6b3a3e,170,1,103,31.076448440551758,0.3017130916558423
2026,random,CNN Only,543016117713,177,1,100,28.860435485839844,0.2886043548583984
2026,random,CNN Only,56340500f232,177,1,100,19.110301971435547,0.19110301971435548
2026,random,CNN Only,56834490e48c,177,1,100,19.787364959716797,0.19787364959716797
2026,random,CNN Only,57b301d4b23c,177,1,100,25.775890350341797,0.25775890350341796
2026,random,CNN Only,59f78fe3e6e1,177,1,100,13.188860893249512,0.13188860893249513
2026,random,CNN Only,5a1ac43bb51f,177,1,100,33.837093353271484,0.33837093353271486
2026,random,CNN Only,5ad59819262c,177,1,100,21.28420066833496,0.2128420066833496
2026,random,CNN Only,5b6873b846ac,177,1,100,18.084712982177734,0.18084712982177734
2026,random,CNN Only,5db27aa280ac,177,1,100,20.252744674682617,0.20252744674682618
2026,random,CNN Only,5f589c58a1e5,177,1,100,14.335362434387207,0.14335362434387208
2026,random,CNN Only,6303e65be1f9,177,1,100,24.6844482421875,0.246844482421875
2026,random,CNN Only,6566b9d16a4f,177,2,200,33.449520111083984,0.16724760055541993
2026,random,CNN Only,66ffec07e4eb,177,1,100,16.175518035888672,0.16175518035888672
2026,random,CNN Only,681f424d2a28,177,1,100,22.56067657470703,0.2256067657470703
2026,random,CNN Only,69eb3238a425,177,1,100,23.28677749633789,0.2328677749633789
2026,random,CNN Only,6af096752fb1,177,1,100,19.348323822021484,0.19348323822021485
2026,random,CNN Only,6bef2e6199c5,177,1,100,23.264896392822266,0.23264896392822265
2026,random,CNN Only,6c58175512b8,177,1,100,17.381362915039062,0.17381362915039061
2026,random,CNN Only,6cecd82a8297,177,1,100,28.712772369384766,0.28712772369384765
2026,random,CNN Only,6e0e8fab5c50,177,1,100,20.144865036010742,0.20144865036010742
2026,random,CNN Only,6e4b8bc6a732,177,1,100,28.506120681762695,0.285061206817627
2026,random,CNN Only,6e643483a2f3,170,1,103,29.387683868408203,0.28531731911075925
2026,random,CNN Only,70eecb8b1ddd,177,1,100,12.16891098022461,0.12168910980224609
2026,random,CNN Only,72445f6483f6,177,1,100,33.1223030090332,0.33122303009033205
2026,random,CNN Only,72d6523439bc,177,1,100,26.504257202148438,0.2650425720214844
2026,random,CNN Only,7340051cbcda,177,1,100,18.219282150268555,0.18219282150268554
2026,random,CNN Only,75604c2f991f,177,1,100,17.29384994506836,0.1729384994506836
2026,random,CNN Only,777cb59044bb,177,1,100,14.748835563659668,0.14748835563659668
2026,random,CNN Only,787c9c25d533,177,1,100,19.446258544921875,0.19446258544921874
2026,random,CNN Only,7b3e71bbe05f,177,1,100,25.734434127807617,0.25734434127807615
2026,random,CNN Only,7b700750f538,177,2,200,42.91768836975098,0.2145884418487549
2026,random,CNN Only,7b8e1643f60f,177,1,100,23.287540435791016,0.23287540435791015
2026,random,CNN Only,7c99cd421bef,177,1,100,26.403411865234375,0.2640341186523438
2026,random,CNN Only,7dba70a356c4,177,1,100,24.466934204101562,0.24466934204101562
2026,random,CNN Only,803a17a5c1c8,177,1,100,16.364166259765625,0.16364166259765625
2026,random,CNN Only,80631598f86f,177,1,100,23.519638061523438,0.23519638061523437
2026,random,CNN Only,807abc329263,177,1,100,18.590539932250977,0.18590539932250977
2026,random,CNN Only,80fa18d8ce56,177,1,100,21.0836181640625,0.210836181640625
2026,random,CNN Only,814435e2f515,177,1,100,18.93326187133789,0.18933261871337892
2026,random,CNN Only,819f3bba1521,177,1,100,22.27337646484375,0.2227337646484375
2026,random,CNN Only,8270669437e3,170,1,103,26.076797485351562,0.2531727911199181
2026,random,CNN Only,831d0e00c1ca,177,1,100,14.247581481933594,0.14247581481933594
2026,random,CNN Only,84b6668ed69a,177,1,100,31.77361297607422,0.31773612976074217
2026,random,CNN Only,851f33bb5b99,177,2,200,46.65162467956543,0.23325812339782714
2026,random,CNN Only,86cc9f022072,177,1,100,27.600805282592773,0.2760080528259277
2026,random,CNN Only,8719373052f3,177,1,100,17.86037826538086,0.1786037826538086
2026,random,CNN Only,87ba6aa041c5,177,1,100,23.870386123657227,0.23870386123657228
2026,random,CNN Only,8866b39d0dbc,177,1,100,18.277217864990234,0.18277217864990233
2026,random,CNN Only,88a6e9e3dabc,177,1,100,26.512271881103516,0.26512271881103516
2026,random,CNN Only,88cd62ad83dc,177,1,100,13.896404266357422,0.1389640426635742
2026,random,CNN Only,8951cda616ab,177,1,100,18.14773178100586,0.1814773178100586
2026,random,CNN Only,89acfee2dd1e,177,1,100,34.30447769165039,0.3430447769165039
2026,random,CNN Only,8bbcfb9df552,177,1,100,25.03679656982422,0.2503679656982422
2026,random,CNN Only,8d65802c93f6,177,1,100,18.241743087768555,0.18241743087768555
2026,random,CNN Only,8d8898afeacd,177,1,100,26.964649200439453,0.26964649200439456
2026,random,CNN Only,8da9117f426e,177,1,100,24.54755210876465,0.24547552108764648
2026,random,CNN Only,8fc727a29eab,177,1,100,17.660566329956055,0.17660566329956054
2026,random,CNN Only,915d2eedd3bf,177,2,200,49.93524742126465,0.24967623710632325
2026,random,CNN Only,91780f043406,177,1,100,27.67154884338379,0.27671548843383786
2026,random,CNN Only,922507e201d3,177,1,100,17.16012954711914,0.1716012954711914
2026,random,CNN Only,929650a237b9,177,1,100,19.114482879638672,0.19114482879638672
2026,random,CNN Only,944239be6004,177,1,100,22.896163940429688,0.22896163940429687
2026,random,CNN Only,972ed350fb2b,177,1,100,35.870948791503906,0.35870948791503904
2026,random,CNN Only,976ff9c0495d,177,1,100,21.398334503173828,0.21398334503173827
2026,random,CNN Only,977d8b31b015,177,1,100,23.862028121948242,0.23862028121948242
2026,random,CNN Only,97fb190455b5,177,1,100,13.627309799194336,0.13627309799194337
2026,random,CNN Only,989362102b4a,177,1,100,14.499855041503906,0.14499855041503906
2026,random,CNN Only,98a61599d61d,177,1,100,29.07421875,0.2907421875
2026,random,CNN Only,99749eca5b03,177,1,100,13.597829818725586,0.13597829818725585
2026,random,CNN Only,9a462a03096b,177,1,100,21.415847778320312,0.21415847778320313
2026,random,CNN Only,9a6a4f63f2be,177,1,100,19.300678253173828,0.19300678253173828
2026,random,CNN Only,9a8223d89a30,177,1,100,17.22624397277832,0.1722624397277832
2026,random,CNN Only,9ac65806a800,177,1,100,15.682731628417969,0.15682731628417967
2026,random,CNN Only,9bc7e2a7f83a,115,1,69,17.759563446044922,0.2573849774789119
2026,random,CNN Only,9d5f7013084c,177,1,100,30.49739646911621,0.3049739646911621
2026,random,CNN Only,9daa955b65af,115,3,207,46.07430458068848,0.2225811815492197
2026,random,CNN Only,9e90976be28e,177,1,100,27.138565063476562,0.2713856506347656
2026,random,CNN Only,a06d91676a20,177,1,100,23.111480712890625,0.23111480712890625
2026,random,CNN Only,a0b0ef4e1f35,177,1,100,22.154312133789062,0.22154312133789061
2026,random,CNN Only,a105b526b8dc,177,1,100,29.927644729614258,0.29927644729614256
2026,random,CNN Only,a1fefb14b835,170,1,103,22.671546936035156,0.2201121061750986
2026,random,CNN Only,a243952c28ea,177,1,100,23.661678314208984,0.23661678314208984
2026,random,CNN Only,a424ac1d4a52,177,1,100,16.497211456298828,0.16497211456298827
2026,random,CNN Only,a5088241dda4,177,1,100,23.355350494384766,0.23355350494384766
2026,random,CNN Only,a8718d937714,177,1,100,16.262496948242188,0.1626249694824219
2026,random,CNN Only,ab1e419ea120,177,1,100,15.357016563415527,0.15357016563415526
2026,random,CNN Only,abe0c14c2ecf,177,1,100,23.993911743164062,0.23993911743164062
2026,random,CNN Only,ac56a24c00ae,177,1,100,23.9852294921875,0.239852294921875
2026,random,CNN Only,ae32d5576d78,177,1,100,32.36606216430664,0.3236606216430664
2026,random,CNN Only,b0af9222dd8f,177,1,100,17.425539016723633,0.17425539016723632
2026,random,CNN Only,b0ba773e0fa3,177,1,100,23.341922760009766,0.23341922760009765
2026,random,CNN Only,b10323c415dc,177,1,100,17.646488189697266,0.17646488189697265
2026,random,CNN Only,b353b38ef89a,177,1,100,18.50625228881836,0.1850625228881836
2026,random,CNN Only,b3b4a16c3cb0,177,1,100,18.468963623046875,0.18468963623046875
2026,random,CNN Only,b45a1c2acaf7,177,1,100,20.13449478149414,0.20134494781494142
2026,random,CNN Only,b45f64bff0ec,170,1,103,32.232391357421875,0.3129358384215716
2026,random,CNN Only,b58966773d48,177,1,100,26.487855911254883,0.2648785591125488
2026,random,CNN Only,b6a20c074b42,177,1,100,18.634944915771484,0.18634944915771484
2026,random,CNN Only,bb3f9866fb78,177,1,100,18.941274642944336,0.18941274642944336
2026,random,CNN Only,bba029af6113,177,1,100,28.044692993164062,0.2804469299316406
2026,random,CNN Only,bd49e78c5fc6,177,1,100,20.712614059448242,0.20712614059448242
2026,random,CNN Only,bd9c43ea1b3a,177,1,100,19.996063232421875,0.19996063232421876
2026,random,CNN Only,bdb01a966035,177,1,100,21.44446563720703,0.2144446563720703
2026,random,CNN Only,bf52fe408d2d,170,1,103,21.947893142700195,0.21308634119126404
2026,random,CNN Only,c12c53d05954,177,1,100,21.915802001953125,0.21915802001953125
2026,random,CNN Only,c3e8658ea020,177,1,100,23.446014404296875,0.23446014404296875
2026,random,CNN Only,c516516687ad,206,1,139,26.896764755249023,0.19350190471402176
2026,random,CNN Only,c6158741f146,155,2,218,47.829505920410156,0.21940140330463376
2026,random,CNN Only,c63697fb7d10,115,1,69,11.879476547241211,0.17216632677161176
2026,random,CNN Only,c75b2d358afd,170,1,103,30.35618782043457,0.2947202701013065
2026,random,CNN Only,c79d1823a62a,177,1,100,24.24261474609375,0.2424261474609375
2026,random,CNN Only,c8d0641e7611,177,1,100,16.8977108001709,0.16897710800170898
2026,random,CNN Only,ca2055b0bc50,177,1,100,24.550819396972656,0.24550819396972656
2026,random,CNN Only,ca7ef59e8a1f,177,1,100,23.918851852416992,0.23918851852416992
2026,random,CNN Only,cc85c5cf1b74,177,1,100,30.98166275024414,0.30981662750244143
2026,random,CNN Only,ce363e7d2b21,177,1,100,17.41427230834961,0.1741427230834961
2026,random,CNN Only,cee1ae18f9ba,177,1,100,28.796573638916016,0.2879657363891602
2026,random,CNN Only,d082ba6874b8,177,1,100,23.756271362304688,0.23756271362304687
2026,random,CNN Only,d22c898564c6,170,1,103,29.24285888671875,0.2839112513273665
2026,random,CNN Only,d22eb18e379f,177,1,100,22.224151611328125,0.22224151611328125
2026,random,CNN Only,d2ff03fe8f31,177,1,100,24.321889877319336,0.24321889877319336
2026,random,CNN Only,d4d4798aece8,177,2,200,52.017948150634766,0.2600897407531738
2026,random,CNN Only,d4ebee2dcd9f,177,1,100,21.278057098388672,0.21278057098388672
2026,random,CNN Only,d6a643cf0586,177,1,100,18.65127944946289,0.1865127944946289
2026,random,CNN Only,d70bbd49b4bc,177,2,200,42.694631576538086,0.21347315788269042
2026,random,CNN Only,d7a8b2131ba8,177,1,100,22.099834442138672,0.22099834442138672
2026,random,CNN Only,d83ac864c470,177,1,100,22.04189109802246,0.22041891098022462
2026,random,CNN Only,d8524c7987d9,177,1,100,21.725502014160156,0.21725502014160156
2026,random,CNN Only,db473c1c9134,177,1,100,21.482133865356445,0.21482133865356445
2026,random,CNN Only,db984589a911,177,1,100,19.417634963989258,0.19417634963989258
2026,random,CNN Only,ddaba4d0f57a,177,1,100,23.585187911987305,0.23585187911987304
2026,random,CNN Only,ddc7771b98ea,177,2,200,41.76048278808594,0.2088024139404297
2026,random,CNN Only,e17505dfad4f,177,1,100,23.399768829345703,0.23399768829345702
2026,random,CNN Only,e2566b3e73bc,177,1,100,15.23056411743164,0.15230564117431641
2026,random,CNN Only,e4990f59c0e6,177,1,100,16.877872467041016,0.16877872467041016
2026,random,CNN Only,e5f912daeacc,170,1,103,36.501800537109375,0.3543864129816444
2026,random,CNN Only,e85dbbc1e389,177,1,100,21.497665405273438,0.21497665405273436
2026,random,CNN Only,e94324fb08d2,177,1,100,11.3618745803833,0.11361874580383301
2026,random,CNN Only,ea440686c5f3,177,1,100,22.141036987304688,0.22141036987304688
2026,random,CNN Only,ea828aee2706,170,1,103,18.148624420166016,0.17620023708899044
2026,random,CNN Only,eaa924622a92,177,1,100,27.844627380371094,0.27844627380371095
2026,random,CNN Only,eb86cc06ac7d,177,1,100,26.724761962890625,0.26724761962890625
2026,random,CNN Only,ec2155bf79b1,177,1,100,20.6249942779541,0.206249942779541
2026,random,CNN Only,edce1b5caf37,177,1,100,19.359451293945312,0.19359451293945312
2026,random,CNN Only,ee8a77927da7,177,2,200,34.41882514953613,0.17209412574768065
2026,random,CNN Only,ef76ddb4ecf8,177,1,100,25.457916259765625,0.25457916259765623
2026,random,CNN Only,f1910a65a0ba,177,1,100,27.097415924072266,0.27097415924072266
2026,random,CNN Only,f277d5cbe2b7,177,1,100,20.29317855834961,0.2029317855834961
2026,random,CNN Only,f324bf040057,177,1,100,24.413022994995117,0.24413022994995118
2026,random,CNN Only,f53fd985bf4f,177,1,100,18.311935424804688,0.18311935424804687
2026,random,CNN Only,f7328a417154,177,1,100,26.177978515625,0.26177978515625
2026,random,CNN Only,f79f1ddf3adf,177,1,100,24.962841033935547,0.24962841033935546
2026,random,CNN Only,f7b83ed80d32,115,2,138,25.3247127532959,0.1835124112557674
2026,random,CNN Only,f8e4234a38dd,177,1,100,23.808420181274414,0.23808420181274415
2026,random,CNN Only,f9ec3cae1256,177,1,100,17.777915954589844,0.17777915954589843
2026,random,CNN Only,fa4a785a1e2c,177,1,100,11.83676528930664,0.1183676528930664
2026,random,CNN Only,fe0b5fe3429f,115,1,69,18.729568481445312,0.2714430214702219
2026,random,CNN Only,ff7b4f60348d,177,1,100,17.192535400390625,0.17192535400390624
2026,random,CNN Only,ffc7594f7c75,177,1,100,13.843555450439453,0.13843555450439454
2026,random,CNN Only,ffeb117251f6,177,1,100,22.884748458862305,0.22884748458862306
2026,random,Full Model (+ViennaRNA 7d),0272ab36bc3b,115,2,138,33.28726387023926,0.24121205703071927
2026,random,Full Model (+ViennaRNA 7d),035e9e6cf34c,115,3,207,30.421380043029785,0.14696318861367047
2026,random,Full Model (+ViennaRNA 7d),03f96eb1828c,115,1,69,8.34942626953125,0.12100617781929347
2026,random,Full Model (+ViennaRNA 7d),04396fb86ca3,177,1,100,10.395604133605957,0.10395604133605957
2026,random,Full Model (+ViennaRNA 7d),04e856bc5974,170,1,103,25.936016082763672,0.2518059813860551
2026,random,Full Model (+ViennaRNA 7d),08512c001196,177,1,100,10.689629554748535,0.10689629554748535
2026,random,Full Model (+ViennaRNA 7d),085903ed7e59,177,1,100,14.285015106201172,0.1428501510620117
2026,random,Full Model (+ViennaRNA 7d),0898c68f6259,177,1,100,19.596837997436523,0.19596837997436523
2026,random,Full Model (+ViennaRNA 7d),089e61c944a9,206,1,139,25.73335838317871,0.18513207469912743
2026,random,Full Model (+ViennaRNA 7d),0b8057b073ff,177,1,100,22.565616607666016,0.22565616607666017
2026,random,Full Model (+ViennaRNA 7d),0bb1fef9c01f,115,5,345,75.39154243469238,0.2185262099556301
2026,random,Full Model (+ViennaRNA 7d),0cd68d709c4d,170,1,103,19.941930770874023,0.19361097835800023
2026,random,Full Model (+ViennaRNA 7d),0dccb529bf3c,177,1,100,27.15903091430664,0.2715903091430664
2026,random,Full Model (+ViennaRNA 7d),0f22f7cd7fe8,177,1,100,9.575697898864746,0.09575697898864746
2026,random,Full Model (+ViennaRNA 7d),0f360b425026,177,1,100,13.276605606079102,0.132766056060791
2026,random,Full Model (+ViennaRNA 7d),0fd452b752a6,177,1,100,26.29067611694336,0.26290676116943357
2026,random,Full Model (+ViennaRNA 7d),102a7ca52232,177,1,100,11.06371021270752,0.1106371021270752
2026,random,Full Model (+ViennaRNA 7d),1036b341cec4,177,1,100,19.678943634033203,0.19678943634033202
2026,random,Full Model (+ViennaRNA 7d),11d527519b73,177,1,100,27.514530181884766,0.27514530181884767
2026,random,Full Model (+ViennaRNA 7d),126043caf177,177,1,100,19.38504409790039,0.19385044097900392
2026,random,Full Model (+ViennaRNA 7d),153bfcfca279,177,1,100,21.454748153686523,0.21454748153686523
2026,random,Full Model (+ViennaRNA 7d),1779958216e1,155,1,109,12.503289222717285,0.11470907543777326
2026,random,Full Model (+ViennaRNA 7d),189c05ad7878,177,1,100,16.055166244506836,0.16055166244506835
2026,random,Full Model (+ViennaRNA 7d),1a37fae9bc4d,177,1,100,28.31705665588379,0.2831705665588379
2026,random,Full Model (+ViennaRNA 7d),1a8ade2eb711,177,1,100,22.59719467163086,0.2259719467163086
2026,random,Full Model (+ViennaRNA 7d),1addba38ac05,177,1,100,27.780038833618164,0.27780038833618165
2026,random,Full Model (+ViennaRNA 7d),1bbd9d595bb3,177,1,100,25.276960372924805,0.25276960372924806
2026,random,Full Model (+ViennaRNA 7d),1d236c0283a5,177,1,100,16.64221954345703,0.16642219543457032
2026,random,Full Model (+ViennaRNA 7d),1e88517b6fa8,177,1,100,12.513736724853516,0.12513736724853516
2026,random,Full Model (+ViennaRNA 7d),20651db0eb9e,115,2,138,21.297479152679443,0.15432955907738727
2026,random,Full Model (+ViennaRNA 7d),20e55234592e,177,1,100,30.984968185424805,0.30984968185424805
2026,random,Full Model (+ViennaRNA 7d),216f53030b5b,177,1,100,16.26694107055664,0.1626694107055664
2026,random,Full Model (+ViennaRNA 7d),2295a7fe6cae,177,1,100,18.45067596435547,0.18450675964355467
2026,random,Full Model (+ViennaRNA 7d),24dcf6d98330,177,1,100,17.370975494384766,0.17370975494384766
2026,random,Full Model (+ViennaRNA 7d),252932faf3f5,170,1,103,30.127971649169922,0.2925045791181546
2026,random,Full Model (+ViennaRNA 7d),2627630aaca8,177,1,100,20.939929962158203,0.20939929962158202
2026,random,Full Model (+ViennaRNA 7d),26859f0d3bd0,177,1,100,12.290813446044922,0.12290813446044922
2026,random,Full Model (+ViennaRNA 7d),26bd1dc7890f,177,2,200,47.53247833251953,0.23766239166259764
2026,random,Full Model (+ViennaRNA 7d),26ffb691d725,177,1,100,25.436012268066406,0.25436012268066405
2026,random,Full Model (+ViennaRNA 7d),27e5b80e391c,177,1,100,23.319305419921875,0.23319305419921876
2026,random,Full Model (+ViennaRNA 7d),283c352fade2,177,1,100,23.67584228515625,0.2367584228515625
2026,random,Full Model (+ViennaRNA 7d),28bc4e22ceaf,206,1,139,27.560041427612305,0.19827367933534032
2026,random,Full Model (+ViennaRNA 7d),2918b4232e00,177,2,200,37.65024375915527,0.18825121879577636
2026,random,Full Model (+ViennaRNA 7d),295136924321,177,1,100,15.845779418945312,0.15845779418945313
2026,random,Full Model (+ViennaRNA 7d),29cbd86eabdd,177,1,100,21.187381744384766,0.21187381744384765
2026,random,Full Model (+ViennaRNA 7d),29ee7d0025b8,177,2,200,35.18817329406738,0.1759408664703369
2026,random,Full Model (+ViennaRNA 7d),2b726bf27d94,177,1,100,18.39623260498047,0.1839623260498047
2026,random,Full Model (+ViennaRNA 7d),300177e4ff12,177,1,100,8.254823684692383,0.08254823684692383
2026,random,Full Model (+ViennaRNA 7d),3022c6c6a9f2,170,1,103,25.35856056213379,0.24619961710809504
2026,random,Full Model (+ViennaRNA 7d),307c1f08e04a,177,1,100,19.32099151611328,0.1932099151611328
2026,random,Full Model (+ViennaRNA 7d),317753dcba04,177,1,100,21.329490661621094,0.21329490661621095
2026,random,Full Model (+ViennaRNA 7d),33008566a4a3,177,1,100,12.981493949890137,0.12981493949890135
2026,random,Full Model (+ViennaRNA 7d),3426d40eb72e,115,2,138,26.60524272918701,0.19279161397961603
2026,random,Full Model (+ViennaRNA 7d),34721178b1ba,177,1,100,15.652168273925781,0.15652168273925782
2026,random,Full Model (+ViennaRNA 7d),3493a8f3518e,177,1,100,21.689292907714844,0.21689292907714844
2026,random,Full Model (+ViennaRNA 7d),34d54e4d6312,177,1,100,14.932003021240234,0.14932003021240234
2026,random,Full Model (+ViennaRNA 7d),34eef325c359,177,1,100,22.902198791503906,0.22902198791503905
2026,random,Full Model (+ViennaRNA 7d),358ee8f86b9a,177,1,100,24.865787506103516,0.24865787506103515
2026,random,Full Model (+ViennaRNA 7d),359089533e94,177,1,100,14.479874610900879,0.14479874610900878
2026,random,Full Model (+ViennaRNA 7d),361c669eb3cb,177,1,100,29.456520080566406,0.29456520080566406
2026,random,Full Model (+ViennaRNA 7d),37736c9a44a1,177,1,100,27.671419143676758,0.27671419143676756
2026,random,Full Model (+ViennaRNA 7d),3821b3cc46c7,170,1,103,21.126737594604492,0.20511395722916984
2026,random,Full Model (+ViennaRNA 7d),38fdd8a2fc75,177,1,100,18.27320098876953,0.1827320098876953
2026,random,Full Model (+ViennaRNA 7d),396b2159ef2b,115,2,138,18.871804237365723,0.1367522046185922
2026,random,Full Model (+ViennaRNA 7d),3a8ebf9252ae,177,1,100,19.594005584716797,0.19594005584716798
2026,random,Full Model (+ViennaRNA 7d),3afc9019d631,177,1,100,21.79559326171875,0.2179559326171875
2026,random,Full Model (+ViennaRNA 7d),3bb2327e03aa,177,1,100,15.447330474853516,0.15447330474853516
2026,random,Full Model (+ViennaRNA 7d),3cc3a93aeaf5,177,1,100,14.618446350097656,0.14618446350097655
2026,random,Full Model (+ViennaRNA 7d),3d5eaa4b3556,177,1,100,13.967779159545898,0.13967779159545898
2026,random,Full Model (+ViennaRNA 7d),4067ea5de969,177,1,100,20.191741943359375,0.20191741943359376
2026,random,Full Model (+ViennaRNA 7d),407d4fef56da,177,1,100,19.509601593017578,0.19509601593017578
2026,random,Full Model (+ViennaRNA 7d),425ef6f4891e,115,3,207,33.17324495315552,0.16025722199592038
2026,random,Full Model (+ViennaRNA 7d),4436038443ae,177,1,100,21.118228912353516,0.21118228912353515
2026,random,Full Model (+ViennaRNA 7d),44bef388f93c,177,1,100,17.92104148864746,0.1792104148864746
2026,random,Full Model (+ViennaRNA 7d),473f8a76ad35,177,1,100,21.015596389770508,0.21015596389770508
2026,random,Full Model (+ViennaRNA 7d),47e70bea92cb,177,1,100,21.552490234375,0.21552490234375
2026,random,Full Model (+ViennaRNA 7d),48ce5ae2bbd0,177,1,100,28.843385696411133,0.28843385696411133
2026,random,Full Model (+ViennaRNA 7d),4b4008b731a6,177,1,100,24.078407287597656,0.24078407287597656
2026,random,Full Model (+ViennaRNA 7d),4c2e91d47371,177,1,100,20.754825592041016,0.20754825592041015
2026,random,Full Model (+ViennaRNA 7d),4c4a792fef44,177,1,100,16.99300765991211,0.1699300765991211
2026,random,Full Model (+ViennaRNA 7d),4eb42f96ee6e,177,1,100,13.993865966796875,0.13993865966796876
2026,random,Full Model (+ViennaRNA 7d),4f61f14d7ccd,177,1,100,35.020347595214844,0.35020347595214846
2026,random,Full Model (+ViennaRNA 7d),516f03eda3bd,177,1,100,25.667465209960938,0.2566746520996094
2026,random,Full Model (+ViennaRNA 7d),51eb05be889c,177,1,100,12.899733543395996,0.12899733543395997
2026,random,Full Model (+ViennaRNA 7d),52881c2d896b,177,1,100,30.702795028686523,0.30702795028686525
2026,random,Full Model (+ViennaRNA 7d),5382aa6b3a3e,170,1,103,26.756938934326172,0.25977610615850655
2026,random,Full Model (+ViennaRNA 7d),543016117713,177,1,100,27.908977508544922,0.27908977508544924
2026,random,Full Model (+ViennaRNA 7d),56340500f232,177,1,100,11.280328750610352,0.11280328750610352
2026,random,Full Model (+ViennaRNA 7d),56834490e48c,177,1,100,13.265344619750977,0.13265344619750977
2026,random,Full Model (+ViennaRNA 7d),57b301d4b23c,177,1,100,18.917152404785156,0.18917152404785156
2026,random,Full Model (+ViennaRNA 7d),59f78fe3e6e1,177,1,100,13.290888786315918,0.1329088878631592
2026,random,Full Model (+ViennaRNA 7d),5a1ac43bb51f,177,1,100,38.24392318725586,0.38243923187255857
2026,random,Full Model (+ViennaRNA 7d),5ad59819262c,177,1,100,13.840860366821289,0.1384086036682129
2026,random,Full Model (+ViennaRNA 7d),5b6873b846ac,177,1,100,10.745849609375,0.10745849609375
2026,random,Full Model (+ViennaRNA 7d),5db27aa280ac,177,1,100,19.792959213256836,0.19792959213256836
2026,random,Full Model (+ViennaRNA 7d),5f589c58a1e5,177,1,100,10.588354110717773,0.10588354110717774
2026,random,Full Model (+ViennaRNA 7d),6303e65be1f9,177,1,100,27.15224838256836,0.2715224838256836
2026,random,Full Model (+ViennaRNA 7d),6566b9d16a4f,177,2,200,31.427719116210938,0.1571385955810547
2026,random,Full Model (+ViennaRNA 7d),66ffec07e4eb,177,1,100,17.569517135620117,0.17569517135620116
2026,random,Full Model (+ViennaRNA 7d),681f424d2a28,177,1,100,22.425830841064453,0.22425830841064454
2026,random,Full Model (+ViennaRNA 7d),69eb3238a425,177,1,100,16.25857162475586,0.1625857162475586
2026,random,Full Model (+ViennaRNA 7d),6af096752fb1,177,1,100,10.620534896850586,0.10620534896850586
2026,random,Full Model (+ViennaRNA 7d),6bef2e6199c5,177,1,100,24.127758026123047,0.24127758026123047
2026,random,Full Model (+ViennaRNA 7d),6c58175512b8,177,1,100,10.479514122009277,0.10479514122009277
2026,random,Full Model (+ViennaRNA 7d),6cecd82a8297,177,1,100,28.450241088867188,0.2845024108886719
2026,random,Full Model (+ViennaRNA 7d),6e0e8fab5c50,177,1,100,16.692798614501953,0.16692798614501952
2026,random,Full Model (+ViennaRNA 7d),6e4b8bc6a732,177,1,100,24.086633682250977,0.24086633682250977
2026,random,Full Model (+ViennaRNA 7d),6e643483a2f3,170,1,103,30.131793975830078,0.2925416890857289
2026,random,Full Model (+ViennaRNA 7d),70eecb8b1ddd,177,1,100,12.081778526306152,0.12081778526306153
2026,random,Full Model (+ViennaRNA 7d),72445f6483f6,177,1,100,32.547035217285156,0.3254703521728516
2026,random,Full Model (+ViennaRNA 7d),72d6523439bc,177,1,100,23.300477981567383,0.23300477981567383
2026,random,Full Model (+ViennaRNA 7d),7340051cbcda,177,1,100,16.495670318603516,0.16495670318603517
2026,random,Full Model (+ViennaRNA 7d),75604c2f991f,177,1,100,14.770792007446289,0.1477079200744629
2026,random,Full Model (+ViennaRNA 7d),777cb59044bb,177,1,100,13.628484725952148,0.13628484725952147
2026,random,Full Model (+ViennaRNA 7d),787c9c25d533,177,1,100,15.021734237670898,0.15021734237670897
2026,random,Full Model (+ViennaRNA 7d),7b3e71bbe05f,177,1,100,20.203792572021484,0.20203792572021484
2026,random,Full Model (+ViennaRNA 7d),7b700750f538,177,2,200,36.937015533447266,0.18468507766723632
2026,random,Full Model (+ViennaRNA 7d),7b8e1643f60f,177,1,100,18.775970458984375,0.18775970458984376
2026,random,Full Model (+ViennaRNA 7d),7c99cd421bef,177,1,100,22.577518463134766,0.22577518463134766
2026,random,Full Model (+ViennaRNA 7d),7dba70a356c4,177,1,100,22.37604522705078,0.2237604522705078
2026,random,Full Model (+ViennaRNA 7d),803a17a5c1c8,177,1,100,8.94778060913086,0.08947780609130859
2026,random,Full Model (+ViennaRNA 7d),80631598f86f,177,1,100,15.408474922180176,0.15408474922180176
2026,random,Full Model (+ViennaRNA 7d),807abc329263,177,1,100,23.64439582824707,0.2364439582824707
2026,random,Full Model (+ViennaRNA 7d),80fa18d8ce56,177,1,100,18.480270385742188,0.18480270385742187
2026,random,Full Model (+ViennaRNA 7d),814435e2f515,177,1,100,15.819952011108398,0.15819952011108399
2026,random,Full Model (+ViennaRNA 7d),819f3bba1521,177,1,100,19.511043548583984,0.19511043548583984
2026,random,Full Model (+ViennaRNA 7d),8270669437e3,170,1,103,22.204641342163086,0.21557904215692317
2026,random,Full Model (+ViennaRNA 7d),831d0e00c1ca,177,1,100,12.595301628112793,0.12595301628112793
2026,random,Full Model (+ViennaRNA 7d),84b6668ed69a,177,1,100,30.255104064941406,0.30255104064941407
2026,random,Full Model (+ViennaRNA 7d),851f33bb5b99,177,2,200,36.63554763793945,0.18317773818969726
2026,random,Full Model (+ViennaRNA 7d),86cc9f022072,177,1,100,27.440425872802734,0.2744042587280273
2026,random,Full Model (+ViennaRNA 7d),8719373052f3,177,1,100,19.479825973510742,0.19479825973510742
2026,random,Full Model (+ViennaRNA 7d),87ba6aa041c5,177,1,100,20.05186653137207,0.2005186653137207
2026,random,Full Model (+ViennaRNA 7d),8866b39d0dbc,177,1,100,14.124205589294434,0.14124205589294433
2026,random,Full Model (+ViennaRNA 7d),88a6e9e3dabc,177,1,100,28.47039031982422,0.2847039031982422
2026,random,Full Model (+ViennaRNA 7d),88cd62ad83dc,177,1,100,10.94141674041748,0.10941416740417481
2026,random,Full Model (+ViennaRNA 7d),8951cda616ab,177,1,100,9.568619728088379,0.09568619728088379
2026,random,Full Model (+ViennaRNA 7d),89acfee2dd1e,177,1,100,34.13087844848633,0.3413087844848633
2026,random,Full Model (+ViennaRNA 7d),8bbcfb9df552,177,1,100,24.125707626342773,0.24125707626342774
2026,random,Full Model (+ViennaRNA 7d),8d65802c93f6,177,1,100,16.893665313720703,0.16893665313720704
2026,random,Full Model (+ViennaRNA 7d),8d8898afeacd,177,1,100,25.10266876220703,0.2510266876220703
2026,random,Full Model (+ViennaRNA 7d),8da9117f426e,177,1,100,22.73910903930664,0.2273910903930664
2026,random,Full Model (+ViennaRNA 7d),8fc727a29eab,177,1,100,12.38746452331543,0.12387464523315429
2026,random,Full Model (+ViennaRNA 7d),915d2eedd3bf,177,2,200,46.19306755065918,0.2309653377532959
2026,random,Full Model (+ViennaRNA 7d),91780f043406,177,1,100,27.445350646972656,0.27445350646972655
2026,random,Full Model (+ViennaRNA 7d),922507e201d3,177,1,100,9.667975425720215,0.09667975425720216
2026,random,Full Model (+ViennaRNA 7d),929650a237b9,177,1,100,12.934708595275879,0.1293470859527588
2026,random,Full Model (+ViennaRNA 7d),944239be6004,177,1,100,16.80986213684082,0.1680986213684082
2026,random,Full Model (+ViennaRNA 7d),972ed350fb2b,177,1,100,35.55718231201172,0.3555718231201172
2026,random,Full Model (+ViennaRNA 7d),976ff9c0495d,177,1,100,18.61676788330078,0.1861676788330078
2026,random,Full Model (+ViennaRNA 7d),977d8b31b015,177,1,100,15.947955131530762,0.1594795513153076
2026,random,Full Model (+ViennaRNA 7d),97fb190455b5,177,1,100,17.066726684570312,0.17066726684570313
2026,random,Full Model (+ViennaRNA 7d),989362102b4a,177,1,100,8.739131927490234,0.08739131927490235
2026,random,Full Model (+ViennaRNA 7d),98a61599d61d,177,1,100,23.283126831054688,0.23283126831054687
2026,random,Full Model (+ViennaRNA 7d),99749eca5b03,177,1,100,13.57131576538086,0.1357131576538086
2026,random,Full Model (+ViennaRNA 7d),9a462a03096b,177,1,100,13.831681251525879,0.1383168125152588
2026,random,Full Model (+ViennaRNA 7d),9a6a4f63f2be,177,1,100,24.367855072021484,0.24367855072021485
2026,random,Full Model (+ViennaRNA 7d),9a8223d89a30,177,1,100,14.68941879272461,0.1468941879272461
2026,random,Full Model (+ViennaRNA 7d),9ac65806a800,177,1,100,12.360153198242188,0.12360153198242188
2026,random,Full Model (+ViennaRNA 7d),9bc7e2a7f83a,115,1,69,16.86324691772461,0.24439488286557404
2026,random,Full Model (+ViennaRNA 7d),9d5f7013084c,177,1,100,29.52826690673828,0.2952826690673828
2026,random,Full Model (+ViennaRNA 7d),9daa955b65af,115,3,207,42.89976501464844,0.2072452416166591
2026,random,Full Model (+ViennaRNA 7d),9e90976be28e,177,1,100,26.903366088867188,0.26903366088867187
2026,random,Full Model (+ViennaRNA 7d),a06d91676a20,177,1,100,19.237323760986328,0.19237323760986327
2026,random,Full Model (+ViennaRNA 7d),a0b0ef4e1f35,177,1,100,19.681217193603516,0.19681217193603515
2026,random,Full Model (+ViennaRNA 7d),a105b526b8dc,177,1,100,24.843467712402344,0.24843467712402345
2026,random,Full Model (+ViennaRNA 7d),a1fefb14b835,170,1,103,23.379680633544922,0.22698719061694098
2026,random,Full Model (+ViennaRNA 7d),a243952c28ea,177,1,100,22.070362091064453,0.22070362091064452
2026,random,Full Model (+ViennaRNA 7d),a424ac1d4a52,177,1,100,19.094284057617188,0.19094284057617186
2026,random,Full Model (+ViennaRNA 7d),a5088241dda4,177,1,100,19.08556365966797,0.1908556365966797
2026,random,Full Model (+ViennaRNA 7d),a8718d937714,177,1,100,18.293725967407227,0.18293725967407226
2026,random,Full Model (+ViennaRNA 7d),ab1e419ea120,177,1,100,13.323528289794922,0.13323528289794923
2026,random,Full Model (+ViennaRNA 7d),abe0c14c2ecf,177,1,100,18.904083251953125,0.18904083251953124
2026,random,Full Model (+ViennaRNA 7d),ac56a24c00ae,177,1,100,21.405284881591797,0.21405284881591796
2026,random,Full Model (+ViennaRNA 7d),ae32d5576d78,177,1,100,36.237457275390625,0.3623745727539063
2026,random,Full Model (+ViennaRNA 7d),b0af9222dd8f,177,1,100,12.893290519714355,0.12893290519714357
2026,random,Full Model (+ViennaRNA 7d),b0ba773e0fa3,177,1,100,21.868816375732422,0.21868816375732422
2026,random,Full Model (+ViennaRNA 7d),b10323c415dc,177,1,100,11.112886428833008,0.11112886428833008
2026,random,Full Model (+ViennaRNA 7d),b353b38ef89a,177,1,100,10.550878524780273,0.10550878524780273
2026,random,Full Model (+ViennaRNA 7d),b3b4a16c3cb0,177,1,100,13.915481567382812,0.13915481567382812
2026,random,Full Model (+ViennaRNA 7d),b45a1c2acaf7,177,1,100,14.74331283569336,0.1474331283569336
2026,random,Full Model (+ViennaRNA 7d),b45f64bff0ec,170,1,103,29.30524444580078,0.2845169363669979
2026,random,Full Model (+ViennaRNA 7d),b58966773d48,177,1,100,23.85443115234375,0.2385443115234375
2026,random,Full Model (+ViennaRNA 7d),b6a20c074b42,177,1,100,8.591019630432129,0.08591019630432128
2026,random,Full Model (+ViennaRNA 7d),bb3f9866fb78,177,1,100,14.85484504699707,0.1485484504699707
2026,random,Full Model (+ViennaRNA 7d),bba029af6113,177,1,100,27.03179359436035,0.27031793594360354
2026,random,Full Model (+ViennaRNA 7d),bd49e78c5fc6,177,1,100,23.11297035217285,0.2311297035217285
2026,random,Full Model (+ViennaRNA 7d),bd9c43ea1b3a,177,1,100,16.056642532348633,0.16056642532348633
2026,random,Full Model (+ViennaRNA 7d),bdb01a966035,177,1,100,25.00239372253418,0.2500239372253418
2026,random,Full Model (+ViennaRNA 7d),bf52fe408d2d,170,1,103,23.59085464477539,0.2290374237356834
2026,random,Full Model (+ViennaRNA 7d),c12c53d05954,177,1,100,20.663822174072266,0.20663822174072266
2026,random,Full Model (+ViennaRNA 7d),c3e8658ea020,177,1,100,19.977365493774414,0.19977365493774413
2026,random,Full Model (+ViennaRNA 7d),c516516687ad,206,1,139,22.248233795166016,0.16005923593644616
2026,random,Full Model (+ViennaRNA 7d),c6158741f146,155,2,218,34.83477783203125,0.15979255886252866
2026,random,Full Model (+ViennaRNA 7d),c63697fb7d10,115,1,69,13.593361854553223,0.1970052442688873
2026,random,Full Model (+ViennaRNA 7d),c75b2d358afd,170,1,103,35.066829681396484,0.34045465710093675
2026,random,Full Model (+ViennaRNA 7d),c79d1823a62a,177,1,100,20.694732666015625,0.20694732666015625
2026,random,Full Model (+ViennaRNA 7d),c8d0641e7611,177,1,100,13.314635276794434,0.13314635276794434
2026,random,Full Model (+ViennaRNA 7d),ca2055b0bc50,177,1,100,21.511028289794922,0.21511028289794923
2026,random,Full Model (+ViennaRNA 7d),ca7ef59e8a1f,177,1,100,16.09473991394043,0.16094739913940428
2026,random,Full Model (+ViennaRNA 7d),cc85c5cf1b74,177,1,100,27.979215621948242,0.27979215621948245
2026,random,Full Model (+ViennaRNA 7d),ce363e7d2b21,177,1,100,18.445219039916992,0.18445219039916994
2026,random,Full Model (+ViennaRNA 7d),cee1ae18f9ba,177,1,100,30.4256649017334,0.30425664901733396
2026,random,Full Model (+ViennaRNA 7d),d082ba6874b8,177,1,100,18.316585540771484,0.18316585540771485
2026,random,Full Model (+ViennaRNA 7d),d22c898564c6,170,1,103,36.2252311706543,0.35170127350149805
2026,random,Full Model (+ViennaRNA 7d),d22eb18e379f,177,1,100,17.116914749145508,0.17116914749145506
2026,random,Full Model (+ViennaRNA 7d),d2ff03fe8f31,177,1,100,20.962966918945312,0.20962966918945314
2026,random,Full Model (+ViennaRNA 7d),d4d4798aece8,177,2,200,57.91730499267578,0.2895865249633789
2026,random,Full Model (+ViennaRNA 7d),d4ebee2dcd9f,177,1,100,15.674348831176758,0.15674348831176757
2026,random,Full Model (+ViennaRNA 7d),d6a643cf0586,177,1,100,11.407381057739258,0.11407381057739258
2026,random,Full Model (+ViennaRNA 7d),d70bbd49b4bc,177,2,200,42.11488342285156,0.2105744171142578
2026,random,Full Model (+ViennaRNA 7d),d7a8b2131ba8,177,1,100,17.384944915771484,0.17384944915771483
2026,random,Full Model (+ViennaRNA 7d),d83ac864c470,177,1,100,17.52857208251953,0.1752857208251953
2026,random,Full Model (+ViennaRNA 7d),d8524c7987d9,177,1,100,10.828714370727539,0.1082871437072754
2026,random,Full Model (+ViennaRNA 7d),db473c1c9134,177,1,100,15.768595695495605,0.15768595695495605
2026,random,Full Model (+ViennaRNA 7d),db984589a911,177,1,100,16.953187942504883,0.16953187942504883
2026,random,Full Model (+ViennaRNA 7d),ddaba4d0f57a,177,1,100,20.524139404296875,0.20524139404296876
2026,random,Full Model (+ViennaRNA 7d),ddc7771b98ea,177,2,200,28.08832836151123,0.14044164180755614
2026,random,Full Model (+ViennaRNA 7d),e17505dfad4f,177,1,100,22.748199462890625,0.22748199462890625
2026,random,Full Model (+ViennaRNA 7d),e2566b3e73bc,177,1,100,11.596385955810547,0.11596385955810547
2026,random,Full Model (+ViennaRNA 7d),e4990f59c0e6,177,1,100,16.277389526367188,0.16277389526367186
2026,random,Full Model (+ViennaRNA 7d),e5f912daeacc,170,1,103,36.1583251953125,0.3510517009253641
2026,random,Full Model (+ViennaRNA 7d),e85dbbc1e389,177,1,100,17.10449981689453,0.1710449981689453
2026,random,Full Model (+ViennaRNA 7d),e94324fb08d2,177,1,100,13.438523292541504,0.13438523292541504
2026,random,Full Model (+ViennaRNA 7d),ea440686c5f3,177,1,100,16.636014938354492,0.16636014938354493
2026,random,Full Model (+ViennaRNA 7d),ea828aee2706,170,1,103,15.677756309509277,0.15221122630591533
2026,random,Full Model (+ViennaRNA 7d),eaa924622a92,177,1,100,20.6080322265625,0.206080322265625
2026,random,Full Model (+ViennaRNA 7d),eb86cc06ac7d,177,1,100,19.995094299316406,0.19995094299316407
2026,random,Full Model (+ViennaRNA 7d),ec2155bf79b1,177,1,100,15.507516860961914,0.15507516860961915
2026,random,Full Model (+ViennaRNA 7d),edce1b5caf37,177,1,100,20.391921997070312,0.20391921997070311
2026,random,Full Model (+ViennaRNA 7d),ee8a77927da7,177,2,200,28.53514862060547,0.14267574310302733
2026,random,Full Model (+ViennaRNA 7d),ef76ddb4ecf8,177,1,100,27.48504066467285,0.2748504066467285
2026,random,Full Model (+ViennaRNA 7d),f1910a65a0ba,177,1,100,21.372425079345703,0.21372425079345703
2026,random,Full Model (+ViennaRNA 7d),f277d5cbe2b7,177,1,100,15.62512493133545,0.1562512493133545
2026,random,Full Model (+ViennaRNA 7d),f324bf040057,177,1,100,18.608020782470703,0.18608020782470702
2026,random,Full Model (+ViennaRNA 7d),f53fd985bf4f,177,1,100,13.716156005859375,0.13716156005859376
2026,random,Full Model (+ViennaRNA 7d),f7328a417154,177,1,100,22.002819061279297,0.22002819061279297
2026,random,Full Model (+ViennaRNA 7d),f79f1ddf3adf,177,1,100,23.75193977355957,0.23751939773559572
2026,random,Full Model (+ViennaRNA 7d),f7b83ed80d32,115,2,138,27.050352096557617,0.19601704417795374
2026,random,Full Model (+ViennaRNA 7d),f8e4234a38dd,177,1,100,18.864696502685547,0.18864696502685546
2026,random,Full Model (+ViennaRNA 7d),f9ec3cae1256,177,1,100,18.998626708984375,0.18998626708984376
2026,random,Full Model (+ViennaRNA 7d),fa4a785a1e2c,177,1,100,10.96397876739502,0.10963978767395019
2026,random,Full Model (+ViennaRNA 7d),fe0b5fe3429f,115,1,69,16.79281997680664,0.24337420256241507
2026,random,Full Model (+ViennaRNA 7d),ff7b4f60348d,177,1,100,18.97430419921875,0.1897430419921875
2026,random,Full Model (+ViennaRNA 7d),ffc7594f7c75,177,1,100,16.593849182128906,0.16593849182128906
2026,random,Full Model (+ViennaRNA 7d),ffeb117251f6,177,1,100,21.703510284423828,0.21703510284423827
